cart_item_id,cart_id,product_id,quantity,unit_price
1,1,3096,3,64.02
2,1,462,3,85.49
3,2,2559,3,412.53
4,3,3917,3,343.27
5,3,3116,1,81.74
6,3,443,3,346.92
7,3,739,3,413.17
8,3,1907,1,45.2
9,3,339,1,75.93
10,4,3601,1,80.92
11,4,1131,3,415.47
12,4,2598,1,231.85
13,4,4760,1,12.17
14,5,4798,3,311.87
15,5,1008,1,473.44
16,5,480,3,410.05
17,5,2037,3,34.4
18,8,2820,2,234.68
19,8,3578,2,138.83
20,8,2690,1,303.79
21,8,3046,2,131.77
22,9,548,3,140.65
23,9,4733,2,270.42
24,9,2434,1,251.25
25,10,2423,3,280.13
26,11,721,3,258.83
27,11,2731,1,366.02
28,11,2642,3,63.61
29,11,85,3,307.62
30,14,4020,1,8.59
31,14,1326,2,361.96
32,15,1342,3,153.32
33,16,4690,1,456.08
34,16,2555,1,87.76
35,16,4025,2,67.65
36,16,4019,2,456.82
37,17,138,3,453.29
38,17,2797,1,473.53
39,17,545,3,344.2
40,17,3038,3,472.92
41,17,1720,2,255.39
42,17,4243,3,494.67
43,18,4211,1,10.72
44,18,4398,1,398.19
45,18,4474,3,170.35
46,18,748,2,375.59
47,20,2517,2,94.95
48,22,874,2,180.1
49,22,163,3,365.35
50,22,2800,3,238.76
51,22,2695,3,255.3
52,23,4730,2,313.49
53,23,2526,2,315.21
54,23,3040,3,381.69
55,23,396,1,42.48
56,23,4605,2,9.17
57,23,1085,2,407.68
58,25,1632,1,388.99
59,25,2662,3,354.31
60,26,106,1,468.08
61,26,2654,2,454.27
62,27,95,2,184.85
63,27,386,3,240.75
64,27,2838,1,102.24
65,27,1189,1,438.43
66,28,3314,3,30.3
67,28,7,2,91.23
68,28,3866,2,184.9
69,28,3467,2,479.5
70,29,3107,2,177.19
71,30,4127,3,433.33
72,30,2640,2,23.84
73,30,3227,2,237.23
74,30,1500,1,455.57
75,31,4934,2,94.46
76,31,2981,2,202.58
77,31,4006,2,57.04
78,31,2882,2,13.06
79,31,1720,3,255.39
80,32,2438,2,316.0
81,32,3699,3,319.5
82,33,3197,3,137.87
83,33,2137,2,344.69
84,33,3450,2,307.14
85,33,3471,1,377.96
86,33,1879,3,470.45
87,33,152,2,244.33
88,34,280,1,60.08
89,34,431,1,189.88
90,34,4611,1,9.53
91,34,2578,2,231.09
92,34,3833,1,112.94
93,34,3454,1,300.89
94,36,1694,2,235.98
95,37,2845,2,345.59
96,37,350,3,50.99
97,37,3084,2,330.11
98,37,4224,2,458.84
99,37,2853,2,272.12
100,39,3874,2,197.82
101,39,1382,1,429.46
102,39,1114,3,430.85
103,39,1872,1,379.48
104,40,3956,2,484.86
105,41,2818,2,92.58
106,41,3627,3,480.56
107,41,1191,2,384.59
108,41,1398,2,70.2
109,41,2041,1,101.77
110,41,3554,2,153.51
111,42,942,1,32.72
112,43,4190,3,143.3
113,43,3926,2,56.17
114,43,1266,1,354.58
115,43,1587,1,327.45
116,43,4077,3,486.35
117,46,4561,1,179.38
118,46,2658,2,37.01
119,46,3798,1,405.49
120,46,2320,2,217.85
121,46,1267,3,166.92
122,47,468,1,479.02
123,47,2652,3,81.96
124,47,2182,1,286.91
125,48,4183,2,77.5
126,48,2389,3,15.62
127,49,3110,1,8.96
128,50,2771,3,72.14
129,52,4883,3,147.7
130,52,4814,1,129.04
131,52,2537,2,307.55
132,52,2399,1,146.49
133,52,2983,1,393.15
134,52,2021,3,49.6
135,53,2514,1,149.49
136,53,1038,2,373.79
137,53,3769,3,323.69
138,53,1112,2,250.82
139,53,4446,2,67.5
140,54,1635,2,186.5
141,54,4579,3,305.13
142,54,4649,3,130.37
143,54,2027,2,382.47
144,55,2374,3,332.65
145,55,1128,1,432.07
146,55,1110,3,284.11
147,55,1061,2,148.44
148,55,1975,2,455.69
149,55,2877,3,384.86
150,56,821,3,153.06
151,56,3572,2,401.35
152,57,2406,3,151.56
153,57,3232,1,340.54
154,57,65,2,128.17
155,57,3391,3,337.91
156,58,1610,3,175.01
157,59,2119,1,460.16
158,59,1320,3,356.0
159,59,2951,3,110.23
160,59,3750,3,179.09
161,59,1092,3,296.48
162,59,509,3,251.58
163,60,4856,3,226.68
164,60,3648,2,360.47
165,61,4368,1,77.25
166,62,3837,2,316.7
167,62,647,3,207.77
168,62,2421,2,422.01
169,62,2397,3,285.78
170,63,2461,1,192.03
171,67,2156,3,11.46
172,67,1871,1,149.66
173,67,80,1,62.37
174,67,1437,2,378.61
175,67,2429,2,383.31
176,68,263,1,71.87
177,68,1154,2,212.33
178,68,2535,2,97.21
179,68,3850,2,209.17
180,68,2985,1,113.63
181,69,799,3,33.33
182,69,4096,1,259.13
183,69,1307,1,19.38
184,69,2941,2,377.05
185,69,4284,3,131.29
186,70,4809,2,317.84
187,70,377,3,453.5
188,70,4612,1,392.23
189,70,4658,2,432.27
190,70,1817,3,332.52
191,71,1278,3,467.42
192,71,3614,3,34.53
193,71,1944,2,385.71
194,71,799,1,33.33
195,72,786,1,98.47
196,72,233,3,234.52
197,72,1602,1,479.92
198,73,1889,2,330.1
199,73,2748,3,197.24
200,73,4795,2,102.99
201,73,4328,1,359.87
202,73,2555,2,87.76
203,75,689,1,281.83
204,76,1107,1,446.45
205,76,1537,1,100.36
206,76,3214,1,287.79
207,76,52,1,403.69
208,76,2871,1,154.1
209,77,322,2,348.84
210,77,3732,3,401.39
211,77,3959,1,303.95
212,77,3334,2,340.71
213,77,2192,1,113.42
214,77,2516,3,199.48
215,78,4528,3,318.04
216,78,4291,3,64.86
217,78,3699,2,319.5
218,79,921,1,478.45
219,80,2966,1,212.9
220,80,4899,1,23.16
221,80,4719,2,355.86
222,80,191,1,448.78
223,80,2711,2,285.35
224,81,1253,3,317.4
225,81,779,1,189.71
226,81,1285,1,189.53
227,81,4545,3,182.86
228,81,3163,1,472.77
229,82,1871,3,149.66
230,82,2720,3,304.7
231,82,2323,3,383.5
232,82,321,1,192.57
233,82,4722,1,148.29
234,83,1534,1,482.99
235,83,942,2,32.72
236,83,4728,2,252.57
237,83,3539,3,307.35
238,83,624,3,322.53
239,84,4937,1,427.39
240,84,3143,3,202.17
241,84,1294,2,281.04
242,84,1765,1,323.05
243,84,3062,1,439.69
244,84,831,2,328.33
245,86,4486,3,400.09
246,86,4572,3,379.37
247,88,4900,2,134.33
248,88,534,3,282.11
249,89,1132,1,466.57
250,89,405,1,203.3
251,89,1872,2,379.48
252,89,4421,1,396.38
253,89,962,1,282.6
254,91,2541,2,142.14
255,91,41,2,438.21
256,91,1153,2,179.23
257,91,4045,2,196.43
258,91,4517,3,469.34
259,91,2864,2,497.13
260,93,4267,2,164.36
261,93,3795,2,308.65
262,94,427,1,462.81
263,94,4845,2,86.09
264,94,996,2,319.06
265,94,4716,3,131.21
266,94,2002,1,265.87
267,95,97,3,318.66
268,95,1352,3,470.29
269,95,3872,1,114.45
270,95,2261,2,259.77
271,96,103,2,408.55
272,96,1647,3,189.97
273,96,1157,2,64.79
274,97,3983,3,42.81
275,97,3434,3,219.65
276,97,2173,2,67.58
277,97,3166,2,411.58
278,98,1618,2,52.81
279,98,1498,3,407.78
280,99,2348,2,317.0
281,99,302,1,216.64
282,99,4114,2,94.71
283,99,3848,1,87.62
284,99,3716,2,319.9
285,99,2100,2,35.62
286,100,4997,1,273.2
287,100,491,3,490.65
288,100,4118,2,120.95
289,100,4006,3,57.04
290,100,1822,2,82.91
291,100,3628,1,391.57
292,101,3153,1,67.47
293,101,1333,1,269.7
294,101,2101,1,160.62
295,101,1837,3,263.5
296,101,946,2,104.85
297,101,4297,3,330.62
298,102,188,1,289.58
299,103,3013,1,320.28
300,103,4457,2,98.23
301,103,4186,3,37.33
302,104,4993,2,58.29
303,104,3092,3,349.2
304,104,1141,3,25.77
305,104,134,1,463.71
306,105,1802,2,488.84
307,105,554,2,345.3
308,105,2835,1,327.56
309,105,4979,1,184.6
310,105,1496,3,343.96
311,105,762,2,442.56
312,106,2922,2,112.71
313,106,3327,3,175.36
314,106,1482,3,414.15
315,106,558,1,63.09
316,106,2990,3,167.99
317,106,4335,1,406.34
318,107,1219,3,140.92
319,107,4499,2,322.49
320,107,3752,1,131.38
321,109,2910,3,346.41
322,109,4516,3,479.07
323,110,2816,2,97.07
324,111,391,1,340.47
325,111,1961,1,315.92
326,111,4769,1,30.25
327,111,280,2,60.08
328,111,3967,1,85.92
329,112,2685,2,344.2
330,112,2847,3,100.33
331,113,4849,1,230.01
332,113,2247,2,200.96
333,113,2968,1,490.95
334,113,2417,2,113.57
335,114,324,1,424.66
336,114,4690,2,456.08
337,114,3639,3,51.15
338,114,273,2,29.41
339,114,3416,2,413.2
340,115,4459,2,288.9
341,115,4749,3,364.81
342,115,1487,2,270.79
343,115,4938,3,310.65
344,115,3789,2,295.69
345,116,2364,2,396.73
346,116,4591,2,499.26
347,116,4929,2,251.6
348,116,2768,2,377.68
349,117,4288,2,158.28
350,117,956,2,89.01
351,117,4013,3,421.15
352,117,1564,1,318.37
353,117,2569,2,29.92
354,117,2111,3,428.51
355,118,1903,1,376.46
356,118,1112,2,250.82
357,119,2160,2,279.21
358,119,3205,3,264.34
359,120,176,2,201.74
360,120,2729,1,462.37
361,120,1570,1,102.9
362,120,1011,2,305.61
363,120,1671,2,423.46
364,122,1503,2,153.43
365,122,4626,1,380.67
366,123,1685,3,119.75
367,123,3445,2,431.79
368,123,354,3,304.2
369,124,1220,3,204.62
370,124,1799,2,346.5
371,124,4670,1,100.89
372,124,2235,1,234.56
373,125,4717,1,363.59
374,125,1074,3,423.33
375,125,2996,3,293.48
376,125,537,2,450.78
377,126,1881,2,424.48
378,126,1799,2,346.5
379,126,2740,1,212.84
380,126,1374,2,17.98
381,126,875,3,71.17
382,126,3203,3,413.31
383,127,3618,1,244.18
384,127,1609,3,130.33
385,127,3672,1,461.64
386,127,4329,3,302.26
387,127,100,1,210.16
388,127,2799,2,272.22
389,130,3659,2,397.52
390,130,2102,3,301.75
391,130,4227,2,95.14
392,130,97,2,318.66
393,130,276,3,462.45
394,130,1914,2,461.93
395,131,4523,3,349.4
396,131,2625,3,298.15
397,132,2715,3,384.39
398,132,1898,2,451.61
399,132,4305,2,108.27
400,132,1428,1,337.94
401,132,197,1,383.3
402,132,433,3,89.74
403,133,4316,2,400.23
404,133,4202,1,197.49
405,133,4241,2,198.31
406,133,859,2,423.4
407,133,1865,2,52.18
408,134,402,3,351.53
409,134,2162,2,262.42
410,134,4746,1,431.05
411,135,3997,2,220.31
412,135,476,2,155.44
413,135,3634,1,155.61
414,135,882,2,405.93
415,136,2212,3,480.12
416,136,1899,3,425.24
417,136,1245,2,395.42
418,137,4880,2,407.41
419,137,4283,2,356.72
420,137,1322,2,147.77
421,137,1665,2,39.79
422,137,2334,2,97.3
423,137,3287,3,109.36
424,138,4344,2,432.21
425,138,1026,3,451.63
426,139,2775,2,16.91
427,139,4845,3,86.09
428,139,2496,1,153.12
429,139,3414,2,179.02
430,140,1604,2,26.84
431,140,2787,3,305.59
432,140,3850,1,209.17
433,140,2874,2,217.32
434,140,2502,2,411.43
435,140,253,3,114.26
436,141,2691,1,249.16
437,141,2924,1,371.35
438,141,4864,1,323.94
439,141,1498,2,407.78
440,141,4114,1,94.71
441,142,3454,2,300.89
442,142,1027,3,473.84
443,146,790,1,39.57
444,146,2879,2,269.06
445,147,1842,3,29.25
446,147,2716,3,161.13
447,147,3533,2,169.03
448,147,1541,2,255.79
449,147,4258,3,136.29
450,148,2265,1,185.51
451,148,1564,3,318.37
452,148,628,1,170.57
453,148,233,2,234.52
454,148,4336,1,440.35
455,149,49,2,499.72
456,151,832,1,336.05
457,151,2144,2,19.89
458,151,1930,3,172.54
459,151,1457,3,267.24
460,153,18,1,218.51
461,153,1048,3,97.74
462,153,4738,3,268.23
463,154,2779,3,85.62
464,154,1513,1,394.55
465,154,2340,2,471.34
466,154,3316,3,165.47
467,154,2032,3,8.75
468,155,4018,1,76.29
469,155,2421,3,422.01
470,155,2493,2,221.83
471,155,449,2,175.89
472,156,881,2,144.16
473,156,1305,1,92.93
474,156,4201,3,205.82
475,158,62,2,387.9
476,158,1629,3,270.15
477,158,3176,2,104.84
478,158,604,1,213.89
479,158,1771,3,487.69
480,159,4730,2,313.49
481,160,3197,3,137.87
482,160,727,3,227.74
483,161,4803,2,475.69
484,161,4385,3,226.09
485,163,1919,2,60.75
486,163,1310,3,425.9
487,163,4701,1,24.44
488,163,1487,1,270.79
489,163,2824,3,489.55
490,164,3219,1,203.09
491,164,2385,2,432.16
492,167,3661,3,192.65
493,167,509,2,251.58
494,167,4679,3,82.53
495,167,1437,3,378.61
496,167,398,3,407.34
497,169,3078,3,288.47
498,169,4898,1,90.46
499,169,2934,3,43.13
500,170,2197,3,165.65
501,170,3588,1,413.2
502,170,2645,3,109.88
503,170,1196,1,192.04
504,171,546,2,199.52
505,172,1072,3,233.34
506,172,1272,1,479.46
507,172,2837,3,311.24
508,172,393,3,21.85
509,172,4625,2,299.37
510,173,452,2,250.68
511,174,677,3,68.48
512,174,2495,3,223.35
513,174,2875,3,112.1
514,174,4221,1,496.05
515,174,3003,2,187.3
516,175,414,2,89.49
517,175,3531,3,405.4
518,175,1285,3,189.53
519,175,4068,2,479.75
520,175,4238,1,25.11
521,175,4799,2,87.27
522,176,4003,3,227.51
523,176,3170,1,181.09
524,176,452,2,250.68
525,176,2907,2,151.98
526,176,1222,2,295.72
527,177,96,2,184.83
528,177,463,1,464.27
529,177,150,1,49.82
530,178,1223,1,369.95
531,178,3546,2,308.5
532,178,1254,2,296.25
533,178,2653,3,171.8
534,178,3321,1,132.48
535,180,2837,3,311.24
536,181,3456,1,113.82
537,181,4732,1,345.03
538,181,4370,2,268.19
539,181,2624,3,105.3
540,182,1154,2,212.33
541,183,517,2,297.28
542,183,4741,1,479.03
543,183,4570,2,52.65
544,183,863,3,370.8
545,183,1332,2,21.26
546,183,4045,3,196.43
547,184,2087,3,130.98
548,185,3867,3,385.45
549,185,2686,3,418.39
550,185,4681,3,108.8
551,186,2676,2,91.84
552,187,4847,3,326.95
553,188,3912,1,224.21
554,188,361,3,73.76
555,188,2342,3,472.65
556,188,148,2,291.56
557,189,4014,2,44.23
558,190,2799,2,272.22
559,190,2999,2,216.5
560,191,4324,1,247.55
561,191,863,1,370.8
562,191,1835,3,304.41
563,192,4764,2,68.96
564,192,2378,3,117.56
565,192,4336,2,440.35
566,192,3221,1,107.97
567,192,2647,1,456.87
568,192,358,1,336.45
569,193,2867,1,448.22
570,193,1502,3,366.83
571,193,445,3,455.45
572,194,2626,1,108.88
573,194,3170,1,181.09
574,194,1433,1,397.85
575,194,1409,2,348.38
576,194,406,1,232.52
577,195,3448,3,101.95
578,195,1676,1,223.88
579,195,4772,3,407.12
580,195,150,3,49.82
581,195,3451,1,452.33
582,195,1085,2,407.68
583,196,630,3,272.27
584,196,3543,2,355.73
585,196,1824,1,368.04
586,196,504,1,203.31
587,198,1532,3,92.67
588,198,473,3,265.02
589,198,3811,1,463.18
590,198,2424,2,244.41
591,198,1760,2,181.35
592,199,4811,1,57.15
593,199,898,2,376.61
594,200,3574,2,234.59
595,200,678,3,365.8
596,200,2956,1,340.03
597,201,3001,3,186.2
598,201,4218,2,459.61
599,201,2005,2,90.77
600,202,2930,2,153.58
601,202,3529,3,65.02
602,202,3858,3,183.94
603,203,2789,3,271.69
604,203,4507,3,41.71
605,203,2163,1,245.22
606,203,532,3,423.75
607,203,3605,1,83.74
608,203,3613,1,134.21
609,204,4350,1,248.53
610,204,4892,3,433.13
611,204,3542,2,356.01
612,204,3761,2,58.33
613,204,340,1,358.27
614,204,3625,2,39.23
615,205,1489,3,261.52
616,205,427,2,462.81
617,205,4532,1,173.57
618,205,497,3,270.88
619,206,2451,2,428.03
620,206,4165,1,213.38
621,208,3317,1,113.86
622,208,4624,2,461.55
623,209,3780,2,419.01
624,209,3089,1,463.29
625,209,4393,2,66.34
626,209,3202,1,97.96
627,210,1931,1,320.14
628,210,2681,2,449.75
629,210,1419,2,306.97
630,211,3228,3,348.18
631,211,3961,3,344.15
632,211,1112,3,250.82
633,211,2522,2,490.16
634,211,1571,3,13.39
635,212,2059,3,456.42
636,212,920,3,440.1
637,212,2789,3,271.69
638,213,595,2,329.62
639,213,1143,2,61.03
640,213,3671,1,458.94
641,213,4841,2,378.24
642,213,237,2,159.49
643,215,3065,2,240.04
644,215,1019,2,66.43
645,215,3657,2,404.91
646,216,392,1,10.92
647,216,2132,1,447.43
648,216,2612,2,486.91
649,216,1054,3,344.46
650,216,174,2,106.68
651,217,4400,1,360.18
652,218,622,3,224.08
653,218,3253,1,349.56
654,218,1524,1,297.21
655,218,2372,1,19.38
656,219,608,3,198.23
657,219,1092,1,296.48
658,220,1887,2,402.63
659,221,622,1,224.08
660,221,2356,2,277.61
661,221,957,2,40.21
662,221,2090,3,140.43
663,221,4002,2,433.86
664,221,4653,3,413.49
665,222,2932,3,68.74
666,222,2484,3,416.71
667,222,2211,1,315.3
668,222,1506,1,112.39
669,223,4421,1,396.38
670,223,1100,1,206.97
671,223,2148,1,256.42
672,224,4414,1,223.96
673,224,3291,3,350.16
674,225,2690,1,303.79
675,226,4679,2,82.53
676,227,3963,2,300.57
677,228,1648,3,378.94
678,228,888,1,54.88
679,228,4706,2,75.22
680,228,2868,2,412.32
681,228,2836,2,157.14
682,230,4731,1,236.67
683,230,1416,2,66.12
684,230,2391,3,371.32
685,230,3906,2,174.96
686,230,2617,3,234.48
687,230,2971,3,113.93
688,231,292,2,73.6
689,231,936,2,185.8
690,231,1463,1,5.86
691,231,4917,3,164.76
692,232,4212,2,51.87
693,232,1537,2,100.36
694,232,2535,2,97.21
695,232,1937,1,378.71
696,232,2432,1,236.21
697,232,2793,1,470.04
698,233,2881,2,481.51
699,235,273,2,29.41
700,235,1073,2,309.53
701,235,1560,2,456.13
702,236,2124,1,328.15
703,236,2130,1,38.3
704,236,266,2,153.65
705,237,1276,1,391.6
706,237,3523,1,180.44
707,237,1239,3,295.49
708,238,1284,2,231.73
709,239,3628,2,391.57
710,239,4282,1,368.16
711,239,4747,2,199.7
712,240,843,1,303.06
713,240,2566,3,234.49
714,240,4000,2,460.96
715,240,3310,1,344.9
716,241,228,1,314.53
717,241,4206,1,62.32
718,241,3488,1,459.74
719,242,3781,1,186.66
720,242,3908,1,260.28
721,242,3487,1,432.94
722,242,4801,1,335.47
723,242,4943,3,19.1
724,242,2386,1,295.94
725,243,2275,2,187.13
726,243,1972,3,397.19
727,244,1724,1,146.8
728,245,3155,1,52.13
729,245,3282,2,353.48
730,245,28,1,200.43
731,245,1889,1,330.1
732,245,3906,1,174.96
733,246,3466,1,364.36
734,246,4550,3,367.21
735,246,1318,2,292.01
736,247,2005,3,90.77
737,248,1847,2,367.98
738,248,2760,3,241.09
739,248,3403,1,319.85
740,248,2591,1,39.66
741,248,3875,2,275.56
742,248,4660,3,334.5
743,249,4514,3,57.55
744,249,1390,2,444.97
745,249,4118,1,120.95
746,249,2002,1,265.87
747,250,1414,2,243.06
748,250,40,3,260.06
749,250,4282,1,368.16
750,250,4092,1,121.52
751,250,2318,2,88.52
752,252,2306,3,334.18
753,252,4701,2,24.44
754,253,2964,2,403.96
755,254,2004,3,377.61
756,254,2341,2,156.15
757,255,2792,3,292.55
758,255,3431,1,237.81
759,255,2072,1,499.53
760,255,3862,1,6.32
761,256,2689,1,379.33
762,256,556,2,315.18
763,256,3294,2,168.5
764,256,4492,1,490.29
765,257,2365,1,213.95
766,257,3454,3,300.89
767,257,2253,1,79.66
768,257,1884,2,432.1
769,258,2556,3,206.5
770,258,2583,1,332.77
771,258,3219,3,203.09
772,259,3447,1,128.44
773,259,1624,2,193.08
774,259,4955,1,249.39
775,260,2537,2,307.55
776,260,991,3,401.66
777,261,1923,3,51.79
778,261,2297,1,216.28
779,262,4576,3,223.47
780,262,2354,3,306.69
781,262,1598,1,444.24
782,263,4823,3,149.09
783,264,1508,1,58.78
784,264,4307,1,394.38
785,264,1124,1,456.46
786,264,597,3,99.45
787,264,83,2,326.18
788,267,3628,3,391.57
789,267,4281,3,301.83
790,268,535,2,19.43
791,268,3989,1,196.37
792,268,2796,2,302.32
793,268,775,2,193.8
794,268,744,2,362.59
795,268,44,2,419.64
796,269,4151,2,115.23
797,269,2472,2,335.95
798,269,1505,1,197.28
799,270,1052,1,388.75
800,270,1356,3,298.51
801,270,2354,2,306.69
802,270,1651,1,269.97
803,271,198,2,492.75
804,271,1598,2,444.24
805,272,423,2,493.37
806,273,2744,1,215.68
807,273,4946,2,131.21
808,273,2000,3,363.89
809,273,2422,1,269.32
810,273,1356,2,298.51
811,273,308,3,390.47
812,274,4425,2,136.42
813,275,3115,1,331.5
814,275,3483,2,252.67
815,275,3774,3,284.11
816,275,4514,3,57.55
817,275,2774,1,288.46
818,275,727,3,227.74
819,276,1318,2,292.01
820,277,1190,2,272.18
821,277,1038,3,373.79
822,277,334,3,421.99
823,278,3832,1,314.12
824,278,767,2,394.55
825,278,3636,3,114.17
826,278,3416,3,413.2
827,278,1831,2,361.86
828,279,2628,2,56.96
829,279,2197,2,165.65
830,279,3836,3,376.57
831,280,2737,1,14.29
832,280,2158,2,308.99
833,280,854,1,268.18
834,281,756,3,408.73
835,281,352,3,199.08
836,281,4359,1,402.78
837,282,1376,3,139.18
838,282,3136,3,26.4
839,283,124,2,163.86
840,283,920,2,440.1
841,283,1583,3,352.4
842,283,1979,1,165.37
843,283,1104,1,30.48
844,283,3003,3,187.3
845,284,4421,2,396.38
846,284,1387,3,212.52
847,284,2393,1,234.99
848,284,3988,2,74.75
849,284,1447,2,414.59
850,285,341,3,169.98
851,285,3085,3,275.02
852,287,3974,3,395.76
853,287,891,1,195.1
854,287,3330,3,184.1
855,287,2951,3,110.23
856,287,974,1,76.59
857,288,4992,3,302.6
858,288,158,2,43.16
859,288,1692,2,304.98
860,288,1538,1,297.95
861,289,852,1,404.37
862,289,1364,1,400.06
863,290,2893,3,484.47
864,290,3932,2,262.18
865,290,2105,2,29.75
866,291,1076,3,346.84
867,291,97,2,318.66
868,291,78,2,55.14
869,291,2059,1,456.42
870,291,4171,3,308.74
871,292,803,1,369.23
872,292,4383,2,209.42
873,293,2207,2,296.99
874,293,2638,2,235.43
875,293,76,3,250.7
876,293,109,2,214.08
877,293,4575,3,413.9
878,293,666,2,65.87
879,294,4451,2,445.18
880,294,4755,1,397.04
881,294,2929,3,95.31
882,295,3794,3,137.53
883,295,2612,2,486.91
884,296,787,3,268.93
885,296,106,2,468.08
886,296,3686,3,299.24
887,296,2105,3,29.75
888,296,2446,3,166.7
889,297,3724,1,316.39
890,297,4835,2,275.46
891,297,3307,2,170.87
892,298,3308,2,319.83
893,298,2600,2,359.09
894,298,1253,1,317.4
895,298,1168,3,147.48
896,298,4850,3,63.31
897,299,1843,2,24.49
898,300,3122,2,468.32
899,300,4398,1,398.19
900,300,3972,3,145.69
901,300,876,2,480.05
902,301,3243,3,459.66
903,301,3565,1,415.92
904,301,2245,1,425.99
905,302,1844,1,309.03
906,302,2028,1,495.1
907,303,4485,1,18.94
908,303,2889,3,103.53
909,303,1497,1,164.22
910,303,4170,1,480.97
911,304,4725,3,290.48
912,304,744,1,362.59
913,304,4047,1,346.39
914,305,398,3,407.34
915,305,4779,2,82.37
916,306,4705,2,7.41
917,306,1906,1,454.13
918,308,2168,3,73.3
919,308,284,3,333.18
920,308,4316,3,400.23
921,308,677,3,68.48
922,308,1411,1,142.82
923,310,1144,2,342.1
924,310,73,3,332.93
925,310,1052,2,388.75
926,310,463,3,464.27
927,310,2742,3,198.51
928,310,1160,2,449.23
929,311,3123,2,19.46
930,311,3056,3,127.52
931,311,4408,2,472.1
932,311,10,1,483.93
933,312,4865,3,121.68
934,312,896,2,87.63
935,312,1631,3,344.97
936,312,864,3,338.89
937,312,1859,2,33.47
938,312,1184,3,62.33
939,313,566,2,133.84
940,313,3112,1,394.79
941,314,3559,2,346.98
942,314,177,3,279.68
943,315,991,1,401.66
944,315,1306,2,343.26
945,315,1625,3,46.07
946,315,894,1,212.02
947,318,2628,1,56.96
948,318,1470,3,186.02
949,320,2313,3,196.13
950,321,304,3,228.55
951,321,45,3,427.64
952,321,4751,1,371.9
953,321,345,1,139.17
954,324,2160,2,279.21
955,324,144,1,126.86
956,325,30,2,494.2
957,325,4180,1,458.89
958,325,2478,2,148.25
959,327,1389,3,189.73
960,328,3494,1,271.33
961,328,2123,1,377.45
962,328,54,2,358.12
963,328,4842,3,309.32
964,328,3283,2,234.21
965,329,276,3,462.45
966,329,4610,3,400.53
967,329,4696,3,221.19
968,329,139,3,130.11
969,329,407,3,332.06
970,330,1018,3,163.46
971,331,270,3,155.87
972,331,1114,2,430.85
973,333,4183,1,77.5
974,334,4589,3,10.93
975,334,3543,1,355.73
976,334,3639,1,51.15
977,335,4119,2,214.17
978,335,3049,2,92.17
979,335,578,3,331.47
980,335,1826,3,351.63
981,336,1094,2,119.61
982,336,3782,3,193.42
983,336,817,1,145.28
984,336,1298,3,236.35
985,337,42,3,353.79
986,337,233,2,234.52
987,337,4524,1,46.26
988,337,612,1,36.51
989,338,236,1,21.59
990,338,3942,3,143.47
991,340,1082,2,330.79
992,340,3704,3,285.97
993,340,2944,1,210.29
994,340,2474,2,32.1
995,340,534,2,282.11
996,341,4588,3,26.48
997,341,1047,1,351.73
998,341,4046,2,478.75
999,342,391,1,340.47
1000,342,4460,3,155.87
1001,342,1556,1,301.56
1002,343,4536,3,148.65
1003,343,450,2,187.23
1004,343,1679,1,37.02
1005,343,4786,2,328.84
1006,343,4602,3,198.69
1007,343,4871,3,278.77
1008,344,3694,1,14.6
1009,345,238,3,321.07
1010,350,1181,3,121.18
1011,350,4777,3,359.99
1012,350,3141,1,123.99
1013,350,1975,1,455.69
1014,350,2257,1,102.19
1015,350,1879,3,470.45
1016,351,2794,2,152.68
1017,351,271,3,80.83
1018,351,3623,2,456.3
1019,351,1326,1,361.96
1020,351,3068,1,297.17
1021,351,2820,2,234.68
1022,352,4183,2,77.5
1023,353,1624,2,193.08
1024,354,4283,2,356.72
1025,354,4856,3,226.68
1026,354,3939,3,460.33
1027,354,199,1,114.94
1028,354,999,3,65.73
1029,354,3818,2,197.07
1030,355,417,1,298.58
1031,355,2959,3,436.15
1032,355,3422,2,78.65
1033,355,3167,1,399.59
1034,356,332,1,153.18
1035,356,2507,2,492.46
1036,356,2556,2,206.5
1037,356,4261,1,451.09
1038,356,70,2,321.96
1039,356,3499,1,81.6
1040,357,3260,2,17.24
1041,357,2614,2,396.36
1042,357,514,3,71.57
1043,357,243,1,281.38
1044,357,4898,3,90.46
1045,357,386,1,240.75
1046,358,3318,3,423.37
1047,358,2442,3,426.05
1048,359,2087,1,130.98
1049,359,1102,2,281.56
1050,359,1025,3,10.15
1051,360,157,2,175.79
1052,360,4180,1,458.89
1053,361,3030,1,478.57
1054,361,819,3,353.55
1055,361,345,2,139.17
1056,362,4170,2,480.97
1057,362,4040,1,143.7
1058,362,2374,3,332.65
1059,362,650,1,263.27
1060,362,3927,3,318.0
1061,362,987,1,392.19
1062,363,2365,1,213.95
1063,363,320,2,375.92
1064,363,1605,1,372.55
1065,364,1938,2,306.44
1066,365,1800,1,285.74
1067,365,4749,3,364.81
1068,365,2933,2,275.59
1069,365,3673,2,389.48
1070,366,3558,3,169.72
1071,367,1017,2,404.68
1072,367,2019,1,288.08
1073,368,4524,1,46.26
1074,369,4484,3,255.73
1075,372,419,1,12.74
1076,372,318,3,23.18
1077,373,4214,2,203.58
1078,373,3552,2,278.88
1079,373,1438,1,158.71
1080,375,444,1,398.27
1081,375,1494,2,315.47
1082,375,364,1,293.45
1083,376,2530,2,480.13
1084,376,4144,2,433.29
1085,376,391,1,340.47
1086,376,3375,3,344.37
1087,376,1400,1,122.73
1088,376,2545,1,415.08
1089,377,380,2,255.27
1090,377,3622,1,308.37
1091,377,3755,1,46.58
1092,377,2412,2,112.77
1093,380,2900,1,219.08
1094,380,1972,1,397.19
1095,380,4062,1,249.32
1096,380,1243,3,235.79
1097,380,957,1,40.21
1098,380,4839,3,60.91
1099,381,3385,1,457.36
1100,381,3925,2,367.55
1101,381,2893,1,484.47
1102,381,3102,3,96.85
1103,382,4967,3,213.19
1104,382,3399,1,112.73
1105,382,3493,2,261.82
1106,382,4419,1,469.68
1107,382,2911,2,359.73
1108,384,3245,1,50.19
1109,385,4831,2,268.85
1110,385,3539,3,307.35
1111,385,1346,1,58.81
1112,385,4050,2,190.26
1113,385,2989,3,11.57
1114,387,3973,1,449.55
1115,388,1915,3,468.6
1116,388,4625,1,299.37
1117,388,2256,1,155.08
1118,388,3206,3,35.32
1119,388,3891,3,115.63
1120,388,2779,1,85.62
1121,389,1503,1,153.43
1122,389,1657,1,98.23
1123,390,4280,1,17.45
1124,390,2135,3,477.98
1125,390,4785,3,278.01
1126,390,1618,1,52.81
1127,390,3354,3,26.16
1128,392,3904,3,450.82
1129,392,787,1,268.93
1130,393,4771,3,238.91
1131,393,1847,3,367.98
1132,393,4834,2,342.23
1133,393,771,1,298.35
1134,394,2869,1,498.91
1135,395,3576,3,447.74
1136,395,1335,1,489.79
1137,395,4429,1,135.66
1138,395,728,2,370.21
1139,395,898,3,376.61
1140,397,1415,3,100.72
1141,397,4213,1,328.77
1142,397,2184,3,283.08
1143,397,2300,3,248.24
1144,398,3614,2,34.53
1145,398,822,2,239.34
1146,398,1053,1,130.5
1147,398,4596,1,115.49
1148,399,4688,3,26.33
1149,399,3146,2,76.48
1150,400,1298,3,236.35
1151,400,2034,3,447.06
1152,400,4817,1,274.51
1153,400,1891,1,284.84
1154,400,2022,3,290.33
1155,401,1681,2,186.46
1156,401,2561,3,237.81
1157,401,1496,3,343.96
1158,401,3896,2,219.15
1159,402,1029,3,377.75
1160,402,701,2,321.19
1161,402,2090,1,140.43
1162,402,889,3,52.96
1163,402,4541,2,41.68
1164,402,3163,3,472.77
1165,403,2366,1,71.07
1166,403,4102,3,377.76
1167,403,4316,1,400.23
1168,403,2158,2,308.99
1169,403,2536,2,485.09
1170,403,4709,2,487.89
1171,404,3493,3,261.82
1172,405,3732,2,401.39
1173,405,1111,1,308.15
1174,406,3762,2,334.07
1175,406,1250,1,418.19
1176,406,1066,3,180.54
1177,406,4046,3,478.75
1178,406,3161,2,195.61
1179,406,1993,3,111.46
1180,409,2042,2,118.45
1181,409,1661,1,40.66
1182,409,4532,3,173.57
1183,409,4482,3,422.78
1184,409,1738,2,175.82
1185,409,2888,2,400.89
1186,410,3021,1,319.65
1187,410,3846,1,132.46
1188,410,4473,2,178.44
1189,411,2223,1,383.33
1190,411,2136,2,440.11
1191,413,1789,3,415.84
1192,413,1178,2,136.32
1193,414,2552,3,51.29
1194,414,2964,1,403.96
1195,414,873,3,446.64
1196,417,1975,1,455.69
1197,417,2818,2,92.58
1198,418,1267,1,166.92
1199,418,1651,3,269.97
1200,418,4052,3,17.73
1201,418,2770,1,222.82
1202,419,3294,1,168.5
1203,419,3202,3,97.96
1204,419,1897,3,490.56
1205,419,3541,2,119.37
1206,419,1169,2,377.97
1207,419,2262,2,299.09
1208,420,101,2,296.71
1209,420,1891,1,284.84
1210,422,311,1,47.23
1211,422,3914,2,269.63
1212,422,1155,1,73.38
1213,422,2274,1,422.9
1214,423,2366,1,71.07
1215,423,285,2,193.45
1216,424,1337,3,292.73
1217,424,4875,2,492.55
1218,424,3080,2,494.84
1219,424,348,3,300.08
1220,424,2625,1,298.15
1221,424,589,2,277.74
1222,425,1476,1,157.02
1223,426,4132,1,275.58
1224,427,4119,1,214.17
1225,428,263,1,71.87
1226,428,113,2,393.23
1227,428,2224,2,443.77
1228,428,2976,1,439.87
1229,428,3991,3,231.72
1230,429,3234,2,306.65
1231,430,244,3,71.69
1232,430,1517,1,455.56
1233,430,4688,2,26.33
1234,430,1212,2,264.67
1235,431,122,2,150.32
1236,431,59,3,434.41
1237,431,2790,3,322.24
1238,431,3675,2,334.93
1239,431,84,2,456.06
1240,432,2277,2,449.14
1241,432,413,2,326.15
1242,433,4313,1,453.34
1243,433,1596,2,485.62
1244,433,3412,1,352.27
1245,433,3902,2,484.73
1246,433,1465,1,113.1
1247,434,1249,2,291.45
1248,435,2417,1,113.57
1249,435,180,2,482.46
1250,435,1137,2,23.32
1251,436,1092,1,296.48
1252,436,2901,1,110.29
1253,438,740,1,290.19
1254,438,4506,3,347.9
1255,438,395,3,450.45
1256,439,500,2,183.82
1257,439,2057,1,245.05
1258,440,4449,1,166.3
1259,440,3060,1,126.91
1260,440,2508,2,363.14
1261,440,2259,2,195.74
1262,441,1115,2,191.73
1263,441,3546,2,308.5
1264,441,2065,3,426.44
1265,441,446,1,185.96
1266,441,1814,2,349.71
1267,441,2878,1,289.37
1268,442,234,2,388.95
1269,443,3345,1,304.27
1270,445,3454,1,300.89
1271,445,227,2,85.82
1272,445,4092,1,121.52
1273,445,1710,2,154.94
1274,446,1178,2,136.32
1275,446,588,1,68.26
1276,446,2121,2,486.98
1277,446,3556,1,211.33
1278,446,4143,3,139.3
1279,447,2501,1,492.99
1280,447,465,1,450.59
1281,450,806,3,399.43
1282,450,2539,3,420.24
1283,451,265,3,181.05
1284,451,190,1,483.2
1285,451,1530,1,278.43
1286,451,4550,1,367.21
1287,451,4560,2,216.11
1288,452,1440,1,268.75
1289,452,1343,3,254.02
1290,452,2105,2,29.75
1291,452,1959,1,324.68
1292,452,430,2,294.62
1293,453,3215,2,84.12
1294,454,684,2,52.88
1295,454,1032,1,368.96
1296,455,678,1,365.8
1297,455,4111,3,378.04
1298,455,2057,2,245.05
1299,455,2874,1,217.32
1300,455,3550,3,167.0
1301,455,385,2,135.88
1302,456,2818,1,92.58
1303,456,2634,2,346.68
1304,456,4141,3,211.37
1305,456,4075,2,328.24
1306,456,4477,1,292.58
1307,457,2845,3,345.59
1308,457,129,1,470.18
1309,457,1073,1,309.53
1310,458,580,2,32.49
1311,459,4480,2,422.94
1312,459,712,2,426.49
1313,459,3457,3,216.86
1314,459,3204,1,240.22
1315,460,722,2,275.28
1316,460,4850,2,63.31
1317,462,307,1,32.0
1318,462,3718,2,145.65
1319,462,2583,2,332.77
1320,462,4084,2,20.16
1321,463,1372,2,428.51
1322,464,2234,2,254.05
1323,464,3703,3,67.05
1324,465,54,2,358.12
1325,465,4992,1,302.6
1326,465,3954,1,260.39
1327,465,4272,2,314.76
1328,466,2697,3,461.57
1329,467,3102,1,96.85
1330,468,1805,2,238.57
1331,468,105,1,229.16
1332,468,2365,1,213.95
1333,468,4389,2,275.97
1334,469,3508,1,378.11
1335,469,4855,2,456.62
1336,469,3455,1,79.52
1337,469,3757,2,458.47
1338,469,1761,2,455.91
1339,469,374,1,346.8
1340,470,3834,2,126.28
1341,470,4580,3,124.17
1342,470,4918,1,376.21
1343,470,4737,1,401.48
1344,470,2786,3,36.44
1345,470,3999,1,266.35
1346,471,4886,3,327.2
1347,471,4995,2,415.02
1348,472,3624,1,69.69
1349,472,2261,1,259.77
1350,473,672,3,182.19
1351,473,2567,3,16.7
1352,473,2352,3,199.77
1353,474,1493,1,323.85
1354,475,1671,1,423.46
1355,476,2132,2,447.43
1356,476,4274,2,22.06
1357,476,1544,3,373.41
1358,476,3845,2,436.69
1359,476,2115,1,8.03
1360,477,2263,3,363.56
1361,477,4058,3,48.83
1362,477,1985,1,36.14
1363,477,237,1,159.49
1364,477,2495,1,223.35
1365,477,236,2,21.59
1366,478,4825,2,177.1
1367,478,3794,2,137.53
1368,478,1125,2,363.83
1369,478,3325,1,66.9
1370,478,973,3,9.92
1371,479,1421,2,116.19
1372,479,717,2,287.83
1373,479,4503,1,486.91
1374,479,343,3,162.98
1375,480,483,3,384.39
1376,480,923,2,301.81
1377,481,3814,3,111.15
1378,481,488,2,458.44
1379,481,3455,3,79.52
1380,481,2817,3,68.76
1381,482,1252,1,387.84
1382,482,2450,2,156.04
1383,482,4210,1,161.25
1384,482,1931,2,320.14
1385,482,2882,3,13.06
1386,482,4764,1,68.96
1387,483,497,1,270.88
1388,483,1472,2,163.67
1389,484,917,2,32.66
1390,484,1292,2,116.29
1391,484,1998,3,363.77
1392,485,2241,1,142.98
1393,485,3552,1,278.88
1394,485,4554,3,338.24
1395,485,787,1,268.93
1396,485,54,1,358.12
1397,486,2817,2,68.76
1398,486,1632,1,388.99
1399,486,4110,3,453.91
1400,486,1326,1,361.96
1401,486,1420,2,131.45
1402,487,4004,3,92.25
1403,487,1548,2,450.05
1404,487,3811,1,463.18
1405,488,4065,1,324.14
1406,488,4834,3,342.23
1407,488,2690,3,303.79
1408,489,1438,1,158.71
1409,489,2459,2,129.77
1410,489,1480,2,250.16
1411,490,172,3,455.49
1412,490,4889,3,205.23
1413,490,397,1,391.46
1414,491,174,3,106.68
1415,491,4253,2,367.41
1416,491,3306,2,175.95
1417,491,4926,1,306.09
1418,492,481,1,33.96
1419,492,464,2,148.46
1420,492,2811,1,139.63
1421,492,625,3,443.46
1422,493,55,1,423.48
1423,493,2152,3,101.52
1424,493,2995,1,224.76
1425,493,3476,1,77.89
1426,493,2846,1,87.4
1427,494,3289,1,407.13
1428,494,4701,2,24.44
1429,494,4609,1,254.15
1430,494,1071,3,344.16
1431,494,4370,2,268.19
1432,494,2668,3,305.65
1433,495,3178,1,20.02
1434,495,1908,3,32.71
1435,495,4639,1,413.61
1436,495,1764,2,375.13
1437,496,4758,1,299.67
1438,496,3064,1,81.28
1439,496,2511,2,379.98
1440,496,4430,2,208.49
1441,497,2181,1,216.56
1442,497,3585,2,489.64
1443,498,659,3,37.4
1444,499,858,3,360.64
1445,499,3474,2,215.4
1446,500,39,1,49.2
1447,500,4838,1,196.21
1448,500,4538,1,81.15
1449,500,1434,1,391.58
1450,500,4536,2,148.65
1451,501,3524,2,463.74
1452,501,1938,2,306.44
1453,501,1662,1,467.39
1454,501,2921,3,226.67
1455,501,4695,2,226.03
1456,502,2488,3,132.19
1457,503,4242,2,429.06
1458,503,2977,2,234.07
1459,503,2623,3,473.25
1460,503,1406,3,177.07
1461,503,4904,3,331.55
1462,503,707,1,109.07
1463,504,732,3,167.78
1464,504,1056,2,373.46
1465,504,3061,3,239.0
1466,505,55,2,423.48
1467,505,2964,1,403.96
1468,505,850,2,170.09
1469,505,3801,3,197.31
1470,505,1864,1,363.06
1471,506,3095,1,155.21
1472,507,677,3,68.48
1473,507,1803,1,173.94
1474,507,2815,2,285.64
1475,508,1355,3,310.69
1476,508,3966,2,92.42
1477,509,4922,3,131.12
1478,509,4780,2,445.15
1479,509,1604,1,26.84
1480,509,3010,2,278.15
1481,509,2643,3,420.17
1482,509,1850,2,263.25
1483,510,1970,1,259.56
1484,511,1715,3,451.16
1485,511,2137,2,344.69
1486,511,4528,2,318.04
1487,511,3173,1,271.25
1488,511,1346,2,58.81
1489,512,3116,2,81.74
1490,512,2110,2,170.33
1491,513,2537,2,307.55
1492,513,2846,3,87.4
1493,513,2548,2,122.04
1494,514,3408,3,35.36
1495,514,3921,3,160.41
1496,514,1922,3,88.5
1497,514,361,3,73.76
1498,514,2111,1,428.51
1499,514,1243,2,235.79
1500,515,3251,2,47.75
1501,515,1836,3,134.1
1502,515,129,1,470.18
1503,515,676,1,142.29
1504,515,4903,1,353.79
1505,516,1436,3,379.5
1506,516,1271,3,328.75
1507,516,1135,2,184.04
1508,518,2090,3,140.43
1509,518,4565,2,278.03
1510,519,4361,2,295.87
1511,519,169,1,331.4
1512,519,4586,1,241.73
1513,519,2999,2,216.5
1514,520,1923,3,51.79
1515,520,128,1,387.92
1516,520,3580,3,270.52
1517,520,826,2,9.52
1518,520,1950,2,231.03
1519,521,2012,1,142.21
1520,521,1826,3,351.63
1521,521,1141,1,25.77
1522,521,4080,3,484.08
1523,522,2285,1,203.15
1524,522,3557,2,445.81
1525,523,397,3,391.46
1526,523,3157,1,324.83
1527,523,3947,2,347.84
1528,524,312,2,385.29
1529,524,3481,1,438.46
1530,525,302,2,216.64
1531,526,2151,1,47.1
1532,526,3218,3,123.51
1533,526,4474,2,170.35
1534,526,1998,2,363.77
1535,526,2144,3,19.89
1536,527,714,2,234.81
1537,527,4612,1,392.23
1538,527,1897,3,490.56
1539,527,4318,2,82.69
1540,527,4375,1,46.9
1541,527,2827,3,451.06
1542,528,3195,3,74.61
1543,528,3484,2,167.02
1544,529,4426,2,227.43
1545,529,3569,1,240.56
1546,529,147,3,368.1
1547,529,4650,3,219.9
1548,529,1317,1,258.22
1549,530,2841,2,24.96
1550,530,2977,3,234.07
1551,531,3120,2,473.12
1552,531,3284,2,13.92
1553,531,3215,3,84.12
1554,531,2910,3,346.41
1555,533,1245,2,395.42
1556,534,3779,2,81.87
1557,534,4642,1,412.11
1558,534,3287,3,109.36
1559,535,4439,1,450.59
1560,535,3338,1,450.45
1561,535,1320,2,356.0
1562,536,4154,3,104.05
1563,536,10,3,483.93
1564,538,4976,3,70.91
1565,539,1210,1,43.36
1566,539,1781,3,67.7
1567,540,4499,2,322.49
1568,540,3219,3,203.09
1569,540,2512,3,301.79
1570,540,2890,1,214.46
1571,541,3376,1,66.42
1572,541,2274,2,422.9
1573,541,283,1,349.78
1574,541,4205,1,232.48
1575,541,2029,3,280.98
1576,541,366,1,144.69
1577,542,781,3,478.76
1578,542,2809,2,180.66
1579,542,3308,2,319.83
1580,543,2208,2,491.37
1581,543,3999,1,266.35
1582,543,4334,1,232.01
1583,545,135,3,198.54
1584,545,471,3,210.73
1585,545,4391,1,173.75
1586,545,510,2,52.69
1587,545,448,1,381.64
1588,545,838,1,132.1
1589,547,4410,1,127.99
1590,547,2788,1,126.45
1591,547,3301,2,365.76
1592,547,3615,3,10.65
1593,548,109,2,214.08
1594,548,1510,1,16.8
1595,548,3901,3,481.8
1596,548,3705,2,68.09
1597,549,4457,2,98.23
1598,549,572,3,463.97
1599,550,4974,1,215.3
1600,550,3553,2,477.68
1601,550,426,1,146.11
1602,550,1867,2,60.45
1603,550,3214,1,287.79
1604,550,3092,3,349.2
1605,551,3609,3,345.33
1606,551,619,1,405.53
1607,551,682,2,101.33
1608,551,752,2,28.64
1609,552,4714,1,282.11
1610,553,2094,3,313.16
1611,554,184,1,257.72
1612,555,2325,1,350.65
1613,555,3523,2,180.44
1614,555,4506,1,347.9
1615,556,4356,3,178.88
1616,556,2602,2,156.2
1617,556,601,1,415.58
1618,556,2601,2,408.37
1619,556,2079,2,80.09
1620,556,583,2,219.02
1621,557,821,3,153.06
1622,557,4534,2,353.43
1623,558,4733,2,270.42
1624,558,1036,1,259.16
1625,558,1676,3,223.88
1626,558,3297,2,211.16
1627,558,3567,1,303.99
1628,558,1397,1,487.11
1629,559,3907,1,20.34
1630,559,4963,3,334.99
1631,559,3157,2,324.83
1632,559,324,1,424.66
1633,560,3072,1,388.63
1634,560,3901,3,481.8
1635,560,2191,1,431.71
1636,560,4750,2,409.29
1637,561,2576,3,63.96
1638,561,4349,1,123.38
1639,561,821,1,153.06
1640,561,1737,3,108.84
1641,562,4351,1,55.71
1642,562,470,3,175.74
1643,562,2521,2,26.21
1644,562,4945,1,255.99
1645,562,506,2,358.18
1646,563,2535,3,97.21
1647,564,2522,2,490.16
1648,564,4061,3,384.73
1649,564,383,3,46.78
1650,565,4350,3,248.53
1651,565,2037,3,34.4
1652,565,3504,3,401.11
1653,565,1889,2,330.1
1654,566,2411,3,144.48
1655,566,1447,1,414.59
1656,566,3983,2,42.81
1657,566,1541,2,255.79
1658,567,1683,3,278.65
1659,568,778,2,431.52
1660,568,1859,2,33.47
1661,568,2872,2,197.19
1662,568,4974,2,215.3
1663,568,3223,2,39.47
1664,569,2055,2,325.77
1665,569,4515,3,298.54
1666,569,302,1,216.64
1667,570,2557,1,76.39
1668,570,1715,3,451.16
1669,570,2591,1,39.66
1670,571,4429,1,135.66
1671,571,637,3,204.36
1672,571,3861,3,320.15
1673,571,2011,2,87.9
1674,572,2432,2,236.21
1675,573,2471,2,280.06
1676,574,4536,2,148.65
1677,574,3598,2,357.57
1678,574,1572,3,361.65
1679,575,4206,1,62.32
1680,575,3424,1,132.39
1681,575,2162,3,262.42
1682,575,854,1,268.18
1683,578,713,1,396.54
1684,578,691,3,440.57
1685,578,3324,1,470.81
1686,578,2382,2,385.86
1687,578,3188,3,434.99
1688,579,2354,3,306.69
1689,579,1757,2,347.32
1690,579,4793,3,320.53
1691,579,2006,1,344.58
1692,579,3905,3,292.86
1693,579,619,3,405.53
1694,580,4917,1,164.76
1695,580,639,3,244.96
1696,580,5,1,424.01
1697,580,1735,2,499.12
1698,580,494,1,179.01
1699,580,3001,1,186.2
1700,581,4549,2,24.48
1701,581,3344,3,253.98
1702,582,649,2,66.27
1703,582,4296,2,262.92
1704,582,4127,3,433.33
1705,582,2627,3,250.71
1706,582,4644,3,156.53
1707,583,3585,1,489.64
1708,583,326,1,489.73
1709,583,4875,1,492.55
1710,584,42,3,353.79
1711,584,2979,2,109.0
1712,584,187,2,177.31
1713,584,1414,3,243.06
1714,586,1624,1,193.08
1715,588,4450,2,205.57
1716,588,4841,3,378.24
1717,589,3916,3,279.39
1718,589,2106,3,433.26
1719,589,2196,1,95.47
1720,589,251,3,418.42
1721,590,3760,3,250.09
1722,590,891,1,195.1
1723,590,329,1,61.35
1724,590,1459,3,474.77
1725,590,2893,2,484.47
1726,591,3001,1,186.2
1727,591,2157,2,353.52
1728,591,2993,1,159.12
1729,591,4428,3,320.41
1730,591,2936,2,217.05
1731,591,4068,2,479.75
1732,592,706,3,92.16
1733,592,1595,1,365.73
1734,593,4471,2,276.36
1735,593,866,3,61.05
1736,593,1930,2,172.54
1737,593,3221,3,107.97
1738,593,2720,3,304.7
1739,594,935,3,215.23
1740,594,1599,3,60.73
1741,595,215,3,469.69
1742,595,1756,1,453.45
1743,595,4232,2,140.67
1744,595,1446,2,135.46
1745,595,2576,2,63.96
1746,596,3629,1,368.81
1747,596,460,1,496.92
1748,596,2634,1,346.68
1749,596,3498,2,424.26
1750,596,953,1,172.82
1751,597,4123,1,394.65
1752,597,1457,3,267.24
1753,597,118,2,235.83
1754,597,2866,1,151.65
1755,598,3009,3,11.5
1756,598,4992,1,302.6
1757,598,3255,3,296.72
1758,598,4115,1,168.01
1759,599,707,3,109.07
1760,599,2380,3,294.54
1761,599,4938,1,310.65
1762,600,440,2,499.48
1763,600,156,1,43.53
1764,600,3421,1,13.04
1765,600,1199,2,232.16
1766,600,266,1,153.65
1767,601,755,1,441.73
1768,601,3531,2,405.4
1769,601,1413,3,335.72
1770,601,4496,2,215.76
1771,602,4649,3,130.37
1772,602,2690,2,303.79
1773,602,1383,1,499.85
1774,602,88,3,364.69
1775,603,2721,2,121.95
1776,603,2336,2,360.91
1777,603,2634,1,346.68
1778,604,86,1,36.35
1779,606,4016,1,472.6
1780,607,1317,2,258.22
1781,607,3044,2,14.34
1782,607,2054,2,152.33
1783,607,2678,2,390.82
1784,608,1365,1,497.85
1785,608,2778,1,224.18
1786,609,4756,1,367.24
1787,609,1306,3,343.26
1788,609,391,1,340.47
1789,610,1444,2,222.28
1790,610,4406,2,355.54
1791,610,1506,3,112.39
1792,611,357,3,297.53
1793,611,3520,1,443.77
1794,612,1389,1,189.73
1795,612,1162,1,220.67
1796,612,2785,2,182.6
1797,612,4647,1,393.65
1798,612,3631,2,414.64
1799,612,2543,1,495.97
1800,613,4545,1,182.86
1801,613,2697,1,461.57
1802,613,1086,3,292.37
1803,613,943,1,328.09
1804,614,32,1,429.03
1805,614,3812,2,18.12
1806,614,3235,3,12.96
1807,614,4784,2,366.79
1808,615,1598,1,444.24
1809,615,1561,2,445.83
1810,616,2137,1,344.69
1811,616,1592,1,198.42
1812,616,2176,3,254.03
1813,616,1902,2,416.15
1814,616,1955,2,341.86
1815,617,2685,3,344.2
1816,617,1696,1,186.91
1817,617,2082,2,253.4
1818,617,3033,3,71.34
1819,619,2083,3,495.34
1820,619,4304,3,262.24
1821,619,2099,3,27.02
1822,619,1240,3,335.52
1823,621,2450,2,156.04
1824,621,1053,3,130.5
1825,621,428,3,298.39
1826,621,2470,3,485.11
1827,621,2681,3,449.75
1828,621,3001,1,186.2
1829,622,1431,2,460.73
1830,622,4791,2,207.15
1831,624,393,1,21.85
1832,624,3824,3,333.0
1833,624,3638,3,447.16
1834,624,1376,3,139.18
1835,624,4777,3,359.99
1836,625,2541,1,142.14
1837,625,2911,1,359.73
1838,626,2690,2,303.79
1839,626,3150,1,475.88
1840,626,3149,1,346.63
1841,626,2200,3,31.72
1842,626,990,2,496.45
1843,627,2051,1,375.77
1844,627,445,2,455.45
1845,627,4603,1,384.77
1846,627,3902,1,484.73
1847,627,169,2,331.4
1848,628,3480,3,269.84
1849,628,4106,2,484.49
1850,630,4570,2,52.65
1851,630,3949,1,237.29
1852,630,1171,3,417.09
1853,631,472,3,210.03
1854,631,1953,1,70.88
1855,631,889,2,52.96
1856,631,2965,2,446.29
1857,631,4894,2,9.43
1858,632,3076,1,352.75
1859,632,1256,2,97.15
1860,632,1797,2,221.87
1861,632,3149,2,346.63
1862,632,2145,2,462.46
1863,633,411,2,26.19
1864,634,2772,1,389.17
1865,634,404,2,409.9
1866,634,2560,1,95.4
1867,634,1367,2,400.3
1868,634,1350,1,135.11
1869,635,2909,1,138.02
1870,635,1106,1,261.29
1871,635,4761,2,321.63
1872,635,2572,3,97.81
1873,636,3447,3,128.44
1874,637,4869,3,146.57
1875,637,4413,3,281.61
1876,637,2873,1,200.93
1877,637,2355,2,349.4
1878,637,2464,1,325.52
1879,637,1945,3,43.61
1880,639,963,3,437.71
1881,639,1503,1,153.43
1882,639,2249,1,116.0
1883,639,3994,3,168.67
1884,639,312,1,385.29
1885,640,1230,2,433.74
1886,640,1705,1,317.18
1887,640,2356,3,277.61
1888,640,3626,1,274.69
1889,640,443,1,346.92
1890,640,3240,1,472.62
1891,641,3199,1,251.89
1892,642,99,2,465.46
1893,642,3036,3,47.46
1894,642,4649,3,130.37
1895,642,224,2,82.08
1896,642,2622,1,19.51
1897,642,1726,2,467.52
1898,643,1842,3,29.25
1899,643,27,1,345.1
1900,643,3018,3,350.98
1901,644,309,3,17.33
1902,644,4864,2,323.94
1903,644,2262,2,299.09
1904,644,2726,1,170.1
1905,644,4221,3,496.05
1906,644,1763,3,258.65
1907,645,3229,3,35.43
1908,645,42,2,353.79
1909,645,4067,3,39.7
1910,645,3586,2,358.25
1911,645,114,2,395.12
1912,645,573,1,423.69
1913,646,4030,2,394.45
1914,647,2084,1,36.39
1915,647,4431,3,35.42
1916,647,3935,1,23.38
1917,648,684,1,52.88
1918,648,1852,2,480.58
1919,648,1675,3,438.2
1920,649,1209,3,121.69
1921,651,2083,2,495.34
1922,651,595,2,329.62
1923,651,4212,1,51.87
1924,652,1907,3,45.2
1925,653,2746,1,153.34
1926,653,2672,1,160.56
1927,653,3779,1,81.87
1928,654,4903,2,353.79
1929,654,3805,3,475.09
1930,654,400,1,359.12
1931,654,1931,1,320.14
1932,654,4229,2,345.32
1933,655,2912,2,380.39
1934,656,2628,3,56.96
1935,656,1142,2,429.46
1936,656,3036,1,47.46
1937,656,799,3,33.33
1938,656,4838,1,196.21
1939,656,1719,2,279.73
1940,657,4749,3,364.81
1941,657,4653,3,413.49
1942,657,889,1,52.96
1943,657,254,2,416.88
1944,657,2888,3,400.89
1945,658,1761,2,455.91
1946,658,1943,3,121.46
1947,658,1025,1,10.15
1948,658,340,2,358.27
1949,659,4922,1,131.12
1950,659,4109,3,294.81
1951,659,104,1,195.41
1952,660,1371,1,313.73
1953,660,3171,2,186.98
1954,661,2806,3,231.97
1955,661,361,2,73.76
1956,662,4993,2,58.29
1957,662,3950,1,241.88
1958,662,1073,2,309.53
1959,662,2494,3,262.35
1960,662,4581,1,407.95
1961,662,2743,3,166.15
1962,663,2839,2,380.0
1963,663,3803,3,260.8
1964,664,932,2,34.49
1965,664,3623,2,456.3
1966,664,2143,1,122.94
1967,664,4313,2,453.34
1968,664,1636,3,57.63
1969,664,1706,1,312.78
1970,665,1841,2,65.86
1971,665,1910,3,474.96
1972,666,4148,2,460.12
1973,666,4675,2,452.76
1974,666,1229,2,395.54
1975,667,2439,1,315.56
1976,667,2082,2,253.4
1977,667,3794,1,137.53
1978,667,4251,3,5.34
1979,668,3783,3,207.34
1980,668,4593,1,42.99
1981,668,663,1,235.0
1982,668,1143,1,61.03
1983,668,4491,1,277.74
1984,669,4683,1,11.81
1985,669,2666,2,354.67
1986,669,1561,1,445.83
1987,669,2428,3,97.48
1988,670,812,2,62.27
1989,670,2980,2,479.94
1990,670,1499,2,41.59
1991,671,3140,2,251.95
1992,671,2240,2,270.64
1993,671,3987,2,413.99
1994,671,4086,2,170.85
1995,671,3034,3,223.2
1996,671,4350,1,248.53
1997,672,2132,3,447.43
1998,672,1688,3,187.62
1999,673,3515,1,332.2
2000,674,4722,3,148.29
2001,674,2405,3,322.97
2002,674,2682,3,445.79
2003,675,3987,3,413.99
2004,675,1262,3,86.84
2005,675,2412,3,112.77
2006,675,891,3,195.1
2007,675,1703,3,278.05
2008,675,4184,2,372.74
2009,676,2607,1,493.5
2010,676,2290,2,288.96
2011,676,1499,3,41.59
2012,676,3987,3,413.99
2013,676,1217,2,51.45
2014,676,132,1,338.28
2015,677,4338,1,491.81
2016,677,1836,2,134.1
2017,677,4399,2,392.25
2018,677,3880,2,70.91
2019,679,2159,1,12.45
2020,679,1256,1,97.15
2021,679,4304,3,262.24
2022,679,4030,1,394.45
2023,680,4253,2,367.41
2024,680,183,2,222.29
2025,680,957,1,40.21
2026,680,3246,2,145.4
2027,680,1598,2,444.24
2028,680,1862,2,305.2
2029,681,1245,1,395.42
2030,682,1285,3,189.53
2031,682,4386,1,139.4
2032,682,3967,1,85.92
2033,682,432,2,20.89
2034,683,1418,3,386.97
2035,683,1117,2,122.89
2036,683,635,1,260.64
2037,683,3011,2,196.37
2038,683,1695,1,206.8
2039,685,736,3,68.92
2040,685,3050,3,61.37
2041,685,3678,1,79.28
2042,685,1454,2,471.66
2043,685,3937,2,301.57
2044,685,3240,2,472.62
2045,686,4164,2,264.26
2046,686,1835,2,304.41
2047,686,3390,1,23.13
2048,686,354,1,304.2
2049,686,892,1,456.53
2050,687,3593,1,179.71
2051,687,322,3,348.84
2052,688,3083,3,45.25
2053,688,2049,3,136.67
2054,688,1172,1,262.84
2055,689,3944,3,79.61
2056,689,3753,1,44.32
2057,689,2818,3,92.58
2058,689,3400,1,263.05
2059,690,2795,3,261.2
2060,690,3677,1,43.9
2061,690,4244,3,392.25
2062,690,2254,3,186.61
2063,690,4809,2,317.84
2064,690,2980,3,479.94
2065,691,3048,1,72.63
2066,692,4081,3,127.67
2067,692,256,2,111.87
2068,692,871,3,102.78
2069,692,905,2,33.35
2070,692,1934,2,83.81
2071,693,3623,1,456.3
2072,693,1367,1,400.3
2073,693,4399,2,392.25
2074,693,1670,2,50.13
2075,693,17,1,42.13
2076,694,937,2,95.3
2077,694,3519,3,90.88
2078,694,2577,1,377.72
2079,694,4115,1,168.01
2080,694,125,3,411.94
2081,694,2864,3,497.13
2082,695,3543,3,355.73
2083,695,3845,2,436.69
2084,696,1740,1,355.16
2085,696,3572,1,401.35
2086,697,1212,3,264.67
2087,697,3479,3,454.59
2088,697,2555,1,87.76
2089,697,842,2,333.0
2090,697,3250,3,22.02
2091,698,525,3,479.18
2092,698,2741,2,203.12
2093,698,4235,3,135.49
2094,698,4048,1,447.64
2095,699,2233,2,455.38
2096,699,1311,2,357.83
2097,699,1719,2,279.73
2098,701,537,1,450.78
2099,701,1605,3,372.55
2100,701,1731,2,426.94
2101,701,3174,3,133.53
2102,702,3950,3,241.88
2103,702,2719,1,29.44
2104,702,1583,1,352.4
2105,702,2493,3,221.83
2106,702,664,3,243.68
2107,702,2603,3,153.42
2108,703,1458,3,19.6
2109,703,576,3,17.85
2110,703,4856,1,226.68
2111,703,2809,3,180.66
2112,704,3785,3,192.29
2113,704,161,1,288.88
2114,704,280,2,60.08
2115,704,4853,3,160.83
2116,704,2319,3,365.84
2117,705,2925,3,401.22
2118,705,4099,3,459.13
2119,705,3643,1,321.33
2120,705,4090,2,273.62
2121,706,3412,1,352.27
2122,706,903,1,108.94
2123,706,2624,1,105.3
2124,706,3386,1,346.42
2125,706,4242,2,429.06
2126,707,4353,1,380.45
2127,708,4673,2,281.92
2128,708,3450,1,307.14
2129,708,4037,2,124.46
2130,708,448,2,381.64
2131,708,3472,3,297.83
2132,708,3552,1,278.88
2133,709,1947,1,81.19
2134,710,2768,1,377.68
2135,710,2451,3,428.03
2136,710,2756,2,286.07
2137,710,1682,3,489.68
2138,711,2037,1,34.4
2139,711,4173,2,413.02
2140,712,4033,1,235.3
2141,712,3621,3,152.2
2142,712,4538,1,81.15
2143,712,4511,2,179.41
2144,712,4552,2,71.38
2145,713,4166,3,187.92
2146,713,200,1,272.68
2147,713,4306,2,176.29
2148,713,1882,2,416.54
2149,713,484,2,414.28
2150,713,942,1,32.72
2151,714,3188,1,434.99
2152,714,1392,3,37.83
2153,714,3067,1,290.99
2154,714,2885,1,30.9
2155,715,4473,3,178.44
2156,716,1024,3,322.34
2157,716,3547,1,60.24
2158,717,21,3,216.66
2159,717,489,1,73.81
2160,718,986,3,178.55
2161,718,3072,1,388.63
2162,718,4402,2,115.42
2163,718,4284,3,131.29
2164,718,2757,3,354.52
2165,718,4121,3,172.23
2166,719,168,1,451.3
2167,719,4805,1,341.6
2168,719,4846,2,254.58
2169,719,2168,1,73.3
2170,719,3477,2,302.2
2171,719,2734,3,91.63
2172,720,2941,1,377.05
2173,720,546,1,199.52
2174,721,4864,2,323.94
2175,722,22,3,89.56
2176,722,2432,1,236.21
2177,723,2602,3,156.2
2178,724,4025,3,67.65
2179,724,1188,3,365.45
2180,724,4803,2,475.69
2181,725,70,1,321.96
2182,725,854,3,268.18
2183,725,40,1,260.06
2184,726,3971,3,340.71
2185,726,4818,1,213.31
2186,726,2474,1,32.1
2187,726,4235,2,135.49
2188,726,719,2,236.44
2189,727,4894,2,9.43
2190,727,4626,2,380.67
2191,728,2106,1,433.26
2192,728,2719,3,29.44
2193,729,2444,1,270.54
2194,729,3160,3,146.4
2195,729,4210,1,161.25
2196,729,2582,3,63.78
2197,729,1463,3,5.86
2198,729,1147,1,159.99
2199,731,2588,2,277.52
2200,731,915,1,9.65
2201,731,4921,1,283.49
2202,731,1541,2,255.79
2203,731,4161,2,120.44
2204,731,1002,2,228.18
2205,732,47,3,9.19
2206,732,4349,1,123.38
2207,734,2557,2,76.39
2208,734,3566,1,190.45
2209,734,3455,2,79.52
2210,734,3110,2,8.96
2211,734,3469,1,458.13
2212,736,519,3,325.8
2213,736,1798,3,278.11
2214,736,4878,3,467.34
2215,737,1054,1,344.46
2216,738,3062,1,439.69
2217,738,3390,3,23.13
2218,739,4131,2,155.2
2219,739,2212,2,480.12
2220,740,3578,1,138.83
2221,740,1813,2,444.3
2222,740,1877,1,424.04
2223,740,2487,2,37.33
2224,740,1211,1,221.61
2225,741,473,1,265.02
2226,741,4607,2,379.1
2227,741,1519,2,24.49
2228,741,991,3,401.66
2229,741,3571,1,384.09
2230,742,625,3,443.46
2231,742,1413,1,335.72
2232,743,2471,2,280.06
2233,743,4698,2,40.88
2234,743,460,1,496.92
2235,744,3490,2,312.89
2236,744,2601,1,408.37
2237,744,4086,3,170.85
2238,744,4816,1,153.35
2239,744,227,1,85.82
2240,745,4515,1,298.54
2241,745,4365,2,15.56
2242,745,3231,2,347.41
2243,745,897,1,348.43
2244,745,1947,2,81.19
2245,745,333,2,444.57
2246,746,4442,3,471.38
2247,747,1352,2,470.29
2248,748,2504,3,294.67
2249,748,4635,1,209.48
2250,748,648,1,324.73
2251,749,4903,1,353.79
2252,749,4219,3,113.9
2253,750,3548,2,8.93
2254,750,975,1,161.62
2255,750,4188,1,107.9
2256,751,3349,1,158.7
2257,751,4823,3,149.09
2258,751,3584,3,235.18
2259,751,1655,2,453.38
2260,751,4135,3,82.63
2261,751,1672,2,143.34
2262,752,3484,2,167.02
2263,753,1699,3,450.75
2264,753,4249,2,185.14
2265,753,854,1,268.18
2266,753,4946,3,131.21
2267,753,1618,2,52.81
2268,753,1138,1,469.72
2269,754,796,3,493.87
2270,754,876,1,480.05
2271,754,4006,3,57.04
2272,754,4681,1,108.8
2273,755,3792,1,405.62
2274,755,848,1,219.65
2275,755,4376,3,140.87
2276,756,139,3,130.11
2277,757,49,3,499.72
2278,757,1076,2,346.84
2279,757,2177,1,49.03
2280,757,1653,3,50.04
2281,758,3423,3,99.7
2282,758,4257,1,142.2
2283,758,4046,3,478.75
2284,758,3120,1,473.12
2285,759,789,2,138.17
2286,759,4658,1,432.27
2287,759,3775,3,255.89
2288,759,4322,2,493.22
2289,760,3637,1,245.54
2290,760,1829,2,72.41
2291,760,4343,3,233.43
2292,760,795,2,338.04
2293,760,3747,3,194.0
2294,760,1411,2,142.82
2295,761,32,2,429.03
2296,761,1311,2,357.83
2297,761,4838,3,196.21
2298,761,3185,3,31.85
2299,762,3804,2,31.51
2300,762,834,3,454.9
2301,762,4458,2,200.99
2302,763,193,1,51.04
2303,763,3239,1,213.56
2304,763,1190,3,272.18
2305,763,45,3,427.64
2306,764,1175,2,317.16
2307,764,3659,1,397.52
2308,764,1187,2,162.22
2309,764,2918,1,186.58
2310,764,1163,3,8.85
2311,764,3411,3,143.36
2312,765,1736,1,291.74
2313,765,707,1,109.07
2314,765,2697,2,461.57
2315,765,3656,1,106.53
2316,765,2182,1,286.91
2317,767,125,2,411.94
2318,767,1980,3,95.16
2319,767,4680,1,126.43
2320,767,1669,1,279.09
2321,767,1978,1,442.13
2322,767,2778,3,224.18
2323,768,874,1,180.1
2324,769,4306,3,176.29
2325,769,3793,1,80.47
2326,769,4505,3,362.0
2327,771,138,2,453.29
2328,771,571,3,95.65
2329,771,1233,3,21.6
2330,771,1371,2,313.73
2331,773,1320,3,356.0
2332,773,4662,2,197.77
2333,773,4793,3,320.53
2334,774,3394,3,446.53
2335,775,3895,2,263.24
2336,775,844,2,213.9
2337,777,1217,2,51.45
2338,778,3350,1,121.84
2339,778,2640,2,23.84
2340,778,1447,1,414.59
2341,779,3462,3,240.28
2342,779,3402,3,366.04
2343,779,1497,1,164.22
2344,779,4365,1,15.56
2345,779,1676,2,223.88
2346,780,2969,1,77.61
2347,780,3144,3,423.69
2348,781,636,2,45.56
2349,781,4938,1,310.65
2350,781,4409,1,145.25
2351,782,4956,2,176.59
2352,782,976,3,471.95
2353,782,3168,3,314.9
2354,783,374,3,346.8
2355,783,252,1,20.75
2356,784,1302,3,179.25
2357,784,2466,1,166.5
2358,784,2330,1,274.65
2359,786,2711,2,285.35
2360,786,2429,3,383.31
2361,787,4119,2,214.17
2362,787,2854,2,370.52
2363,787,833,2,94.64
2364,787,4750,1,409.29
2365,787,449,3,175.89
2366,787,2509,1,360.0
2367,788,1191,3,384.59
2368,788,1734,2,109.22
2369,788,4635,1,209.48
2370,788,2353,1,315.86
2371,789,2793,3,470.04
2372,789,3158,1,96.18
2373,789,3594,1,299.2
2374,789,3062,2,439.69
2375,789,4507,2,41.71
2376,789,4304,1,262.24
2377,790,1373,3,289.35
2378,790,1468,1,297.1
2379,790,920,1,440.1
2380,790,781,1,478.76
2381,791,2687,2,432.2
2382,791,521,3,349.5
2383,791,508,2,251.15
2384,791,3798,1,405.49
2385,791,1484,1,139.94
2386,791,1368,2,377.19
2387,792,3538,1,269.91
2388,792,702,3,385.33
2389,792,2925,1,401.22
2390,793,354,2,304.2
2391,793,4245,3,46.98
2392,793,1479,1,53.83
2393,793,2225,3,310.05
2394,794,1958,2,470.09
2395,794,2296,1,184.98
2396,794,2486,3,193.85
2397,794,4329,1,302.26
2398,794,121,3,270.83
2399,794,1206,2,420.63
2400,795,120,2,355.3
2401,795,1203,1,119.9
2402,795,3195,1,74.61
2403,795,3934,1,284.3
2404,796,2030,2,431.67
2405,796,3493,1,261.82
2406,796,1015,2,359.82
2407,796,2630,3,461.03
2408,796,383,3,46.78
2409,797,1014,1,330.19
2410,797,3781,2,186.66
2411,797,757,3,200.56
2412,797,1861,2,403.94
2413,797,2454,2,13.56
2414,798,2741,2,203.12
2415,798,480,2,410.05
2416,798,3899,2,318.53
2417,798,2627,2,250.71
2418,798,4018,1,76.29
2419,801,1291,3,210.09
2420,802,3787,2,144.05
2421,803,622,1,224.08
2422,803,1832,3,172.15
2423,803,4768,2,127.3
2424,803,3100,2,322.5
2425,804,4667,1,377.24
2426,804,4697,2,328.29
2427,804,221,1,436.09
2428,804,3320,1,382.44
2429,804,4832,2,495.68
2430,804,3293,1,273.66
2431,805,518,1,216.93
2432,805,2043,2,103.75
2433,805,3431,2,237.81
2434,805,3485,3,116.84
2435,807,4545,1,182.86
2436,807,3666,3,481.11
2437,808,4659,1,466.23
2438,808,76,3,250.7
2439,808,1585,1,84.13
2440,808,3008,2,466.29
2441,808,2611,2,487.61
2442,809,3988,1,74.75
2443,809,4557,2,476.98
2444,809,2424,1,244.41
2445,809,4251,2,5.34
2446,809,1367,1,400.3
2447,810,3987,2,413.99
2448,810,2242,1,487.1
2449,810,3394,3,446.53
2450,810,99,1,465.46
2451,810,1619,3,96.93
2452,810,2904,1,222.45
2453,811,4234,2,132.04
2454,811,4592,2,431.01
2455,811,2475,3,132.87
2456,811,1048,2,97.74
2457,811,353,1,37.36
2458,811,3440,3,343.13
2459,812,2327,3,27.61
2460,813,4169,3,484.3
2461,813,4327,1,421.77
2462,813,3114,2,238.5
2463,813,2899,2,7.96
2464,813,4794,3,367.51
2465,814,2388,1,248.65
2466,814,1929,3,271.98
2467,814,4301,3,411.03
2468,814,303,2,469.87
2469,815,1822,2,82.91
2470,815,4991,1,171.46
2471,815,2488,2,132.19
2472,815,2110,2,170.33
2473,815,3684,1,288.57
2474,815,2966,1,212.9
2475,816,3442,1,207.22
2476,816,3553,1,477.68
2477,816,1774,2,95.4
2478,817,96,1,184.83
2479,817,970,2,336.47
2480,817,994,3,105.86
2481,817,787,2,268.93
2482,817,1096,3,190.29
2483,819,2262,2,299.09
2484,819,3140,1,251.95
2485,819,2862,2,170.97
2486,819,1567,2,191.12
2487,819,3900,1,245.45
2488,819,3146,3,76.48
2489,820,3728,2,166.69
2490,820,2280,1,267.76
2491,822,468,3,479.02
2492,822,854,1,268.18
2493,822,980,2,414.95
2494,823,2945,2,431.48
2495,823,2684,2,404.08
2496,823,1096,2,190.29
2497,823,4936,3,245.33
2498,823,4550,2,367.21
2499,824,3484,3,167.02
2500,824,2335,2,72.99
2501,824,1886,1,348.51
2502,824,1954,2,451.25
2503,824,3918,2,348.71
2504,825,3638,2,447.16
2505,825,2517,2,94.95
2506,825,579,1,475.69
2507,825,1002,3,228.18
2508,825,1961,1,315.92
2509,825,991,2,401.66
2510,826,1103,3,286.73
2511,826,2163,2,245.22
2512,826,4966,1,45.07
2513,826,1367,3,400.3
2514,826,1949,1,349.27
2515,827,408,1,443.18
2516,827,4763,2,52.62
2517,827,1742,3,303.94
2518,827,1100,1,206.97
2519,827,4511,2,179.41
2520,828,2073,2,118.52
2521,828,2592,1,182.46
2522,828,550,2,365.97
2523,828,520,2,271.52
2524,829,2530,3,480.13
2525,829,1982,3,449.94
2526,829,3723,3,413.87
2527,829,316,2,240.48
2528,830,4819,3,393.6
2529,832,965,3,174.5
2530,832,4858,1,377.77
2531,832,1308,3,367.41
2532,833,1279,1,235.06
2533,833,1057,1,450.11
2534,833,2977,3,234.07
2535,833,992,2,162.47
2536,833,2902,1,97.09
2537,834,705,2,113.38
2538,835,3581,1,300.91
2539,835,864,3,338.89
2540,835,3978,3,109.66
2541,835,4000,2,460.96
2542,835,1520,1,295.16
2543,836,4297,1,330.62
2544,836,4975,1,106.41
2545,836,3872,1,114.45
2546,836,1992,2,276.94
2547,836,568,3,486.82
2548,836,4688,2,26.33
2549,837,3834,1,126.28
2550,838,3983,1,42.81
2551,838,4662,1,197.77
2552,838,642,2,190.36
2553,838,292,1,73.6
2554,838,3613,1,134.21
2555,839,2114,1,455.81
2556,839,1532,1,92.67
2557,839,3866,3,184.9
2558,839,4304,3,262.24
2559,839,3140,2,251.95
2560,840,4794,2,367.51
2561,842,4498,1,23.6
2562,842,4054,2,145.83
2563,843,405,3,203.3
2564,843,4109,3,294.81
2565,843,4481,2,497.36
2566,844,1397,3,487.11
2567,844,437,1,449.63
2568,844,4555,2,73.1
2569,845,3258,3,30.03
2570,845,159,1,360.06
2571,845,4469,2,249.32
2572,845,857,1,493.19
2573,845,3822,1,406.68
2574,846,4638,3,95.57
2575,846,4351,1,55.71
2576,847,533,2,123.05
2577,847,4207,1,489.62
2578,847,2202,2,335.1
2579,847,2712,1,225.94
2580,847,2833,1,47.16
2581,848,2287,3,466.55
2582,848,3765,2,257.45
2583,848,4436,3,208.32
2584,849,4203,2,434.55
2585,849,2466,1,166.5
2586,849,2880,2,132.61
2587,849,326,1,489.73
2588,849,977,3,374.13
2589,849,2197,3,165.65
2590,850,1293,3,306.61
2591,850,2297,2,216.28
2592,850,119,3,314.56
2593,850,2783,2,295.72
2594,850,3426,1,128.3
2595,851,2684,2,404.08
2596,851,354,2,304.2
2597,852,112,1,55.73
2598,852,2652,3,81.96
2599,852,1410,3,318.98
2600,852,2044,1,94.95
2601,852,709,1,69.74
2602,852,254,2,416.88
2603,853,1975,2,455.69
2604,853,1149,1,496.2
2605,854,1957,1,115.02
2606,854,2965,1,446.29
2607,854,4057,3,161.91
2608,854,1206,3,420.63
2609,854,263,1,71.87
2610,854,3066,2,110.19
2611,855,1824,1,368.04
2612,855,2236,1,355.87
2613,855,4039,1,42.47
2614,855,2208,3,491.37
2615,856,4897,2,406.62
2616,856,3292,1,333.36
2617,856,1822,3,82.91
2618,856,742,1,231.62
2619,858,4341,1,48.95
2620,859,2482,2,91.17
2621,859,2697,3,461.57
2622,859,1031,1,135.59
2623,859,3539,3,307.35
2624,859,1335,3,489.79
2625,859,1628,1,224.99
2626,860,80,3,62.37
2627,860,44,1,419.64
2628,861,3288,3,11.75
2629,861,971,3,151.97
2630,862,724,1,176.58
2631,862,356,3,125.63
2632,862,25,1,419.35
2633,862,2171,2,355.03
2634,862,3682,1,342.07
2635,862,2034,3,447.06
2636,863,225,2,9.12
2637,863,4545,3,182.86
2638,863,4615,2,67.41
2639,863,4246,3,385.16
2640,863,4973,3,287.68
2641,864,3488,3,459.74
2642,865,1222,1,295.72
2643,867,1690,1,87.67
2644,868,980,1,414.95
2645,868,2562,2,340.18
2646,868,3045,3,395.19
2647,868,2287,3,466.55
2648,869,1072,3,233.34
2649,870,3526,3,464.1
2650,871,777,1,243.02
2651,871,2282,3,92.23
2652,871,2649,3,383.01
2653,871,3264,3,105.39
2654,871,1034,2,297.31
2655,872,4767,3,53.18
2656,872,255,2,398.15
2657,872,4751,3,371.9
2658,872,2001,1,222.87
2659,872,3975,1,373.05
2660,873,4216,3,219.38
2661,873,513,2,224.07
2662,873,963,1,437.71
2663,873,4152,1,24.42
2664,873,2542,3,197.94
2665,875,4659,1,466.23
2666,875,2938,2,64.07
2667,875,55,2,423.48
2668,875,1421,1,116.19
2669,875,1692,3,304.98
2670,876,1577,2,264.72
2671,876,3900,2,245.45
2672,876,3053,1,208.8
2673,876,648,3,324.73
2674,877,165,3,411.12
2675,877,825,3,243.81
2676,877,1497,2,164.22
2677,877,1765,2,323.05
2678,877,1223,3,369.95
2679,878,4000,3,460.96
2680,878,2963,3,263.38
2681,879,1913,1,72.91
2682,879,778,2,431.52
2683,879,4517,1,469.34
2684,879,3569,3,240.56
2685,879,4297,1,330.62
2686,880,1232,3,295.16
2687,880,2843,2,269.6
2688,881,655,1,476.32
2689,881,4471,1,276.36
2690,881,2756,3,286.07
2691,881,2675,1,241.04
2692,883,1241,1,224.48
2693,883,1625,2,46.07
2694,884,1260,3,482.79
2695,884,4197,3,135.69
2696,884,1159,1,180.41
2697,884,2942,3,140.93
2698,884,3163,1,472.77
2699,884,1982,2,449.94
2700,885,4517,1,469.34
2701,885,88,1,364.69
2702,885,3201,2,492.76
2703,885,107,3,70.67
2704,885,3821,2,67.02
2705,887,3661,2,192.65
2706,887,1865,1,52.18
2707,887,1475,1,251.32
2708,887,4767,3,53.18
2709,887,167,2,105.16
2710,887,4007,3,246.69
2711,888,68,2,86.62
2712,889,2609,2,223.79
2713,889,2343,3,135.58
2714,889,2808,3,459.55
2715,889,2265,1,185.51
2716,889,1214,3,87.14
2717,890,369,1,40.51
2718,891,935,1,215.23
2719,891,501,2,145.39
2720,891,686,3,389.0
2721,891,4406,2,355.54
2722,891,2812,2,128.14
2723,891,2207,1,296.99
2724,893,2837,3,311.24
2725,893,2901,3,110.29
2726,893,3603,2,255.76
2727,893,3002,3,256.98
2728,893,1393,1,303.62
2729,894,1844,2,309.03
2730,894,4671,1,463.59
2731,894,3401,3,332.49
2732,894,310,2,326.05
2733,895,3344,3,253.98
2734,895,3862,1,6.32
2735,895,4515,1,298.54
2736,895,1137,1,23.32
2737,896,64,1,189.69
2738,898,3693,3,109.45
2739,899,2103,1,152.86
2740,899,839,2,274.49
2741,899,4797,1,43.35
2742,900,2779,2,85.62
2743,900,2739,1,234.52
2744,900,1246,1,342.04
2745,901,1657,1,98.23
2746,901,1819,3,83.74
2747,901,2471,1,280.06
2748,902,744,3,362.59
2749,902,1238,1,101.12
2750,902,4459,3,288.9
2751,902,2311,2,328.33
2752,902,1707,1,380.45
2753,903,1638,2,438.39
2754,903,4650,2,219.9
2755,903,4801,2,335.47
2756,904,543,3,411.58
2757,904,1698,3,297.26
2758,904,4314,3,119.43
2759,905,1422,3,334.13
2760,905,664,1,243.68
2761,905,1113,1,438.84
2762,905,1873,1,78.2
2763,906,2602,2,156.2
2764,906,1923,2,51.79
2765,907,2712,1,225.94
2766,907,2567,2,16.7
2767,907,3691,3,416.51
2768,908,1259,2,203.37
2769,908,1976,3,426.25
2770,908,4311,3,294.59
2771,909,4801,1,335.47
2772,909,2770,2,222.82
2773,909,695,3,294.34
2774,909,754,1,12.94
2775,910,2839,3,380.0
2776,910,1769,3,270.86
2777,910,4757,1,12.17
2778,910,422,1,307.96
2779,911,4100,1,375.43
2780,911,1723,2,245.83
2781,913,2114,2,455.81
2782,913,3845,1,436.69
2783,914,466,2,50.78
2784,914,2341,3,156.15
2785,915,4840,1,8.49
2786,916,2880,1,132.61
2787,916,4632,3,214.8
2788,918,3483,1,252.67
2789,919,3609,1,345.33
2790,919,4572,3,379.37
2791,920,151,1,259.5
2792,920,4685,2,398.67
2793,920,3829,1,423.81
2794,920,3073,2,452.4
2795,921,4910,2,318.17
2796,921,1177,2,315.51
2797,922,2082,2,253.4
2798,922,2278,1,110.68
2799,922,976,3,471.95
2800,923,4062,2,249.32
2801,923,493,2,154.31
2802,923,1169,3,377.97
2803,925,815,3,467.29
2804,925,542,1,214.77
2805,925,2065,2,426.44
2806,925,1479,3,53.83
2807,925,2102,1,301.75
2808,926,1155,2,73.38
2809,927,812,3,62.27
2810,927,3272,1,201.56
2811,927,1203,1,119.9
2812,927,362,3,149.29
2813,927,4463,3,410.72
2814,928,2501,3,492.99
2815,928,1495,1,126.66
2816,928,3730,3,325.58
2817,929,3426,2,128.3
2818,929,819,2,353.55
2819,929,4197,3,135.69
2820,929,493,2,154.31
2821,929,2701,3,81.21
2822,930,3173,1,271.25
2823,931,2884,3,300.57
2824,931,2817,1,68.76
2825,931,386,1,240.75
2826,931,3549,3,410.0
2827,931,3611,2,112.11
2828,931,4589,3,10.93
2829,932,1816,1,120.94
2830,932,3353,3,235.6
2831,932,3409,1,51.6
2832,932,2833,1,47.16
2833,932,1121,3,469.49
2834,933,2788,1,126.45
2835,933,270,2,155.87
2836,934,4242,1,429.06
2837,934,2374,3,332.65
2838,934,439,3,377.77
2839,935,4877,2,185.08
2840,936,589,1,277.74
2841,936,1219,1,140.92
2842,936,410,1,417.95
2843,937,54,2,358.12
2844,938,4370,1,268.19
2845,939,2567,2,16.7
2846,939,1787,2,128.15
2847,939,668,1,332.83
2848,939,2712,2,225.94
2849,939,4419,2,469.68
2850,940,703,2,8.33
2851,942,2326,1,98.25
2852,942,762,1,442.56
2853,942,4001,2,352.11
2854,944,3050,2,61.37
2855,944,2323,3,383.5
2856,944,3605,3,83.74
2857,944,4276,2,395.28
2858,944,3907,2,20.34
2859,945,2351,1,75.01
2860,945,3396,2,452.78
2861,945,2566,2,234.49
2862,945,2546,3,193.83
2863,945,3667,1,158.95
2864,945,4479,1,18.06
2865,946,4130,1,499.68
2866,946,56,2,371.75
2867,946,2363,3,154.54
2868,946,4236,2,425.57
2869,946,4022,3,90.87
2870,946,2292,1,356.05
2871,947,4450,1,205.57
2872,947,3013,2,320.28
2873,947,1532,3,92.67
2874,947,4068,3,479.75
2875,947,2424,3,244.41
2876,947,3629,2,368.81
2877,948,2954,3,457.61
2878,948,3191,2,105.79
2879,948,3263,3,177.68
2880,948,4366,3,484.68
2881,948,4088,1,181.26
2882,948,2187,1,105.08
2883,949,1135,2,184.04
2884,949,4421,3,396.38
2885,949,4098,1,353.01
2886,949,1311,3,357.83
2887,949,4939,3,349.43
2888,950,2488,2,132.19
2889,950,1007,1,50.53
2890,950,2066,1,64.52
2891,950,2171,1,355.03
2892,950,2671,2,372.39
2893,950,3474,2,215.4
2894,951,147,3,368.1
2895,951,4194,1,441.68
2896,953,126,3,449.65
2897,953,894,1,212.02
2898,953,3310,1,344.9
2899,953,3186,1,119.55
2900,953,825,1,243.81
2901,953,4901,1,138.49
2902,954,1190,3,272.18
2903,954,4724,3,193.04
2904,955,3277,1,19.52
2905,956,2470,1,485.11
2906,956,1115,2,191.73
2907,957,4580,2,124.17
2908,957,1506,1,112.39
2909,958,138,2,453.29
2910,958,3487,1,432.94
2911,958,2033,3,309.99
2912,958,2205,2,310.73
2913,960,4790,1,422.35
2914,960,1050,2,484.92
2915,960,2755,3,10.34
2916,960,2610,3,44.86
2917,961,3130,3,452.93
2918,962,3814,1,111.15
2919,962,1159,3,180.41
2920,963,1498,1,407.78
2921,963,1159,1,180.41
2922,964,4940,3,289.23
2923,964,2106,1,433.26
2924,964,1434,3,391.58
2925,965,1405,2,67.48
2926,965,2061,3,233.07
2927,966,1914,2,461.93
2928,966,1587,3,327.45
2929,966,3360,3,251.77
2930,966,4591,1,499.26
2931,968,520,3,271.52
2932,968,4543,3,140.19
2933,968,2922,1,112.71
2934,968,1602,3,479.92
2935,968,212,2,478.51
2936,968,867,2,150.3
2937,969,2000,1,363.89
2938,970,1824,2,368.04
2939,970,4254,3,188.88
2940,970,3919,1,299.15
2941,970,3897,3,494.25
2942,970,619,3,405.53
2943,970,3743,1,425.54
2944,971,4918,3,376.21
2945,972,2438,3,316.0
2946,972,3923,2,467.01
2947,972,1209,1,121.69
2948,972,2477,3,395.79
2949,972,771,2,298.35
2950,972,176,2,201.74
2951,973,809,3,384.32
2952,973,2652,1,81.96
2953,973,4821,3,383.37
2954,973,131,1,206.78
2955,973,2874,3,217.32
2956,973,4763,2,52.62
2957,974,1775,3,421.53
2958,974,4996,2,38.19
2959,974,3026,1,321.48
2960,974,243,3,281.38
2961,975,2230,1,67.41
2962,975,71,3,328.52
2963,976,72,2,80.8
2964,976,3787,2,144.05
2965,977,1409,3,348.38
2966,977,3750,2,179.09
2967,977,1293,1,306.61
2968,977,2029,1,280.98
2969,977,2366,2,71.07
2970,977,587,1,264.72
2971,978,1829,3,72.41
2972,978,4790,3,422.35
2973,978,4406,1,355.54
2974,978,4563,1,298.62
2975,978,2948,1,479.37
2976,979,1830,3,396.06
2977,979,3380,2,59.64
2978,979,4404,3,21.54
2979,979,2254,1,186.61
2980,979,501,2,145.39
2981,980,3294,2,168.5
2982,980,1704,1,55.14
2983,981,2197,1,165.65
2984,981,2162,3,262.42
2985,983,3768,3,116.88
2986,983,2658,3,37.01
2987,983,246,2,416.52
2988,983,4780,1,445.15
2989,983,3192,3,341.91
2990,984,772,3,159.17
2991,984,3447,1,128.44
2992,984,4817,3,274.51
2993,985,500,1,183.82
2994,985,3258,1,30.03
2995,985,107,2,70.67
2996,985,2917,2,70.48
2997,985,3222,2,450.97
2998,987,2173,1,67.58
2999,987,2478,3,148.25
3000,987,3088,3,159.22
3001,987,378,1,349.05
3002,987,2527,3,382.95
3003,987,2720,1,304.7
3004,988,4255,3,78.96
3005,988,3192,2,341.91
3006,988,1391,1,362.65
3007,988,4052,1,17.73
3008,988,4446,3,67.5
3009,989,2007,1,348.19
3010,991,3161,1,195.61
3011,991,3812,1,18.12
3012,993,1857,2,366.74
3013,995,3328,1,187.8
3014,995,4692,1,246.06
3015,995,4847,2,326.95
3016,995,351,1,356.56
3017,996,2673,1,441.51
3018,996,1268,3,336.59
3019,996,2153,1,103.29
3020,996,2583,1,332.77
3021,996,3132,1,156.5
3022,996,1843,3,24.49
3023,997,3330,2,184.1
3024,997,4352,2,225.72
3025,997,2570,1,393.78
3026,997,800,2,444.55
3027,997,3071,3,251.07
3028,998,514,1,71.57
3029,998,2776,1,320.22
3030,1000,1101,1,99.12
3031,1001,4735,1,23.52
3032,1001,889,1,52.96
3033,1001,1017,2,404.68
3034,1002,3725,2,55.23
3035,1002,555,3,199.78
3036,1002,4580,2,124.17
3037,1002,4048,2,447.64
3038,1002,2236,3,355.87
3039,1002,3551,3,143.98
3040,1003,2281,3,226.08
3041,1003,36,3,169.09
3042,1003,3977,2,363.18
3043,1005,2622,3,19.51
3044,1007,3689,3,68.92
3045,1007,4029,2,293.97
3046,1007,2750,1,440.6
3047,1007,2403,1,277.86
3048,1007,3105,3,457.88
3049,1007,4868,3,203.44
3050,1008,3307,3,170.87
3051,1008,899,1,6.78
3052,1009,3363,1,249.74
3053,1009,4411,1,351.18
3054,1009,2516,2,199.48
3055,1009,77,3,49.06
3056,1009,1766,1,13.48
3057,1010,1595,1,365.73
3058,1010,4541,3,41.68
3059,1010,821,2,153.06
3060,1010,3768,3,116.88
3061,1010,75,2,135.18
3062,1011,3234,1,306.65
3063,1012,4920,2,387.56
3064,1012,4969,3,295.57
3065,1012,3319,3,498.86
3066,1012,1522,1,71.8
3067,1012,1952,1,102.07
3068,1013,1019,3,66.43
3069,1013,3637,2,245.54
3070,1014,2140,1,492.72
3071,1014,1132,1,466.57
3072,1014,4403,1,22.84
3073,1014,1627,3,208.25
3074,1014,4251,1,5.34
3075,1015,2505,2,235.02
3076,1015,4961,2,246.23
3077,1015,4552,3,71.38
3078,1016,2905,3,28.13
3079,1016,4741,1,479.03
3080,1017,3212,2,305.12
3081,1017,4620,1,321.35
3082,1017,62,1,387.9
3083,1018,939,2,90.92
3084,1018,1299,2,210.62
3085,1018,3202,3,97.96
3086,1019,2515,3,246.23
3087,1019,3754,1,362.99
3088,1020,4624,2,461.55
3089,1020,3958,3,122.92
3090,1021,4384,1,169.66
3091,1021,1228,3,473.02
3092,1021,3573,2,473.57
3093,1021,1742,1,303.94
3094,1021,82,2,203.38
3095,1022,4226,2,45.53
3096,1022,4974,3,215.3
3097,1022,2423,1,280.13
3098,1023,3898,2,366.61
3099,1023,1642,1,9.38
3100,1023,1021,2,204.39
3101,1024,351,2,356.56
3102,1025,3548,2,8.93
3103,1026,4659,2,466.23
3104,1026,2041,3,101.77
3105,1026,2336,1,360.91
3106,1026,2761,3,150.33
3107,1026,2253,1,79.66
3108,1027,1790,3,393.87
3109,1027,1972,1,397.19
3110,1027,4261,2,451.09
3111,1027,2104,2,342.79
3112,1028,149,3,78.57
3113,1028,1179,1,48.91
3114,1028,3061,3,239.0
3115,1028,1950,3,231.03
3116,1029,1722,2,218.92
3117,1029,3317,1,113.86
3118,1029,1769,2,270.86
3119,1029,4799,3,87.27
3120,1029,1053,2,130.5
3121,1029,198,2,492.75
3122,1030,1559,2,290.72
3123,1030,1654,1,316.42
3124,1030,1418,3,386.97
3125,1030,1866,3,108.31
3126,1030,1918,3,425.53
3127,1031,673,1,114.65
3128,1032,3286,2,323.35
3129,1032,3525,3,122.64
3130,1032,4368,1,77.25
3131,1032,447,3,170.79
3132,1032,125,1,411.94
3133,1033,104,1,195.41
3134,1033,4374,2,359.76
3135,1033,2092,3,478.43
3136,1033,4424,2,460.36
3137,1034,4606,1,281.67
3138,1035,1223,1,369.95
3139,1035,4607,2,379.1
3140,1035,926,3,393.85
3141,1035,2861,1,44.04
3142,1035,889,2,52.96
3143,1035,962,1,282.6
3144,1036,4832,2,495.68
3145,1036,2556,2,206.5
3146,1036,2056,3,194.2
3147,1036,4885,2,427.76
3148,1036,2523,2,467.15
3149,1036,1739,1,483.44
3150,1037,4100,1,375.43
3151,1037,2831,2,134.2
3152,1037,2399,2,146.49
3153,1037,2471,2,280.06
3154,1038,2858,3,98.99
3155,1038,1792,2,429.77
3156,1038,2353,3,315.86
3157,1038,4226,2,45.53
3158,1039,2394,3,343.76
3159,1039,641,1,187.95
3160,1040,3896,1,219.15
3161,1040,4141,1,211.37
3162,1040,3904,1,450.82
3163,1040,4987,3,332.35
3164,1040,2536,1,485.09
3165,1041,2568,3,21.1
3166,1041,662,1,392.1
3167,1041,890,1,183.89
3168,1041,442,2,436.42
3169,1042,1027,2,473.84
3170,1042,4027,3,364.59
3171,1042,3390,1,23.13
3172,1043,3150,1,475.88
3173,1043,4649,1,130.37
3174,1043,3096,1,64.02
3175,1044,2729,3,462.37
3176,1044,1604,2,26.84
3177,1044,2155,3,451.95
3178,1044,3637,1,245.54
3179,1044,3252,3,412.83
3180,1045,1285,3,189.53
3181,1045,4853,3,160.83
3182,1045,303,1,469.87
3183,1046,717,2,287.83
3184,1047,4408,1,472.1
3185,1047,4941,3,71.97
3186,1047,1256,3,97.15
3187,1047,2647,1,456.87
3188,1048,1022,3,415.78
3189,1048,4245,1,46.98
3190,1048,794,3,47.42
3191,1048,4830,2,488.3
3192,1049,1957,2,115.02
3193,1049,3497,1,55.88
3194,1049,919,3,16.88
3195,1049,4492,2,490.29
3196,1049,2382,1,385.86
3197,1049,2792,1,292.55
3198,1052,2752,2,350.18
3199,1052,1942,3,231.65
3200,1052,213,1,205.36
3201,1052,3167,1,399.59
3202,1054,228,1,314.53
3203,1054,767,1,394.55
3204,1054,1892,3,445.82
3205,1054,3644,2,362.67
3206,1054,4484,1,255.73
3207,1055,2319,3,365.84
3208,1055,4427,3,6.05
3209,1055,4588,3,26.48
3210,1056,1391,2,362.65
3211,1056,2874,2,217.32
3212,1056,1027,3,473.84
3213,1056,3502,3,223.27
3214,1057,1978,1,442.13
3215,1058,2063,2,343.75
3216,1058,3082,1,389.15
3217,1058,2518,2,174.84
3218,1058,1684,1,429.96
3219,1058,552,1,160.29
3220,1059,256,1,111.87
3221,1059,2640,3,23.84
3222,1059,567,2,267.56
3223,1059,3908,1,260.28
3224,1060,4649,1,130.37
3225,1060,4940,1,289.23
3226,1060,3242,2,360.3
3227,1061,2098,3,341.36
3228,1061,3007,2,317.93
3229,1062,164,2,238.35
3230,1062,504,1,203.31
3231,1062,1338,1,241.76
3232,1062,1055,1,75.11
3233,1062,3411,3,143.36
3234,1064,805,2,150.46
3235,1064,950,3,388.65
3236,1065,2721,1,121.95
3237,1065,4747,3,199.7
3238,1065,2760,2,241.09
3239,1065,4187,1,10.14
3240,1065,207,3,153.52
3241,1066,4331,3,177.95
3242,1066,671,2,446.82
3243,1066,4808,3,376.64
3244,1066,1902,3,416.15
3245,1067,843,2,303.06
3246,1067,2342,3,472.65
3247,1067,4616,2,210.14
3248,1067,1387,2,212.52
3249,1067,3327,1,175.36
3250,1067,4394,3,102.69
3251,1069,3354,1,26.16
3252,1069,1815,1,53.27
3253,1070,743,3,435.92
3254,1070,2415,1,432.04
3255,1070,1804,3,215.3
3256,1070,4875,2,492.55
3257,1071,566,3,133.84
3258,1072,836,2,410.32
3259,1072,4291,1,64.86
3260,1073,2955,3,257.17
3261,1073,724,1,176.58
3262,1073,919,3,16.88
3263,1073,1394,2,329.91
3264,1073,4908,1,270.07
3265,1073,4125,1,73.57
3266,1074,3039,3,309.49
3267,1075,1272,3,479.46
3268,1075,911,3,92.98
3269,1075,3951,3,305.3
3270,1076,546,2,199.52
3271,1076,2621,3,439.69
3272,1076,3868,2,212.08
3273,1076,3723,2,413.87
3274,1077,4635,2,209.48
3275,1077,2127,3,451.08
3276,1077,4787,2,357.31
3277,1077,471,2,210.73
3278,1077,2636,1,245.16
3279,1077,2109,3,96.24
3280,1078,1046,3,177.08
3281,1079,4780,1,445.15
3282,1079,631,2,421.58
3283,1079,2351,2,75.01
3284,1079,4496,2,215.76
3285,1079,3595,1,47.26
3286,1080,3838,3,62.6
3287,1080,2385,3,432.16
3288,1080,2909,2,138.02
3289,1080,3946,3,291.9
3290,1081,2668,3,305.65
3291,1081,3009,2,11.5
3292,1081,1340,3,101.43
3293,1081,3423,1,99.7
3294,1083,1400,1,122.73
3295,1083,689,2,281.83
3296,1083,2016,3,304.89
3297,1083,1693,2,400.42
3298,1083,1399,3,400.89
3299,1083,408,2,443.18
3300,1084,881,1,144.16
3301,1084,152,3,244.33
3302,1086,204,3,189.29
3303,1086,2472,1,335.95
3304,1087,2477,3,395.79
3305,1087,3945,1,290.58
3306,1087,2776,1,320.22
3307,1089,3678,1,79.28
3308,1089,1316,2,414.74
3309,1089,2300,3,248.24
3310,1089,162,2,132.84
3311,1090,3697,3,39.69
3312,1090,3216,3,270.47
3313,1091,1993,2,111.46
3314,1091,2618,3,295.45
3315,1094,4635,1,209.48
3316,1094,3831,2,258.44
3317,1094,1360,2,221.94
3318,1095,332,2,153.18
3319,1095,1653,1,50.04
3320,1095,1865,1,52.18
3321,1095,389,1,327.77
3322,1096,433,1,89.74
3323,1096,1686,1,214.52
3324,1096,402,3,351.53
3325,1096,632,2,288.36
3326,1097,4358,2,98.63
3327,1097,748,2,375.59
3328,1097,3898,3,366.61
3329,1097,1266,1,354.58
3330,1098,2100,1,35.62
3331,1098,142,2,450.56
3332,1099,2602,1,156.2
3333,1099,727,1,227.74
3334,1099,3832,2,314.12
3335,1100,2691,3,249.16
3336,1100,3414,3,179.02
3337,1100,2501,3,492.99
3338,1100,1341,3,302.67
3339,1101,1898,1,451.61
3340,1101,4767,3,53.18
3341,1101,1959,3,324.68
3342,1101,4758,3,299.67
3343,1101,4285,1,293.77
3344,1102,3924,3,84.26
3345,1102,3136,2,26.4
3346,1103,4472,1,191.02
3347,1103,2404,1,426.41
3348,1103,267,2,397.49
3349,1103,3410,1,151.78
3350,1103,1761,3,455.91
3351,1104,717,2,287.83
3352,1104,1070,2,438.58
3353,1104,4406,2,355.54
3354,1104,490,3,408.21
3355,1104,3463,3,44.86
3356,1105,4974,1,215.3
3357,1107,3450,1,307.14
3358,1107,3311,2,399.76
3359,1107,2144,2,19.89
3360,1107,894,1,212.02
3361,1108,1544,3,373.41
3362,1108,2318,3,88.52
3363,1108,55,2,423.48
3364,1109,4621,3,299.43
3365,1109,2910,1,346.41
3366,1109,1655,2,453.38
3367,1110,2038,2,369.66
3368,1110,327,3,499.5
3369,1111,1942,2,231.65
3370,1111,1254,3,296.25
3371,1111,2463,1,94.5
3372,1111,3219,3,203.09
3373,1111,263,1,71.87
3374,1111,4212,2,51.87
3375,1112,1225,2,5.12
3376,1112,1941,1,316.61
3377,1113,2581,1,30.08
3378,1113,3969,2,233.05
3379,1113,763,3,294.59
3380,1113,2515,1,246.23
3381,1115,378,2,349.05
3382,1115,1663,1,213.14
3383,1115,1814,3,349.71
3384,1115,1480,1,250.16
3385,1115,2882,2,13.06
3386,1115,3610,1,483.35
3387,1116,3956,2,484.86
3388,1116,933,2,427.39
3389,1117,4738,2,268.23
3390,1117,3715,3,26.14
3391,1117,368,2,422.45
3392,1118,367,1,205.99
3393,1118,2814,3,304.14
3394,1118,3238,3,353.19
3395,1119,59,2,434.41
3396,1119,4114,1,94.71
3397,1119,4916,3,472.88
3398,1119,158,3,43.16
3399,1119,2835,3,327.56
3400,1121,1956,2,472.79
3401,1121,324,1,424.66
3402,1121,1093,1,367.77
3403,1121,120,3,355.3
3404,1121,2676,3,91.84
3405,1121,219,2,197.97
3406,1123,2554,3,130.67
3407,1123,3194,2,384.14
3408,1123,252,3,20.75
3409,1123,3279,2,476.93
3410,1124,4417,2,128.41
3411,1124,2868,3,412.32
3412,1125,1132,3,466.57
3413,1127,3450,2,307.14
3414,1127,3369,2,18.47
3415,1127,599,3,78.34
3416,1127,2097,3,296.23
3417,1127,417,3,298.58
3418,1128,1351,1,415.47
3419,1128,1981,2,195.98
3420,1128,2248,3,414.95
3421,1128,452,2,250.68
3422,1128,498,2,96.64
3423,1128,875,1,71.17
3424,1129,4225,2,51.18
3425,1129,1359,2,388.75
3426,1129,1137,1,23.32
3427,1131,4099,3,459.13
3428,1131,1760,1,181.35
3429,1131,1018,1,163.46
3430,1131,3921,1,160.41
3431,1131,1928,2,248.2
3432,1131,3889,3,369.54
3433,1132,2022,2,290.33
3434,1132,4130,1,499.68
3435,1132,3253,2,349.56
3436,1133,1716,3,418.5
3437,1134,2932,2,68.74
3438,1134,382,1,188.03
3439,1134,4356,2,178.88
3440,1134,1407,1,470.92
3441,1134,773,3,226.89
3442,1134,4390,2,423.5
3443,1135,3784,1,286.09
3444,1135,2550,3,52.41
3445,1135,1253,3,317.4
3446,1136,4302,2,252.32
3447,1136,356,3,125.63
3448,1136,1972,2,397.19
3449,1136,1683,2,278.65
3450,1136,2133,3,359.0
3451,1136,1832,1,172.15
3452,1137,242,1,324.06
3453,1137,1375,3,161.09
3454,1137,1267,3,166.92
3455,1137,617,3,149.6
3456,1137,2318,1,88.52
3457,1138,1281,1,93.47
3458,1138,3621,3,152.2
3459,1138,4421,2,396.38
3460,1138,179,3,256.63
3461,1140,3190,2,234.5
3462,1140,2585,3,105.71
3463,1141,4477,2,292.58
3464,1141,4186,2,37.33
3465,1141,4484,1,255.73
3466,1141,2080,2,84.1
3467,1141,505,3,299.51
3468,1142,4139,1,98.51
3469,1142,1815,3,53.27
3470,1142,2957,3,218.94
3471,1142,421,2,227.96
3472,1142,1403,1,97.23
3473,1142,2676,3,91.84
3474,1143,4129,1,153.84
3475,1143,1915,3,468.6
3476,1145,1757,2,347.32
3477,1145,1419,1,306.97
3478,1145,354,3,304.2
3479,1145,4655,2,125.18
3480,1147,3740,1,331.47
3481,1147,4424,3,460.36
3482,1147,2380,1,294.54
3483,1147,120,1,355.3
3484,1147,2842,1,306.42
3485,1147,4724,2,193.04
3486,1148,1888,1,293.54
3487,1148,362,2,149.29
3488,1148,2778,1,224.18
3489,1148,3424,1,132.39
3490,1148,4352,1,225.72
3491,1149,2228,3,422.37
3492,1149,2826,3,284.19
3493,1150,1527,2,381.08
3494,1150,3085,1,275.02
3495,1150,2979,1,109.0
3496,1150,475,1,416.98
3497,1150,3440,2,343.13
3498,1150,1333,3,269.7
3499,1151,4599,2,271.58
3500,1151,3337,1,366.92
3501,1151,872,2,385.88
3502,1152,2805,3,190.1
3503,1153,3907,1,20.34
3504,1153,2234,3,254.05
3505,1153,3687,2,268.1
3506,1153,175,2,294.76
3507,1153,1481,1,62.58
3508,1154,346,1,446.66
3509,1154,3613,1,134.21
3510,1154,2983,3,393.15
3511,1154,4162,1,186.73
3512,1154,4787,2,357.31
3513,1154,4388,3,13.43
3514,1155,855,1,259.21
3515,1155,2514,2,149.49
3516,1155,3442,2,207.22
3517,1157,1902,1,416.15
3518,1157,4480,2,422.94
3519,1158,1977,3,118.64
3520,1158,4306,2,176.29
3521,1158,1247,2,93.11
3522,1158,2497,2,463.48
3523,1158,4,2,173.68
3524,1159,2245,1,425.99
3525,1159,918,2,55.89
3526,1160,3763,1,498.41
3527,1161,104,3,195.41
3528,1161,981,2,92.56
3529,1161,640,3,21.14
3530,1161,2611,2,487.61
3531,1162,4667,1,377.24
3532,1162,1459,3,474.77
3533,1162,817,3,145.28
3534,1163,1744,1,484.79
3535,1163,1874,2,131.3
3536,1163,125,1,411.94
3537,1163,425,2,484.44
3538,1163,242,1,324.06
3539,1164,230,1,139.71
3540,1164,4865,2,121.68
3541,1164,2316,2,467.01
3542,1164,2242,2,487.1
3543,1164,1990,1,432.06
3544,1164,1161,2,27.39
3545,1165,931,2,6.42
3546,1165,1747,1,206.63
3547,1166,155,2,287.23
3548,1166,3185,1,31.85
3549,1166,395,1,450.45
3550,1166,2543,3,495.97
3551,1167,3506,1,156.86
3552,1167,3742,1,383.9
3553,1167,2346,3,83.06
3554,1167,669,1,347.46
3555,1167,3908,1,260.28
3556,1167,2489,1,289.68
3557,1169,101,3,296.71
3558,1169,3182,3,296.4
3559,1170,4584,2,261.31
3560,1170,248,1,96.84
3561,1170,1231,1,93.61
3562,1171,4547,1,471.62
3563,1171,1926,3,417.81
3564,1171,2329,1,356.93
3565,1172,1052,1,388.75
3566,1172,3372,3,117.37
3567,1173,732,2,167.78
3568,1173,4168,2,19.91
3569,1174,2521,3,26.21
3570,1176,2508,3,363.14
3571,1176,4977,1,360.65
3572,1176,1198,3,304.82
3573,1176,1253,3,317.4
3574,1177,759,1,37.68
3575,1178,2717,1,36.08
3576,1178,572,2,463.97
3577,1178,2390,2,341.17
3578,1178,2419,1,52.7
3579,1178,4644,2,156.53
3580,1178,2507,1,492.46
3581,1179,4053,3,184.38
3582,1179,2740,2,212.84
3583,1179,3427,3,227.63
3584,1179,3371,1,119.51
3585,1179,3003,2,187.3
3586,1179,2915,2,192.33
3587,1180,4419,2,469.68
3588,1180,1638,3,438.39
3589,1180,2281,3,226.08
3590,1180,1182,1,335.65
3591,1180,3197,2,137.87
3592,1181,2380,2,294.54
3593,1181,4696,2,221.19
3594,1181,936,1,185.8
3595,1181,3473,1,162.55
3596,1182,4356,1,178.88
3597,1182,4651,1,222.98
3598,1182,3751,2,114.86
3599,1182,2184,2,283.08
3600,1182,4563,3,298.62
3601,1182,2877,1,384.86
3602,1184,3481,1,438.46
3603,1184,214,2,328.24
3604,1184,3697,3,39.69
3605,1185,3375,3,344.37
3606,1186,928,3,348.24
3607,1186,4001,1,352.11
3608,1187,1567,2,191.12
3609,1187,817,2,145.28
3610,1187,1181,2,121.18
3611,1187,4991,3,171.46
3612,1188,4358,3,98.63
3613,1188,253,2,114.26
3614,1188,4417,1,128.41
3615,1188,4269,3,97.41
3616,1189,3416,1,413.2
3617,1190,1829,2,72.41
3618,1190,665,1,257.61
3619,1190,263,3,71.87
3620,1190,4662,2,197.77
3621,1191,2631,3,172.16
3622,1191,669,2,347.46
3623,1191,2942,3,140.93
3624,1192,3057,2,288.56
3625,1193,4437,3,106.21
3626,1193,2903,1,467.71
3627,1193,4232,2,140.67
3628,1194,2849,1,401.38
3629,1195,851,3,484.54
3630,1195,3870,1,321.67
3631,1195,3803,1,260.8
3632,1196,391,1,340.47
3633,1196,4162,2,186.73
3634,1197,465,1,450.59
3635,1197,794,3,47.42
3636,1197,4258,3,136.29
3637,1200,1297,3,375.27
3638,1200,2357,2,83.0
3639,1200,1162,3,220.67
3640,1200,3221,3,107.97
3641,1202,4506,2,347.9
3642,1202,1602,3,479.92
3643,1202,4514,3,57.55
3644,1203,1704,3,55.14
3645,1203,2272,3,454.59
3646,1203,1606,3,189.77
3647,1203,3743,1,425.54
3648,1203,588,3,68.26
3649,1203,3329,1,76.65
3650,1204,443,2,346.92
3651,1205,3118,1,24.31
3652,1205,4398,2,398.19
3653,1206,3664,2,125.01
3654,1206,28,3,200.43
3655,1206,3402,2,366.04
3656,1206,1044,2,123.19
3657,1206,939,2,90.92
3658,1207,2427,2,396.6
3659,1207,588,1,68.26
3660,1208,3237,3,478.81
3661,1208,2769,1,457.85
3662,1208,1877,3,424.04
3663,1208,2183,2,341.84
3664,1208,1101,3,99.12
3665,1209,3017,2,458.06
3666,1209,4880,2,407.41
3667,1209,4811,1,57.15
3668,1210,3367,3,52.9
3669,1210,437,1,449.63
3670,1211,292,2,73.6
3671,1211,4127,3,433.33
3672,1211,711,2,150.62
3673,1211,3139,2,84.56
3674,1211,1618,3,52.81
3675,1211,3819,2,104.38
3676,1212,536,1,245.49
3677,1212,4103,2,103.21
3678,1212,1726,1,467.52
3679,1212,4904,3,331.55
3680,1212,1088,1,428.64
3681,1212,2461,3,192.03
3682,1213,3783,3,207.34
3683,1213,4583,2,155.75
3684,1213,345,1,139.17
3685,1213,1295,1,372.57
3686,1214,2305,2,149.56
3687,1214,2079,1,80.09
3688,1214,3012,1,147.46
3689,1214,2438,2,316.0
3690,1214,4694,3,223.6
3691,1214,4997,1,273.2
3692,1215,4536,1,148.65
3693,1215,1177,1,315.51
3694,1215,2723,3,318.85
3695,1215,2898,2,496.94
3696,1216,3890,3,305.6
3697,1216,3978,2,109.66
3698,1216,486,2,208.94
3699,1216,841,2,349.08
3700,1216,1421,2,116.19
3701,1217,2510,3,358.74
3702,1217,2227,2,298.74
3703,1217,3242,3,360.3
3704,1217,1892,1,445.82
3705,1217,3681,3,70.15
3706,1218,3062,2,439.69
3707,1218,4623,3,258.27
3708,1218,3859,3,87.23
3709,1218,2999,1,216.5
3710,1219,3107,2,177.19
3711,1219,3186,1,119.55
3712,1220,3373,1,354.94
3713,1220,4719,3,355.86
3714,1220,3883,1,339.8
3715,1220,4610,2,400.53
3716,1221,1451,3,476.82
3717,1221,3512,1,466.54
3718,1222,4018,2,76.29
3719,1222,3486,2,270.95
3720,1222,4886,1,327.2
3721,1222,213,2,205.36
3722,1222,4373,3,413.15
3723,1223,3517,3,170.67
3724,1223,1460,1,159.04
3725,1223,518,1,216.93
3726,1223,2980,1,479.94
3727,1223,2436,2,289.5
3728,1223,3566,2,190.45
3729,1226,3802,2,203.0
3730,1226,2850,2,28.21
3731,1227,2555,3,87.76
3732,1227,2426,2,219.86
3733,1227,1051,2,13.61
3734,1227,1629,1,270.15
3735,1227,1113,2,438.84
3736,1229,1823,3,307.42
3737,1229,2577,2,377.72
3738,1229,4822,2,112.04
3739,1229,393,2,21.85
3740,1230,2487,3,37.33
3741,1231,909,1,219.78
3742,1231,3137,2,212.04
3743,1231,4443,2,24.87
3744,1231,4047,3,346.39
3745,1231,3808,3,142.63
3746,1231,1838,2,395.21
3747,1232,181,1,135.23
3748,1233,2811,3,139.63
3749,1234,4671,2,463.59
3750,1234,950,1,388.65
3751,1234,3116,1,81.74
3752,1234,523,1,153.26
3753,1235,384,1,122.78
3754,1235,4002,1,433.86
3755,1235,3782,1,193.42
3756,1235,1331,2,456.79
3757,1235,774,1,88.04
3758,1235,4488,1,366.02
3759,1236,2234,1,254.05
3760,1236,948,2,377.08
3761,1236,4741,3,479.03
3762,1236,98,3,86.26
3763,1237,4326,2,195.58
3764,1237,2645,3,109.88
3765,1237,1185,2,244.45
3766,1237,2307,2,95.61
3767,1238,4004,1,92.25
3768,1238,3423,2,99.7
3769,1238,3844,3,343.48
3770,1239,4241,3,198.31
3771,1239,1692,1,304.98
3772,1239,1263,2,96.37
3773,1239,3086,2,112.17
3774,1240,1438,2,158.71
3775,1240,3460,1,420.46
3776,1240,3520,1,443.77
3777,1240,4742,3,167.45
3778,1240,404,1,409.9
3779,1243,2396,3,137.66
3780,1243,4949,1,60.27
3781,1243,1966,1,226.43
3782,1244,788,1,462.54
3783,1244,4269,2,97.41
3784,1244,2022,1,290.33
3785,1244,3597,3,158.33
3786,1245,4095,3,445.68
3787,1245,3918,3,348.71
3788,1245,4312,2,195.31
3789,1245,4611,1,9.53
3790,1246,1017,3,404.68
3791,1247,3358,2,400.28
3792,1247,4575,2,413.9
3793,1247,741,1,412.6
3794,1247,1524,1,297.21
3795,1249,1617,2,458.34
3796,1249,4335,1,406.34
3797,1249,3332,3,355.09
3798,1249,3110,1,8.96
3799,1249,2197,3,165.65
3800,1250,783,2,339.83
3801,1250,4114,3,94.71
3802,1250,4510,3,22.15
3803,1250,1604,2,26.84
3804,1250,1915,3,468.6
3805,1250,3729,1,430.3
3806,1251,1654,2,316.42
3807,1251,1338,1,241.76
3808,1251,4265,2,384.79
3809,1251,4570,1,52.65
3810,1251,827,1,491.44
3811,1252,4474,3,170.35
3812,1252,125,2,411.94
3813,1252,2183,2,341.84
3814,1252,1579,3,16.99
3815,1253,2502,1,411.43
3816,1253,2693,2,229.02
3817,1253,2246,3,389.54
3818,1253,1208,1,137.73
3819,1253,1582,1,24.86
3820,1253,4200,2,86.87
3821,1254,603,1,245.62
3822,1254,4116,2,88.44
3823,1255,2855,3,142.96
3824,1255,3315,3,174.4
3825,1256,83,2,326.18
3826,1257,1196,3,192.04
3827,1257,3776,3,401.51
3828,1257,2270,2,299.35
3829,1257,24,3,193.82
3830,1258,977,2,374.13
3831,1258,4180,2,458.89
3832,1258,3280,1,223.49
3833,1259,3451,2,452.33
3834,1260,3256,3,405.72
3835,1260,663,3,235.0
3836,1261,4422,2,73.0
3837,1261,3682,1,342.07
3838,1261,4557,1,476.98
3839,1261,766,1,23.76
3840,1261,1553,1,252.07
3841,1261,3291,2,350.16
3842,1262,3015,3,445.89
3843,1262,622,2,224.08
3844,1263,2092,2,478.43
3845,1263,4332,1,269.17
3846,1263,1002,2,228.18
3847,1263,916,3,242.81
3848,1263,375,1,306.98
3849,1263,4654,1,469.23
3850,1264,4178,3,193.66
3851,1264,3083,1,45.25
3852,1264,1851,2,379.46
3853,1265,3317,2,113.86
3854,1265,2983,2,393.15
3855,1265,549,3,439.0
3856,1265,2330,1,274.65
3857,1266,2067,3,222.98
3858,1266,3193,2,82.25
3859,1266,2831,1,134.2
3860,1266,4203,3,434.55
3861,1266,3625,2,39.23
3862,1267,4287,1,227.98
3863,1267,689,1,281.83
3864,1267,3249,3,298.16
3865,1267,2647,2,456.87
3866,1268,855,1,259.21
3867,1268,351,2,356.56
3868,1268,2040,1,58.16
3869,1269,2021,2,49.6
3870,1269,182,2,203.32
3871,1269,963,1,437.71
3872,1269,3758,2,266.98
3873,1269,1802,3,488.84
3874,1269,4414,1,223.96
3875,1270,3918,2,348.71
3876,1271,2767,3,350.26
3877,1271,2975,3,396.58
3878,1271,269,3,434.58
3879,1271,2724,1,493.16
3880,1271,2689,1,379.33
3881,1272,3252,3,412.83
3882,1274,4648,1,54.83
3883,1274,1701,1,461.76
3884,1275,4917,1,164.76
3885,1275,216,1,66.89
3886,1275,1108,1,104.25
3887,1276,4154,3,104.05
3888,1277,4826,3,289.77
3889,1277,4272,1,314.76
3890,1277,630,2,272.27
3891,1277,320,2,375.92
3892,1278,3863,1,73.17
3893,1278,449,1,175.89
3894,1278,3395,1,440.89
3895,1278,3542,2,356.01
3896,1278,2370,1,176.95
3897,1278,3278,1,473.88
3898,1279,2340,2,471.34
3899,1279,265,3,181.05
3900,1279,2277,1,449.14
3901,1280,1519,3,24.49
3902,1280,4395,3,56.09
3903,1280,4682,1,61.92
3904,1280,2298,1,277.86
3905,1280,4397,2,184.95
3906,1281,3423,3,99.7
3907,1281,4564,2,176.36
3908,1281,4224,1,458.84
3909,1282,4845,1,86.09
3910,1282,2287,1,466.55
3911,1283,692,2,167.46
3912,1283,1152,2,160.83
3913,1283,3103,1,499.18
3914,1283,3202,2,97.96
3915,1283,728,2,370.21
3916,1283,4064,1,298.07
3917,1284,427,1,462.81
3918,1284,4931,1,477.45
3919,1284,4758,3,299.67
3920,1284,4045,2,196.43
3921,1284,3719,2,376.21
3922,1284,3292,2,333.36
3923,1285,1716,3,418.5
3924,1285,4962,1,422.3
3925,1286,4260,1,267.8
3926,1286,260,3,451.73
3927,1286,4741,1,479.03
3928,1287,1684,2,429.96
3929,1288,1892,3,445.82
3930,1288,1304,3,116.42
3931,1289,3738,2,436.94
3932,1289,911,1,92.98
3933,1289,1688,2,187.62
3934,1290,2562,3,340.18
3935,1292,1157,2,64.79
3936,1292,3721,3,427.57
3937,1292,566,1,133.84
3938,1292,874,2,180.1
3939,1292,2410,1,264.59
3940,1292,843,1,303.06
3941,1293,3181,1,160.44
3942,1294,2795,3,261.2
3943,1294,4021,3,318.48
3944,1294,4818,2,213.31
3945,1294,1548,3,450.05
3946,1294,1555,2,211.09
3947,1294,21,1,216.66
3948,1295,1482,1,414.15
3949,1295,1098,3,146.61
3950,1296,800,3,444.55
3951,1296,530,3,364.67
3952,1296,4104,1,180.32
3953,1297,4921,1,283.49
3954,1297,3966,2,92.42
3955,1298,1999,1,471.24
3956,1298,3921,3,160.41
3957,1298,3914,3,269.63
3958,1298,3260,3,17.24
3959,1298,2006,1,344.58
3960,1299,2404,2,426.41
3961,1299,3876,3,52.02
3962,1301,1754,3,217.6
3963,1301,3252,1,412.83
3964,1302,4345,3,164.11
3965,1302,552,2,160.29
3966,1302,1894,3,321.92
3967,1304,3789,2,295.69
3968,1304,4857,1,273.49
3969,1304,1670,3,50.13
3970,1304,2268,2,399.05
3971,1304,1576,2,172.39
3972,1305,3607,1,316.44
3973,1306,1615,3,178.81
3974,1306,238,2,321.07
3975,1306,4905,2,19.21
3976,1306,1562,1,266.97
3977,1307,3776,3,401.51
3978,1307,4369,1,461.09
3979,1308,1570,1,102.9
3980,1308,1877,1,424.04
3981,1308,688,3,402.18
3982,1309,2131,1,306.4
3983,1309,4388,1,13.43
3984,1309,2983,2,393.15
3985,1310,1268,3,336.59
3986,1310,4033,1,235.3
3987,1310,4873,2,32.98
3988,1310,4325,2,405.2
3989,1310,2153,1,103.29
3990,1310,3888,2,352.75
3991,1311,573,2,423.69
3992,1311,2959,1,436.15
3993,1312,4531,2,113.07
3994,1312,4717,2,363.59
3995,1312,65,2,128.17
3996,1313,3787,1,144.05
3997,1313,4900,1,134.33
3998,1313,4828,1,91.21
3999,1314,1544,2,373.41
4000,1315,2135,1,477.98
4001,1315,2950,2,272.58
4002,1315,374,3,346.8
4003,1316,3570,3,184.01
4004,1316,137,2,300.34
4005,1318,1744,3,484.79
4006,1318,182,3,203.32
4007,1318,2312,3,332.24
4008,1319,4809,3,317.84
4009,1319,3774,2,284.11
4010,1319,2198,3,302.04
4011,1320,3224,3,188.46
4012,1321,2571,1,24.34
4013,1322,2296,2,184.98
4014,1322,3963,2,300.57
4015,1323,3399,2,112.73
4016,1323,7,3,91.23
4017,1323,1393,1,303.62
4018,1323,1181,2,121.18
4019,1323,2201,2,160.99
4020,1323,689,3,281.83
4021,1324,2958,3,484.88
4022,1324,4843,2,338.49
4023,1325,1651,1,269.97
4024,1326,1112,3,250.82
4025,1326,3355,3,483.43
4026,1326,4037,2,124.46
4027,1326,2189,2,39.02
4028,1326,1133,3,193.74
4029,1326,3900,2,245.45
4030,1327,2065,3,426.44
4031,1328,397,2,391.46
4032,1329,4873,3,32.98
4033,1330,481,1,33.96
4034,1330,2731,2,366.02
4035,1330,3817,2,191.18
4036,1330,1432,1,482.97
4037,1330,3169,2,106.23
4038,1331,1842,3,29.25
4039,1331,186,2,369.78
4040,1331,3556,3,211.33
4041,1331,48,3,232.2
4042,1331,1002,2,228.18
4043,1331,411,2,26.19
4044,1332,3644,2,362.67
4045,1332,4593,3,42.99
4046,1332,1164,3,256.79
4047,1332,3428,2,380.76
4048,1332,3286,3,323.35
4049,1333,2288,3,460.78
4050,1333,1436,1,379.5
4051,1333,2016,2,304.89
4052,1333,1147,2,159.99
4053,1333,3636,2,114.17
4054,1333,1740,1,355.16
4055,1335,3728,2,166.69
4056,1335,4455,3,433.19
4057,1335,388,1,481.07
4058,1335,2576,2,63.96
4059,1335,3891,1,115.63
4060,1335,2775,3,16.91
4061,1336,2196,1,95.47
4062,1336,872,3,385.88
4063,1336,131,3,206.78
4064,1337,2364,1,396.73
4065,1338,3641,1,433.51
4066,1339,3358,2,400.28
4067,1340,3273,3,303.1
4068,1340,4114,2,94.71
4069,1340,2630,3,461.03
4070,1340,1352,3,470.29
4071,1340,3642,3,471.16
4072,1340,4483,3,393.52
4073,1341,1753,3,463.19
4074,1341,1531,3,457.1
4075,1341,4959,2,233.41
4076,1341,565,3,254.75
4077,1341,3191,2,105.79
4078,1341,3237,1,478.81
4079,1343,2411,2,144.48
4080,1343,290,1,194.19
4081,1343,471,2,210.73
4082,1343,4923,2,334.06
4083,1344,821,2,153.06
4084,1344,1413,2,335.72
4085,1344,1300,2,190.77
4086,1344,2447,3,232.05
4087,1344,4534,1,353.43
4088,1345,3437,2,134.05
4089,1345,4457,3,98.23
4090,1345,1803,2,173.94
4091,1346,584,1,186.89
4092,1346,2272,2,454.59
4093,1347,1710,3,154.94
4094,1347,3064,3,81.28
4095,1347,1889,1,330.1
4096,1349,1109,3,333.35
4097,1350,1170,1,420.2
4098,1350,2111,1,428.51
4099,1350,1035,2,424.66
4100,1350,3826,1,492.85
4101,1351,4562,3,303.03
4102,1351,77,2,49.06
4103,1351,4572,3,379.37
4104,1351,311,1,47.23
4105,1351,2751,3,47.84
4106,1352,2073,2,118.52
4107,1352,906,2,485.94
4108,1352,2857,3,356.1
4109,1352,317,2,316.17
4110,1352,496,2,291.18
4111,1352,925,2,431.55
4112,1354,1875,2,26.21
4113,1355,1944,1,385.71
4114,1355,3977,3,363.18
4115,1356,2651,2,166.3
4116,1356,3179,2,433.57
4117,1356,859,2,423.4
4118,1357,2589,2,80.34
4119,1357,1796,3,227.42
4120,1357,4494,3,189.56
4121,1357,2981,3,202.58
4122,1358,2573,2,248.38
4123,1358,4178,2,193.66
4124,1358,3365,2,480.9
4125,1358,2438,2,316.0
4126,1358,4163,1,314.84
4127,1359,1729,3,411.61
4128,1359,2659,3,195.22
4129,1359,1,3,18.96
4130,1359,4378,2,172.53
4131,1359,2122,3,66.09
4132,1360,44,1,419.64
4133,1360,817,2,145.28
4134,1360,3935,2,23.38
4135,1360,4570,3,52.65
4136,1360,1103,3,286.73
4137,1361,3627,3,480.56
4138,1361,397,1,391.46
4139,1361,856,2,364.08
4140,1361,10,2,483.93
4141,1361,66,2,156.53
4142,1361,4185,3,366.21
4143,1363,3328,3,187.8
4144,1363,418,3,278.94
4145,1363,49,1,499.72
4146,1363,2611,1,487.61
4147,1363,1881,1,424.48
4148,1363,818,3,345.86
4149,1364,996,2,319.06
4150,1364,810,1,318.61
4151,1364,2453,1,175.73
4152,1364,3711,2,307.36
4153,1364,3187,3,439.28
4154,1364,2844,3,237.87
4155,1365,3324,2,470.81
4156,1365,2118,1,497.14
4157,1365,2553,2,329.27
4158,1365,4454,1,185.66
4159,1365,2787,2,305.59
4160,1366,2447,2,232.05
4161,1366,1124,2,456.46
4162,1366,3718,2,145.65
4163,1366,4263,1,175.18
4164,1367,1099,3,316.41
4165,1368,3586,2,358.25
4166,1368,3094,2,62.42
4167,1370,2169,1,306.23
4168,1370,3848,2,87.62
4169,1370,4000,1,460.96
4170,1371,2255,2,351.71
4171,1371,1295,2,372.57
4172,1371,2410,1,264.59
4173,1371,833,2,94.64
4174,1371,964,1,94.24
4175,1371,560,3,107.27
4176,1372,2750,2,440.6
4177,1372,4532,1,173.57
4178,1372,2872,3,197.19
4179,1372,1405,1,67.48
4180,1372,4639,2,413.61
4181,1372,4190,3,143.3
4182,1373,3204,1,240.22
4183,1373,3502,3,223.27
4184,1373,741,2,412.6
4185,1374,3902,1,484.73
4186,1374,106,3,468.08
4187,1374,2903,1,467.71
4188,1374,1738,1,175.82
4189,1374,4007,1,246.69
4190,1374,1978,3,442.13
4191,1376,2044,1,94.95
4192,1377,2216,2,478.43
4193,1377,3613,1,134.21
4194,1377,740,1,290.19
4195,1379,739,2,413.17
4196,1379,3540,2,368.36
4197,1380,1356,2,298.51
4198,1380,633,3,447.7
4199,1380,3568,2,93.03
4200,1380,2060,2,218.24
4201,1383,3043,2,31.84
4202,1383,1963,3,23.66
4203,1383,18,3,218.51
4204,1383,933,2,427.39
4205,1383,552,3,160.29
4206,1384,2712,2,225.94
4207,1384,2780,3,384.54
4208,1384,153,3,26.19
4209,1384,3320,3,382.44
4210,1384,458,3,311.22
4211,1385,1510,2,16.8
4212,1386,4004,2,92.25
4213,1386,4214,3,203.58
4214,1386,923,1,301.81
4215,1386,4698,1,40.88
4216,1386,3691,3,416.51
4217,1386,102,1,219.24
4218,1387,4755,1,397.04
4219,1389,645,1,450.64
4220,1389,4035,2,20.73
4221,1389,3195,2,74.61
4222,1390,1412,2,236.66
4223,1390,2248,2,414.95
4224,1390,3485,2,116.84
4225,1391,1061,3,148.44
4226,1391,4423,2,281.21
4227,1391,4825,3,177.1
4228,1391,4257,3,142.2
4229,1392,3482,2,434.47
4230,1392,4151,1,115.23
4231,1392,4583,1,155.75
4232,1392,3765,3,257.45
4233,1392,38,2,117.84
4234,1393,4323,1,208.31
4235,1393,2945,1,431.48
4236,1393,4090,3,273.62
4237,1394,3793,2,80.47
4238,1394,1727,2,92.9
4239,1394,4473,1,178.44
4240,1394,143,2,294.16
4241,1394,3140,2,251.95
4242,1395,2863,3,202.67
4243,1395,2913,2,105.86
4244,1396,3878,2,328.83
4245,1397,4943,3,19.1
4246,1397,466,1,50.78
4247,1398,2105,1,29.75
4248,1401,4321,3,22.29
4249,1401,2499,1,56.88
4250,1402,2258,1,154.64
4251,1403,137,3,300.34
4252,1403,4779,1,82.37
4253,1403,1697,1,16.82
4254,1403,1732,3,145.43
4255,1403,3828,3,399.15
4256,1404,1302,3,179.25
4257,1404,1237,1,64.12
4258,1404,4258,1,136.29
4259,1404,999,2,65.73
4260,1404,2149,3,276.13
4261,1405,2932,2,68.74
4262,1405,1996,1,277.58
4263,1405,782,1,327.2
4264,1405,1642,3,9.38
4265,1405,3739,2,470.08
4266,1406,913,1,404.96
4267,1406,659,1,37.4
4268,1407,4507,2,41.71
4269,1407,3363,3,249.74
4270,1407,879,1,122.07
4271,1407,3680,2,251.65
4272,1407,707,1,109.07
4273,1407,2444,1,270.54
4274,1408,4661,3,138.96
4275,1408,3538,1,269.91
4276,1408,4817,1,274.51
4277,1408,417,1,298.58
4278,1409,2094,1,313.16
4279,1409,2499,3,56.88
4280,1409,4847,3,326.95
4281,1409,822,3,239.34
4282,1409,1434,1,391.58
4283,1409,2128,3,87.35
4284,1411,4767,3,53.18
4285,1411,203,1,308.48
4286,1411,3581,3,300.91
4287,1411,2241,2,142.98
4288,1411,1871,1,149.66
4289,1411,3753,2,44.32
4290,1412,2740,2,212.84
4291,1413,1658,3,234.03
4292,1413,1078,3,158.89
4293,1413,1961,1,315.92
4294,1413,4725,2,290.48
4295,1414,3981,1,62.7
4296,1415,1342,1,153.32
4297,1415,462,1,85.49
4298,1416,361,2,73.76
4299,1416,1783,2,308.56
4300,1416,984,3,376.22
4301,1416,4613,1,271.02
4302,1417,3193,3,82.25
4303,1419,15,1,395.42
4304,1420,1054,2,344.46
4305,1420,613,1,496.86
4306,1420,4251,1,5.34
4307,1420,918,3,55.89
4308,1420,2507,2,492.46
4309,1421,1966,3,226.43
4310,1421,1658,1,234.03
4311,1421,3555,3,441.17
4312,1421,4308,2,247.55
4313,1421,3064,3,81.28
4314,1422,4784,3,366.79
4315,1422,2843,1,269.6
4316,1422,2776,1,320.22
4317,1423,2501,2,492.99
4318,1423,225,3,9.12
4319,1423,4849,2,230.01
4320,1423,815,3,467.29
4321,1423,796,1,493.87
4322,1423,4893,2,406.97
4323,1424,3013,3,320.28
4324,1424,1969,3,367.59
4325,1424,2757,1,354.52
4326,1424,4653,1,413.49
4327,1424,386,1,240.75
4328,1424,675,3,353.5
4329,1425,4905,2,19.21
4330,1425,4979,3,184.6
4331,1425,1439,1,349.34
4332,1425,177,2,279.68
4333,1425,4332,3,269.17
4334,1426,4297,3,330.62
4335,1428,2607,2,493.5
4336,1429,4641,1,295.03
4337,1429,4054,1,145.83
4338,1429,4374,2,359.76
4339,1429,2509,2,360.0
4340,1430,2584,1,481.61
4341,1430,3167,1,399.59
4342,1432,889,2,52.96
4343,1432,2936,2,217.05
4344,1432,4054,2,145.83
4345,1432,3547,1,60.24
4346,1432,4537,2,201.4
4347,1432,1913,2,72.91
4348,1433,4980,1,209.55
4349,1433,1144,3,342.1
4350,1433,2708,2,307.81
4351,1433,3992,3,312.64
4352,1433,2907,2,151.98
4353,1433,3162,3,191.54
4354,1434,2343,3,135.58
4355,1434,4930,3,451.46
4356,1434,923,3,301.81
4357,1434,2792,3,292.55
4358,1436,3109,2,70.97
4359,1436,2072,2,499.53
4360,1436,4207,1,489.62
4361,1436,1919,1,60.75
4362,1436,1743,2,317.61
4363,1436,2158,3,308.99
4364,1437,1798,1,278.11
4365,1437,4469,2,249.32
4366,1437,1496,1,343.96
4367,1437,1996,3,277.58
4368,1437,1373,2,289.35
4369,1438,4764,3,68.96
4370,1438,2280,3,267.76
4371,1438,4306,2,176.29
4372,1439,2173,1,67.58
4373,1439,4692,2,246.06
4374,1441,4058,1,48.83
4375,1441,2053,1,498.76
4376,1441,3490,1,312.89
4377,1441,714,3,234.81
4378,1441,2100,3,35.62
4379,1441,3537,3,81.36
4380,1442,1083,1,330.45
4381,1442,924,1,56.44
4382,1442,1316,2,414.74
4383,1443,3097,3,467.27
4384,1443,4265,3,384.79
4385,1443,2043,3,103.75
4386,1444,3137,1,212.04
4387,1445,685,2,122.99
4388,1445,2945,3,431.48
4389,1445,4347,1,236.33
4390,1445,3819,1,104.38
4391,1445,4152,2,24.42
4392,1447,3146,2,76.48
4393,1447,2980,2,479.94
4394,1450,3298,3,123.97
4395,1450,2292,1,356.05
4396,1450,1211,3,221.61
4397,1451,3500,3,48.62
4398,1451,3170,3,181.09
4399,1451,2162,3,262.42
4400,1452,1481,3,62.58
4401,1452,1273,2,45.91
4402,1452,1057,1,450.11
4403,1452,34,3,434.4
4404,1452,4198,2,200.56
4405,1452,150,1,49.82
4406,1453,3250,1,22.02
4407,1453,1603,3,139.62
4408,1453,171,3,193.71
4409,1453,3003,1,187.3
4410,1454,2209,1,449.14
4411,1454,1640,3,62.35
4412,1454,1597,2,386.37
4413,1454,1563,3,396.68
4414,1454,1652,1,420.56
4415,1455,1404,2,174.48
4416,1455,2431,3,271.42
4417,1456,1409,3,348.38
4418,1456,4636,3,382.78
4419,1456,2815,1,285.64
4420,1456,3461,3,232.55
4421,1456,1398,1,70.2
4422,1457,1007,3,50.53
4423,1457,2433,1,298.74
4424,1457,462,2,85.49
4425,1457,4954,3,82.32
4426,1457,2180,2,487.49
4427,1458,4306,2,176.29
4428,1458,3132,3,156.5
4429,1459,1344,3,447.22
4430,1459,3817,1,191.18
4431,1459,3176,3,104.84
4432,1460,3881,3,325.72
4433,1460,3523,3,180.44
4434,1460,3319,2,498.86
4435,1461,58,1,234.56
4436,1462,3099,3,320.39
4437,1462,4265,2,384.79
4438,1462,660,2,295.16
4439,1463,778,3,431.52
4440,1463,1441,1,485.52
4441,1463,1561,3,445.83
4442,1463,791,3,89.46
4443,1464,2502,3,411.43
4444,1464,1486,2,346.3
4445,1464,926,3,393.85
4446,1464,3193,3,82.25
4447,1464,1671,2,423.46
4448,1465,4283,3,356.72
4449,1465,2060,2,218.24
4450,1467,2413,1,93.63
4451,1467,1176,1,354.03
4452,1467,3904,3,450.82
4453,1467,3532,1,123.49
4454,1467,4795,1,102.99
4455,1467,2272,2,454.59
4456,1468,1242,2,421.85
4457,1468,4450,3,205.57
4458,1468,1839,1,26.85
4459,1469,4980,1,209.55
4460,1469,3747,2,194.0
4461,1470,1155,3,73.38
4462,1470,2284,3,438.28
4463,1470,1812,2,272.83
4464,1470,2127,1,451.08
4465,1470,4527,1,497.63
4466,1470,4989,2,108.5
4467,1471,4476,3,11.11
4468,1471,1932,1,469.41
4469,1471,4990,2,256.02
4470,1471,4752,1,457.98
4471,1471,1591,1,94.55
4472,1471,4933,2,47.98
4473,1472,2505,1,235.02
4474,1473,1525,1,452.62
4475,1473,4501,1,478.27
4476,1473,3941,3,32.55
4477,1473,4317,3,237.14
4478,1473,677,3,68.48
4479,1475,2408,1,134.76
4480,1475,56,2,371.75
4481,1477,2715,2,384.39
4482,1477,1002,3,228.18
4483,1477,4481,3,497.36
4484,1477,4254,2,188.88
4485,1478,367,3,205.99
4486,1478,3393,2,142.83
4487,1478,560,2,107.27
4488,1478,4682,2,61.92
4489,1479,1784,2,297.43
4490,1479,2707,2,440.45
4491,1479,2546,3,193.83
4492,1479,3729,1,430.3
4493,1480,3598,2,357.57
4494,1480,3984,1,229.71
4495,1480,1646,3,377.42
4496,1481,2833,1,47.16
4497,1481,3181,3,160.44
4498,1481,681,2,116.15
4499,1481,1690,3,87.67
4500,1482,3125,2,436.44
4501,1482,2855,2,142.96
4502,1482,525,1,479.18
4503,1482,4847,2,326.95
4504,1483,1755,1,375.96
4505,1484,3082,1,389.15
4506,1484,1513,2,394.55
4507,1485,4410,3,127.99
4508,1485,2801,3,123.85
4509,1485,1240,3,335.52
4510,1485,2421,3,422.01
4511,1486,2907,3,151.98
4512,1486,4654,1,469.23
4513,1486,909,3,219.78
4514,1486,2729,2,462.37
4515,1486,4352,3,225.72
4516,1488,1674,1,195.32
4517,1488,1597,1,386.37
4518,1488,4404,3,21.54
4519,1488,203,2,308.48
4520,1489,3699,3,319.5
4521,1489,4849,3,230.01
4522,1489,949,1,364.22
4523,1489,4890,2,157.73
4524,1489,4512,2,206.43
4525,1491,4526,2,30.06
4526,1491,801,2,311.08
4527,1491,1481,3,62.58
4528,1493,3035,1,266.53
4529,1493,4868,2,203.44
4530,1493,419,3,12.74
4531,1493,2120,2,217.89
4532,1493,3431,1,237.81
4533,1494,2762,2,190.71
4534,1494,3814,2,111.15
4535,1495,2164,1,229.5
4536,1496,1579,3,16.99
4537,1496,2324,3,274.62
4538,1496,1632,3,388.99
4539,1497,3225,1,236.22
4540,1498,1333,2,269.7
4541,1500,3128,1,251.37
4542,1500,248,3,96.84
4543,1500,495,1,252.81
4544,1500,145,1,367.82
4545,1501,3851,3,256.82
4546,1501,2499,1,56.88
4547,1502,209,3,183.35
4548,1502,421,2,227.96
4549,1505,3071,1,251.07
4550,1505,2860,1,26.07
4551,1506,3342,3,389.18
4552,1507,1486,3,346.3
4553,1507,3758,1,266.98
4554,1507,4559,1,325.81
4555,1507,3825,1,437.6
4556,1507,2009,2,196.99
4557,1508,3876,1,52.02
4558,1509,666,3,65.87
4559,1509,2382,2,385.86
4560,1509,3214,3,287.79
4561,1510,998,1,315.58
4562,1511,429,3,166.44
4563,1511,2177,2,49.03
4564,1511,3654,3,262.1
4565,1512,3501,3,476.37
4566,1512,3843,3,86.88
4567,1514,1218,1,38.05
4568,1514,3271,3,215.43
4569,1516,3269,1,265.35
4570,1516,715,2,249.92
4571,1516,435,3,112.14
4572,1517,1217,3,51.45
4573,1517,4163,1,314.84
4574,1518,4082,1,342.19
4575,1518,4592,3,431.01
4576,1518,1577,2,264.72
4577,1518,2419,2,52.7
4578,1518,2361,2,293.37
4579,1519,2174,3,356.6
4580,1519,2912,3,380.39
4581,1519,2946,3,401.83
4582,1519,3001,2,186.2
4583,1519,1999,3,471.24
4584,1520,2067,2,222.98
4585,1520,302,3,216.64
4586,1520,4077,3,486.35
4587,1521,4346,2,109.13
4588,1521,292,3,73.6
4589,1521,1138,3,469.72
4590,1521,4594,1,240.68
4591,1523,3927,1,318.0
4592,1523,3584,2,235.18
4593,1524,1508,3,58.78
4594,1524,4884,1,164.99
4595,1526,351,3,356.56
4596,1526,244,3,71.69
4597,1526,3678,1,79.28
4598,1526,484,1,414.28
4599,1527,3269,3,265.35
4600,1528,3624,3,69.69
4601,1528,722,2,275.28
4602,1528,341,1,169.98
4603,1528,2201,1,160.99
4604,1529,3938,3,100.85
4605,1529,1206,1,420.63
4606,1529,1265,2,277.17
4607,1529,2923,2,355.49
4608,1529,304,3,228.55
4609,1529,2484,3,416.71
4610,1532,3573,1,473.57
4611,1532,3951,1,305.3
4612,1532,4415,3,239.81
4613,1533,548,2,140.65
4614,1533,3972,1,145.69
4615,1533,772,3,159.17
4616,1533,2249,2,116.0
4617,1534,4852,3,269.41
4618,1534,2179,1,37.63
4619,1534,894,2,212.02
4620,1535,4127,1,433.33
4621,1535,1560,2,456.13
4622,1535,2677,1,327.37
4623,1535,1426,1,419.52
4624,1538,2566,3,234.49
4625,1538,789,2,138.17
4626,1538,3230,3,151.13
4627,1539,18,1,218.51
4628,1539,197,3,383.3
4629,1539,1977,2,118.64
4630,1540,4520,1,323.3
4631,1540,2702,2,442.94
4632,1541,1209,2,121.69
4633,1542,2186,3,238.75
4634,1542,4937,1,427.39
4635,1542,3468,1,94.25
4636,1542,4863,2,330.27
4637,1543,3968,1,338.92
4638,1543,3607,3,316.44
4639,1543,4794,1,367.51
4640,1543,50,1,58.51
4641,1543,2334,3,97.3
4642,1543,920,3,440.1
4643,1544,2098,1,341.36
4644,1544,2972,2,442.53
4645,1545,1861,2,403.94
4646,1545,2109,2,96.24
4647,1545,1626,2,492.08
4648,1545,3559,3,346.98
4649,1546,3522,1,481.65
4650,1546,4107,3,327.56
4651,1546,4878,3,467.34
4652,1546,1856,1,143.49
4653,1546,4470,1,344.39
4654,1547,3641,2,433.51
4655,1547,4076,1,17.92
4656,1547,4063,1,311.53
4657,1547,1881,2,424.48
4658,1548,1983,1,423.75
4659,1548,699,3,491.05
4660,1548,32,3,429.03
4661,1548,3246,2,145.4
4662,1548,1061,2,148.44
4663,1549,3836,3,376.57
4664,1549,314,1,70.13
4665,1549,4304,1,262.24
4666,1549,1529,3,171.14
4667,1549,544,3,395.46
4668,1550,4755,2,397.04
4669,1550,3417,1,163.16
4670,1551,3484,2,167.02
4671,1551,645,1,450.64
4672,1551,1768,3,279.02
4673,1551,2512,2,301.79
4674,1551,418,2,278.94
4675,1552,428,2,298.39
4676,1553,1161,3,27.39
4677,1553,744,2,362.59
4678,1553,3389,3,347.07
4679,1554,4464,1,464.89
4680,1554,3867,1,385.45
4681,1555,867,3,150.3
4682,1555,2432,3,236.21
4683,1555,3854,3,38.39
4684,1555,3978,3,109.66
4685,1555,1466,3,354.65
4686,1556,3106,2,300.95
4687,1556,1523,3,163.75
4688,1556,2935,3,489.87
4689,1556,3574,2,234.59
4690,1556,3997,2,220.31
4691,1556,2738,2,126.58
4692,1558,3250,3,22.02
4693,1558,4358,3,98.63
4694,1558,4316,1,400.23
4695,1558,3329,1,76.65
4696,1558,1627,3,208.25
4697,1558,4712,3,142.61
4698,1559,4912,3,48.1
4699,1559,4496,3,215.76
4700,1559,2675,1,241.04
4701,1559,440,1,499.48
4702,1559,2122,3,66.09
4703,1559,3638,3,447.16
4704,1560,1687,3,55.25
4705,1560,4446,3,67.5
4706,1560,1852,1,480.58
4707,1561,1264,2,279.9
4708,1561,2939,3,70.54
4709,1561,574,2,94.42
4710,1561,4155,3,440.47
4711,1561,3292,2,333.36
4712,1561,278,2,223.03
4713,1563,2663,2,377.11
4714,1564,373,1,21.56
4715,1564,3409,1,51.6
4716,1564,1714,2,450.21
4717,1565,227,2,85.82
4718,1565,644,3,276.03
4719,1565,2158,3,308.99
4720,1565,2934,3,43.13
4721,1565,1280,2,344.76
4722,1565,4618,2,115.94
4723,1566,293,2,454.96
4724,1566,3186,3,119.55
4725,1566,3860,1,455.01
4726,1566,4930,1,451.46
4727,1567,3822,1,406.68
4728,1567,3158,2,96.18
4729,1567,1390,3,444.97
4730,1567,487,1,281.53
4731,1568,855,2,259.21
4732,1569,2164,3,229.5
4733,1569,2220,3,131.11
4734,1569,3684,2,288.57
4735,1570,570,3,79.88
4736,1570,1249,3,291.45
4737,1570,4954,2,82.32
4738,1570,3048,3,72.63
4739,1570,4630,3,55.72
4740,1571,3705,3,68.09
4741,1571,684,1,52.88
4742,1571,4379,3,426.93
4743,1572,4254,3,188.88
4744,1572,2389,3,15.62
4745,1572,859,2,423.4
4746,1572,4413,3,281.61
4747,1572,3996,2,292.72
4748,1573,4709,2,487.89
4749,1573,234,1,388.95
4750,1573,4781,1,28.24
4751,1573,4442,3,471.38
4752,1573,1855,2,479.81
4753,1574,552,3,160.29
4754,1574,3641,2,433.51
4755,1574,3548,3,8.93
4756,1574,3844,2,343.48
4757,1574,3340,1,246.23
4758,1575,334,2,421.99
4759,1575,3789,2,295.69
4760,1575,3406,1,354.64
4761,1576,2608,3,428.68
4762,1577,1423,1,433.26
4763,1577,1825,2,235.11
4764,1577,1666,1,344.93
4765,1577,333,3,444.57
4766,1577,1113,1,438.84
4767,1577,3030,3,478.57
4768,1578,3804,3,31.51
4769,1578,3447,1,128.44
4770,1578,2740,1,212.84
4771,1579,893,2,311.41
4772,1579,2753,1,386.89
4773,1580,134,2,463.71
4774,1580,2231,1,377.21
4775,1580,955,2,12.4
4776,1580,277,2,175.54
4777,1580,4981,1,189.99
4778,1581,2819,3,368.34
4779,1581,816,1,233.0
4780,1581,4618,1,115.94
4781,1581,313,3,357.46
4782,1582,1172,1,262.84
4783,1584,3927,1,318.0
4784,1584,4403,1,22.84
4785,1584,2263,3,363.56
4786,1584,1225,1,5.12
4787,1584,1604,2,26.84
4788,1585,652,2,269.1
4789,1585,1512,3,161.66
4790,1585,3017,1,458.06
4791,1585,3565,3,415.92
4792,1586,3410,2,151.78
4793,1586,233,1,234.52
4794,1586,854,2,268.18
4795,1587,143,1,294.16
4796,1587,2773,3,167.9
4797,1587,4275,2,410.42
4798,1587,3283,3,234.21
4799,1587,3738,2,436.94
4800,1588,3484,3,167.02
4801,1588,2453,2,175.73
4802,1588,1821,3,407.24
4803,1588,2335,1,72.99
4804,1589,874,2,180.1
4805,1589,1647,3,189.97
4806,1589,4697,1,328.29
4807,1589,3463,1,44.86
4808,1589,2376,3,240.76
4809,1590,797,2,481.22
4810,1590,3088,2,159.22
4811,1590,3012,3,147.46
4812,1591,852,2,404.37
4813,1591,3495,3,359.66
4814,1592,3377,2,387.47
4815,1592,1740,1,355.16
4816,1592,1136,2,163.89
4817,1592,2585,2,105.71
4818,1592,1254,3,296.25
4819,1592,158,3,43.16
4820,1593,313,3,357.46
4821,1593,473,3,265.02
4822,1593,4275,1,410.42
4823,1593,3067,1,290.99
4824,1593,5,2,424.01
4825,1593,2130,1,38.3
4826,1594,2940,1,206.14
4827,1594,845,3,472.65
4828,1594,2555,2,87.76
4829,1595,3696,1,83.43
4830,1595,1041,1,188.04
4831,1595,2462,3,220.91
4832,1596,2627,2,250.71
4833,1596,3904,2,450.82
4834,1596,2564,3,50.0
4835,1599,4628,3,438.29
4836,1599,854,2,268.18
4837,1599,3761,2,58.33
4838,1599,4016,2,472.6
4839,1599,4098,1,353.01
4840,1600,4123,2,394.65
4841,1600,867,3,150.3
4842,1600,4090,2,273.62
4843,1601,1479,2,53.83
4844,1602,823,3,461.92
4845,1602,4035,3,20.73
4846,1602,1559,2,290.72
4847,1603,4893,2,406.97
4848,1603,4848,2,119.98
4849,1604,2523,3,467.15
4850,1604,488,2,458.44
4851,1604,4269,1,97.41
4852,1605,26,3,209.92
4853,1606,3854,1,38.39
4854,1606,1194,2,378.79
4855,1606,3632,3,443.27
4856,1606,1096,3,190.29
4857,1606,1976,3,426.25
4858,1606,3002,3,256.98
4859,1607,3795,1,308.65
4860,1608,2339,1,144.44
4861,1608,134,3,463.71
4862,1608,2841,1,24.96
4863,1608,3423,3,99.7
4864,1608,3,3,302.82
4865,1609,2804,1,369.21
4866,1609,4083,1,29.04
4867,1609,2647,3,456.87
4868,1609,3107,1,177.19
4869,1610,2811,2,139.63
4870,1610,3139,1,84.56
4871,1610,3499,3,81.6
4872,1610,2432,3,236.21
4873,1611,874,2,180.1
4874,1611,2257,2,102.19
4875,1611,202,1,308.33
4876,1613,2658,1,37.01
4877,1615,1227,1,180.72
4878,1615,770,3,248.36
4879,1615,847,1,325.65
4880,1615,1866,2,108.31
4881,1615,4361,1,295.87
4882,1616,2920,3,397.96
4883,1616,4199,2,287.47
4884,1616,3937,1,301.57
4885,1616,511,3,251.46
4886,1617,754,1,12.94
4887,1617,4297,2,330.62
4888,1618,4450,1,205.57
4889,1619,4409,2,145.25
4890,1619,3776,1,401.51
4891,1619,4146,3,216.4
4892,1619,2598,1,231.85
4893,1620,3176,2,104.84
4894,1620,866,1,61.05
4895,1620,3690,1,361.83
4896,1620,4485,3,18.94
4897,1621,1205,1,247.46
4898,1621,3774,2,284.11
4899,1621,2796,3,302.32
4900,1621,3269,1,265.35
4901,1621,3087,1,145.05
4902,1622,3544,3,195.96
4903,1622,3521,3,291.89
4904,1622,2985,1,113.63
4905,1623,965,3,174.5
4906,1623,322,1,348.84
4907,1623,4108,1,438.0
4908,1623,1010,1,246.48
4909,1623,2061,1,233.07
4910,1623,3985,1,24.74
4911,1624,3587,3,145.28
4912,1624,1555,3,211.09
4913,1624,2009,2,196.99
4914,1624,4634,1,344.28
4915,1624,2962,3,370.22
4916,1625,395,1,450.45
4917,1625,4455,3,433.19
4918,1626,1546,3,247.1
4919,1627,2226,1,438.85
4920,1627,2109,1,96.24
4921,1627,3468,1,94.25
4922,1627,2628,2,56.96
4923,1628,197,2,383.3
4924,1628,1548,3,450.05
4925,1630,2646,1,147.84
4926,1630,538,1,363.5
4927,1630,1133,3,193.74
4928,1630,2487,1,37.33
4929,1631,941,3,82.62
4930,1631,18,3,218.51
4931,1631,2693,1,229.02
4932,1632,895,3,63.13
4933,1634,318,3,23.18
4934,1634,4232,2,140.67
4935,1634,796,2,493.87
4936,1634,1296,3,426.88
4937,1634,3593,3,179.71
4938,1634,3864,3,350.6
4939,1635,4480,3,422.94
4940,1635,739,3,413.17
4941,1636,3562,3,438.0
4942,1636,1615,1,178.81
4943,1636,3303,2,268.35
4944,1637,2445,3,161.44
4945,1637,4045,1,196.43
4946,1637,3868,1,212.08
4947,1637,3447,3,128.44
4948,1637,1934,1,83.81
4949,1637,4511,3,179.41
4950,1638,1968,2,266.96
4951,1639,463,1,464.27
4952,1640,1427,3,419.91
4953,1640,298,3,240.92
4954,1640,516,3,198.74
4955,1640,3689,1,68.92
4956,1641,2342,2,472.65
4957,1641,3265,2,493.78
4958,1641,2199,1,470.99
4959,1641,3730,2,325.58
4960,1641,4152,1,24.42
4961,1642,286,2,252.82
4962,1642,3540,1,368.36
4963,1642,172,2,455.49
4964,1642,1002,1,228.18
4965,1643,3272,1,201.56
4966,1643,2570,2,393.78
4967,1643,1760,2,181.35
4968,1643,1932,1,469.41
4969,1644,1450,1,289.26
4970,1644,2049,2,136.67
4971,1644,992,2,162.47
4972,1644,4036,1,47.15
4973,1644,966,3,274.82
4974,1644,1881,1,424.48
4975,1645,1866,2,108.31
4976,1646,3826,3,492.85
4977,1647,3356,3,18.65
4978,1648,3340,1,246.23
4979,1648,124,1,163.86
4980,1648,1480,1,250.16
4981,1648,538,3,363.5
4982,1648,4673,1,281.92
4983,1649,3016,1,209.86
4984,1651,1874,2,131.3
4985,1651,2310,2,121.98
4986,1651,195,1,124.82
4987,1651,2944,3,210.29
4988,1651,2505,2,235.02
4989,1652,1542,3,329.15
4990,1652,1294,1,281.04
4991,1652,2962,2,370.22
4992,1653,681,1,116.15
4993,1653,2338,1,458.5
4994,1653,4599,1,271.58
4995,1654,3137,3,212.04
4996,1654,1644,3,67.84
4997,1654,994,2,105.86
4998,1654,2233,3,455.38
4999,1654,2427,2,396.6
5000,1655,1196,3,192.04
5001,1655,2695,1,255.3
5002,1655,2354,2,306.69
5003,1655,4069,1,487.03
5004,1656,3778,2,74.56
5005,1656,4411,2,351.18
5006,1656,2869,3,498.91
5007,1657,2954,2,457.61
5008,1657,4572,1,379.37
5009,1657,2339,1,144.44
5010,1657,2310,3,121.98
5011,1657,672,1,182.19
5012,1657,2153,1,103.29
5013,1659,3658,3,380.85
5014,1659,1333,2,269.7
5015,1660,1477,3,269.47
5016,1660,3702,2,287.82
5017,1660,2303,1,165.53
5018,1661,4072,3,362.48
5019,1661,2400,1,161.32
5020,1661,4926,1,306.09
5021,1661,4524,2,46.26
5022,1661,1155,1,73.38
5023,1661,3131,3,408.09
5024,1662,2391,3,371.32
5025,1662,3094,3,62.42
5026,1662,1176,3,354.03
5027,1662,42,2,353.79
5028,1663,2056,2,194.2
5029,1665,4387,3,259.59
5030,1665,2569,2,29.92
5031,1665,4733,1,270.42
5032,1665,2365,1,213.95
5033,1665,4531,2,113.07
5034,1666,1008,1,473.44
5035,1666,1244,3,49.83
5036,1666,563,3,358.1
5037,1667,887,3,5.27
5038,1669,4264,2,184.0
5039,1669,1244,3,49.83
5040,1669,3518,2,77.97
5041,1671,4832,1,495.68
5042,1671,1739,1,483.44
5043,1671,3691,1,416.51
5044,1671,1328,1,245.2
5045,1672,2255,1,351.71
5046,1672,4061,2,384.73
5047,1672,1114,1,430.85
5048,1672,3198,2,228.42
5049,1672,1711,2,413.83
5050,1672,2915,1,192.33
5051,1673,1175,2,317.16
5052,1673,1872,2,379.48
5053,1673,1371,1,313.73
5054,1673,4861,2,168.9
5055,1677,2985,2,113.63
5056,1679,3750,3,179.09
5057,1679,3257,3,476.16
5058,1679,4506,2,347.9
5059,1679,1873,1,78.2
5060,1679,4055,2,323.77
5061,1679,3279,1,476.93
5062,1680,355,1,326.48
5063,1680,2810,3,408.5
5064,1681,1278,1,467.42
5065,1681,2871,3,154.1
5066,1681,3795,1,308.65
5067,1681,2386,2,295.94
5068,1681,2444,1,270.54
5069,1683,496,1,291.18
5070,1683,3092,2,349.2
5071,1683,910,3,247.81
5072,1683,1903,3,376.46
5073,1684,4384,2,169.66
5074,1684,2901,2,110.29
5075,1684,4757,1,12.17
5076,1684,3321,2,132.48
5077,1685,202,3,308.33
5078,1686,420,3,404.67
5079,1686,444,2,398.27
5080,1686,3900,1,245.45
5081,1686,1283,1,51.81
5082,1686,2072,1,499.53
5083,1686,4455,1,433.19
5084,1687,3520,3,443.77
5085,1687,253,2,114.26
5086,1687,4995,3,415.02
5087,1687,4634,1,344.28
5088,1688,2499,1,56.88
5089,1688,1688,3,187.62
5090,1688,4947,3,285.56
5091,1688,4352,1,225.72
5092,1688,3214,1,287.79
5093,1688,255,3,398.15
5094,1689,3280,1,223.49
5095,1689,3390,1,23.13
5096,1689,3836,3,376.57
5097,1689,1972,2,397.19
5098,1689,3015,3,445.89
5099,1691,4465,3,483.5
5100,1691,4449,2,166.3
5101,1691,4362,1,189.01
5102,1691,4878,3,467.34
5103,1691,1596,1,485.62
5104,1691,2642,2,63.61
5105,1693,551,1,316.93
5106,1693,3911,1,158.17
5107,1693,500,2,183.82
5108,1693,3665,1,414.87
5109,1693,1159,2,180.41
5110,1693,4078,3,381.05
5111,1694,2878,2,289.37
5112,1694,207,3,153.52
5113,1694,3167,3,399.59
5114,1696,3745,2,61.37
5115,1697,2620,1,388.2
5116,1697,1267,2,166.92
5117,1697,2378,1,117.56
5118,1697,1920,1,250.4
5119,1698,1395,2,259.79
5120,1698,2730,3,279.95
5121,1698,97,1,318.66
5122,1699,4221,2,496.05
5123,1699,2907,2,151.98
5124,1699,795,2,338.04
5125,1699,4933,3,47.98
5126,1699,1981,2,195.98
5127,1699,3335,2,474.62
5128,1700,2158,2,308.99
5129,1700,257,2,265.47
5130,1700,3697,1,39.69
5131,1700,3621,2,152.2
5132,1701,3495,3,359.66
5133,1701,4240,1,93.68
5134,1702,1191,1,384.59
5135,1702,4130,2,499.68
5136,1702,2816,3,97.07
5137,1702,1779,3,470.13
5138,1702,3977,3,363.18
5139,1702,2076,1,232.82
5140,1703,2697,1,461.57
5141,1703,4060,3,366.28
5142,1703,3948,3,132.25
5143,1703,2025,2,348.81
5144,1703,225,1,9.12
5145,1704,1600,3,352.92
5146,1704,2480,3,394.82
5147,1704,1550,3,396.73
5148,1704,2276,1,407.75
5149,1704,2035,3,499.03
5150,1704,435,1,112.14
5151,1705,4361,2,295.87
5152,1705,4795,3,102.99
5153,1705,3279,1,476.93
5154,1705,1698,2,297.26
5155,1705,2593,1,229.94
5156,1705,3201,2,492.76
5157,1706,3676,3,381.32
5158,1708,3066,3,110.19
5159,1708,2089,3,310.06
5160,1708,1455,2,287.08
5161,1709,4165,2,213.38
5162,1710,233,3,234.52
5163,1710,633,1,447.7
5164,1710,3787,2,144.05
5165,1710,1617,3,458.34
5166,1710,1647,1,189.97
5167,1712,587,2,264.72
5168,1713,4568,2,371.22
5169,1713,3624,3,69.69
5170,1714,3888,3,352.75
5171,1714,1112,1,250.82
5172,1714,2631,3,172.16
5173,1714,3487,1,432.94
5174,1714,3204,3,240.22
5175,1714,2115,2,8.03
5176,1715,4456,3,436.08
5177,1715,3769,2,323.69
5178,1715,2778,2,224.18
5179,1715,2311,1,328.33
5180,1716,4571,1,208.31
5181,1716,3141,2,123.99
5182,1716,1440,3,268.75
5183,1716,2259,1,195.74
5184,1718,442,1,436.42
5185,1718,2333,1,351.02
5186,1718,536,3,245.49
5187,1718,1350,3,135.11
5188,1718,865,3,70.99
5189,1718,1399,2,400.89
5190,1719,4817,3,274.51
5191,1719,4044,1,188.57
5192,1719,1017,1,404.68
5193,1719,1966,1,226.43
5194,1719,308,1,390.47
5195,1721,3741,3,43.29
5196,1721,3224,2,188.46
5197,1722,1852,1,480.58
5198,1722,174,2,106.68
5199,1722,51,3,356.99
5200,1722,897,1,348.43
5201,1724,3204,2,240.22
5202,1724,4863,3,330.27
5203,1724,2073,2,118.52
5204,1724,3651,2,343.15
5205,1724,1064,3,145.22
5206,1724,3833,1,112.94
5207,1725,4520,2,323.3
5208,1726,1403,2,97.23
5209,1726,646,2,382.03
5210,1726,4094,2,384.53
5211,1726,3674,2,82.97
5212,1727,4387,3,259.59
5213,1727,2575,1,497.06
5214,1727,1925,1,371.75
5215,1728,3479,3,454.59
5216,1728,2567,1,16.7
5217,1729,1759,3,172.08
5218,1729,2931,2,374.53
5219,1729,2707,3,440.45
5220,1730,600,2,238.39
5221,1730,4699,1,181.41
5222,1730,3764,1,295.14
5223,1730,2885,3,30.9
5224,1730,2536,2,485.09
5225,1730,4850,1,63.31
5226,1732,2537,1,307.55
5227,1732,271,1,80.83
5228,1733,164,3,238.35
5229,1733,1436,2,379.5
5230,1733,4521,1,470.7
5231,1733,4113,3,246.07
5232,1733,4647,1,393.65
5233,1734,3227,1,237.23
5234,1734,2179,1,37.63
5235,1734,4200,3,86.87
5236,1734,3433,3,141.01
5237,1734,1574,1,24.49
5238,1735,820,2,467.54
5239,1735,156,2,43.53
5240,1735,4988,2,465.41
5241,1736,2539,2,420.24
5242,1737,2715,3,384.39
5243,1737,3851,2,256.82
5244,1737,1545,2,364.94
5245,1737,2814,2,304.14
5246,1737,2231,3,377.21
5247,1737,778,3,431.52
5248,1738,180,3,482.46
5249,1738,3523,1,180.44
5250,1738,1348,1,384.37
5251,1738,3465,2,323.46
5252,1739,4203,2,434.55
5253,1739,1355,2,310.69
5254,1739,3336,3,455.3
5255,1739,862,3,310.06
5256,1739,4919,3,397.59
5257,1740,3167,2,399.59
5258,1740,4117,3,226.18
5259,1740,3544,1,195.96
5260,1740,3977,3,363.18
5261,1741,1116,3,449.09
5262,1741,1954,2,451.25
5263,1741,2079,1,80.09
5264,1741,2023,1,420.8
5265,1741,2226,3,438.85
5266,1742,3947,1,347.84
5267,1742,715,1,249.92
5268,1742,4184,2,372.74
5269,1742,2524,2,266.79
5270,1742,873,2,446.64
5271,1743,3460,1,420.46
5272,1743,1936,1,263.8
5273,1743,3426,3,128.3
5274,1744,2755,2,10.34
5275,1744,589,2,277.74
5276,1744,1610,1,175.01
5277,1744,1241,3,224.48
5278,1744,4370,2,268.19
5279,1745,3300,1,403.07
5280,1745,3526,1,464.1
5281,1745,3564,1,375.45
5282,1745,1356,3,298.51
5283,1745,2813,1,480.56
5284,1746,1787,2,128.15
5285,1746,1776,3,330.66
5286,1746,4540,2,489.95
5287,1746,4046,3,478.75
5288,1747,4352,2,225.72
5289,1747,2965,1,446.29
5290,1748,829,3,204.98
5291,1748,4880,3,407.41
5292,1748,4161,2,120.44
5293,1749,4088,3,181.26
5294,1749,4654,1,469.23
5295,1750,2488,2,132.19
5296,1750,805,3,150.46
5297,1750,2786,1,36.44
5298,1750,4596,1,115.49
5299,1751,2677,1,327.37
5300,1751,4525,3,401.71
5301,1751,4413,2,281.61
5302,1751,1240,2,335.52
5303,1751,3932,2,262.18
5304,1751,1568,2,19.27
5305,1752,215,1,469.69
5306,1752,1007,3,50.53
5307,1754,2246,2,389.54
5308,1755,2776,2,320.22
5309,1755,2091,2,466.02
5310,1755,1913,1,72.91
5311,1755,776,3,91.97
5312,1756,655,1,476.32
5313,1756,4616,1,210.14
5314,1757,350,3,50.99
5315,1757,1200,3,51.07
5316,1757,3414,1,179.02
5317,1758,4785,3,278.01
5318,1759,2924,3,371.35
5319,1760,2105,3,29.75
5320,1760,4142,3,251.86
5321,1760,1125,1,363.83
5322,1760,2482,2,91.17
5323,1760,1749,2,335.87
5324,1760,3464,3,378.42
5325,1761,4380,2,400.61
5326,1761,2561,1,237.81
5327,1762,3785,1,192.29
5328,1763,3527,2,9.52
5329,1764,4899,2,23.16
5330,1764,3587,1,145.28
5331,1766,4582,1,476.16
5332,1766,1092,2,296.48
5333,1768,95,2,184.85
5334,1768,4869,1,146.57
5335,1768,3007,1,317.93
5336,1768,872,2,385.88
5337,1768,4235,2,135.49
5338,1768,449,1,175.89
5339,1769,4679,1,82.53
5340,1769,778,2,431.52
5341,1769,2530,3,480.13
5342,1770,1133,2,193.74
5343,1770,2478,1,148.25
5344,1770,3903,1,237.78
5345,1770,1252,2,387.84
5346,1770,3744,1,107.53
5347,1770,949,1,364.22
5348,1771,1251,2,406.4
5349,1771,1107,3,446.45
5350,1772,4356,1,178.88
5351,1772,2071,3,301.95
5352,1772,3869,1,328.83
5353,1772,3524,3,463.74
5354,1772,2156,3,11.46
5355,1773,607,2,344.06
5356,1773,4099,3,459.13
5357,1773,2236,1,355.87
5358,1773,2984,3,203.89
5359,1773,4799,2,87.27
5360,1773,718,3,151.05
5361,1774,4391,3,173.75
5362,1774,4436,3,208.32
5363,1774,824,2,292.29
5364,1774,4305,2,108.27
5365,1774,3810,1,120.02
5366,1775,1186,3,111.48
5367,1775,1648,1,378.94
5368,1775,4163,1,314.84
5369,1775,2,2,406.15
5370,1775,3071,2,251.07
5371,1775,1215,3,234.13
5372,1776,4060,3,366.28
5373,1776,4884,3,164.99
5374,1776,2087,1,130.98
5375,1776,1067,1,53.58
5376,1776,4767,1,53.18
5377,1777,4507,2,41.71
5378,1777,988,2,398.59
5379,1778,2983,2,393.15
5380,1778,4353,1,380.45
5381,1778,4627,2,486.39
5382,1778,1509,1,172.15
5383,1778,715,2,249.92
5384,1779,281,3,264.02
5385,1779,2724,1,493.16
5386,1779,1479,2,53.83
5387,1779,2159,1,12.45
5388,1779,4548,3,160.0
5389,1779,4777,1,359.99
5390,1780,533,3,123.05
5391,1780,1260,3,482.79
5392,1780,1275,1,31.98
5393,1781,1849,1,81.66
5394,1781,3387,1,87.51
5395,1781,2748,3,197.24
5396,1781,3990,1,276.08
5397,1781,2621,2,439.69
5398,1782,3102,2,96.85
5399,1782,2193,1,484.0
5400,1782,778,1,431.52
5401,1782,4761,1,321.63
5402,1782,3954,1,260.39
5403,1782,4246,3,385.16
5404,1783,3021,2,319.65
5405,1783,60,3,104.15
5406,1783,2998,2,488.28
5407,1783,4411,1,351.18
5408,1784,747,1,428.61
5409,1784,2205,3,310.73
5410,1784,3519,2,90.88
5411,1784,201,1,232.73
5412,1785,3027,1,27.27
5413,1785,3947,2,347.84
5414,1785,1435,1,156.39
5415,1785,3094,2,62.42
5416,1786,2811,1,139.63
5417,1786,151,2,259.5
5418,1786,1130,3,455.48
5419,1786,4656,2,400.23
5420,1786,795,1,338.04
5421,1788,4151,2,115.23
5422,1788,2868,3,412.32
5423,1788,4879,2,290.05
5424,1789,3864,3,350.6
5425,1789,1191,3,384.59
5426,1789,3204,2,240.22
5427,1791,3984,1,229.71
5428,1791,2544,2,445.59
5429,1791,111,2,35.71
5430,1791,3459,1,136.16
5431,1791,2348,3,317.0
5432,1792,3648,1,360.47
5433,1792,3054,2,403.06
5434,1792,4376,3,140.87
5435,1792,645,2,450.64
5436,1793,1857,3,366.74
5437,1794,2935,3,489.87
5438,1794,1128,2,432.07
5439,1795,2102,2,301.75
5440,1795,716,3,447.97
5441,1796,1589,1,298.66
5442,1796,4197,3,135.69
5443,1796,4333,3,302.41
5444,1796,702,3,385.33
5445,1796,2647,1,456.87
5446,1797,2944,2,210.29
5447,1797,4454,1,185.66
5448,1797,2256,2,155.08
5449,1797,3657,3,404.91
5450,1799,555,3,199.78
5451,1799,348,3,300.08
5452,1799,3306,2,175.95
5453,1799,3232,1,340.54
5454,1799,992,2,162.47
5455,1799,4352,2,225.72
5456,1800,3705,1,68.09
5457,1800,2093,1,44.41
5458,1800,1961,3,315.92
5459,1800,2010,1,418.42
5460,1800,3791,3,409.68
5461,1800,4779,1,82.37
5462,1801,3560,3,185.39
5463,1802,3780,2,419.01
5464,1802,751,2,80.98
5465,1802,772,1,159.17
5466,1803,3636,1,114.17
5467,1803,2866,3,151.65
5468,1803,4132,1,275.58
5469,1804,3277,1,19.52
5470,1804,994,3,105.86
5471,1804,1080,1,17.2
5472,1804,1651,1,269.97
5473,1804,4186,3,37.33
5474,1805,3311,3,399.76
5475,1805,2784,3,48.11
5476,1806,2786,3,36.44
5477,1806,3788,2,474.64
5478,1806,402,1,351.53
5479,1808,806,1,399.43
5480,1808,3643,1,321.33
5481,1808,174,2,106.68
5482,1809,4509,1,20.67
5483,1810,4555,1,73.1
5484,1810,1479,1,53.83
5485,1810,611,3,499.63
5486,1810,1125,1,363.83
5487,1810,3766,3,400.18
5488,1811,883,2,70.49
5489,1811,381,2,132.19
5490,1811,1837,3,263.5
5491,1811,977,1,374.13
5492,1812,4590,1,480.22
5493,1812,1685,2,119.75
5494,1812,1642,2,9.38
5495,1813,920,3,440.1
5496,1813,1449,1,304.03
5497,1814,2617,3,234.48
5498,1814,720,3,223.64
5499,1815,2982,1,275.86
5500,1815,4857,1,273.49
5501,1815,107,2,70.67
5502,1816,4859,1,210.97
5503,1816,4111,1,378.04
5504,1816,4607,3,379.1
5505,1817,3467,1,479.5
5506,1817,4664,2,303.54
5507,1817,4339,1,476.06
5508,1817,3036,3,47.46
5509,1817,3075,1,223.8
5510,1818,3616,1,244.04
5511,1819,308,3,390.47
5512,1820,1035,3,424.66
5513,1821,3316,2,165.47
5514,1821,2049,3,136.67
5515,1821,3096,1,64.02
5516,1821,4025,1,67.65
5517,1821,4636,2,382.78
5518,1823,1551,1,198.69
5519,1823,4961,3,246.23
5520,1823,56,2,371.75
5521,1823,3190,1,234.5
5522,1824,4137,3,78.46
5523,1824,2726,1,170.1
5524,1824,1766,3,13.48
5525,1824,1706,1,312.78
5526,1825,3872,1,114.45
5527,1825,2826,3,284.19
5528,1825,951,3,80.01
5529,1825,3214,1,287.79
5530,1826,1237,1,64.12
5531,1826,4025,3,67.65
5532,1826,4245,3,46.98
5533,1827,1231,2,93.61
5534,1827,4014,3,44.23
5535,1827,4186,3,37.33
5536,1827,1417,3,141.36
5537,1827,2598,2,231.85
5538,1828,1038,3,373.79
5539,1828,3445,2,431.79
5540,1828,1461,2,203.71
5541,1829,492,1,26.05
5542,1829,499,2,117.64
5543,1829,440,3,499.48
5544,1830,3232,3,340.54
5545,1830,2035,3,499.03
5546,1830,1422,1,334.13
5547,1830,2115,3,8.03
5548,1831,3958,2,122.92
5549,1831,4043,3,292.78
5550,1831,4940,3,289.23
5551,1831,905,2,33.35
5552,1831,3051,2,55.01
5553,1831,3287,3,109.36
5554,1832,2764,1,405.52
5555,1832,512,1,20.64
5556,1832,3473,2,162.55
5557,1833,1996,3,277.58
5558,1833,4705,2,7.41
5559,1833,2357,2,83.0
5560,1834,4065,2,324.14
5561,1834,555,2,199.78
5562,1834,4045,2,196.43
5563,1834,3679,3,444.29
5564,1834,3364,2,412.47
5565,1835,3882,3,477.55
5566,1835,911,1,92.98
5567,1836,2260,2,334.4
5568,1836,4624,1,461.55
5569,1837,551,2,316.93
5570,1837,3705,3,68.09
5571,1837,3461,3,232.55
5572,1837,3731,3,298.9
5573,1838,2493,1,221.83
5574,1838,4832,3,495.68
5575,1838,1554,3,165.02
5576,1839,145,3,367.82
5577,1839,4475,2,495.28
5578,1840,3122,1,468.32
5579,1840,1631,3,344.97
5580,1840,3665,1,414.87
5581,1840,4934,3,94.46
5582,1840,822,1,239.34
5583,1840,424,3,315.1
5584,1841,754,3,12.94
5585,1841,4237,2,202.2
5586,1841,1304,1,116.42
5587,1843,4894,3,9.43
5588,1844,146,1,58.87
5589,1844,1261,1,395.34
5590,1844,920,3,440.1
5591,1845,1885,3,324.34
5592,1845,3063,3,172.34
5593,1845,2079,3,80.09
5594,1846,624,1,322.53
5595,1846,4591,1,499.26
5596,1847,2220,2,131.11
5597,1848,2012,2,142.21
5598,1848,1154,3,212.33
5599,1848,4985,2,420.33
5600,1848,3084,1,330.11
5601,1848,4174,2,10.78
5602,1849,2617,3,234.48
5603,1849,1206,1,420.63
5604,1849,1861,1,403.94
5605,1849,974,2,76.59
5606,1849,2003,2,475.86
5607,1849,1192,1,103.23
5608,1850,2161,2,305.43
5609,1851,2444,2,270.54
5610,1851,291,1,216.1
5611,1852,3575,1,233.86
5612,1852,979,3,448.84
5613,1852,1879,2,470.45
5614,1852,931,2,6.42
5615,1852,3633,2,112.75
5616,1852,2694,1,106.68
5617,1853,281,1,264.02
5618,1854,1280,1,344.76
5619,1854,785,3,323.98
5620,1854,3371,3,119.51
5621,1854,2506,2,65.16
5622,1854,1487,3,270.79
5623,1854,4721,2,16.79
5624,1855,3814,3,111.15
5625,1855,4297,3,330.62
5626,1855,3599,1,137.67
5627,1856,4439,2,450.59
5628,1856,3549,3,410.0
5629,1856,1213,3,497.89
5630,1856,3529,3,65.02
5631,1856,1426,3,419.52
5632,1856,3087,3,145.05
5633,1857,1621,2,190.58
5634,1859,1806,1,380.67
5635,1861,2808,1,459.55
5636,1861,384,2,122.78
5637,1861,2938,3,64.07
5638,1861,2543,1,495.97
5639,1861,4725,2,290.48
5640,1862,2805,3,190.1
5641,1862,77,3,49.06
5642,1863,1731,1,426.94
5643,1863,4649,3,130.37
5644,1863,3698,2,462.38
5645,1863,402,1,351.53
5646,1863,4579,1,305.13
5647,1864,4488,2,366.02
5648,1864,2457,2,439.7
5649,1864,2246,2,389.54
5650,1864,2924,3,371.35
5651,1864,3254,2,357.82
5652,1865,3563,1,112.68
5653,1865,4490,3,362.63
5654,1865,1480,1,250.16
5655,1865,350,3,50.99
5656,1866,1361,3,346.34
5657,1866,1218,2,38.05
5658,1866,4309,1,306.85
5659,1867,566,2,133.84
5660,1867,4271,3,250.1
5661,1867,1151,1,418.82
5662,1868,4155,3,440.47
5663,1868,1229,1,395.54
5664,1869,1479,1,53.83
5665,1869,2845,2,345.59
5666,1869,3339,2,244.6
5667,1869,369,2,40.51
5668,1869,3353,1,235.6
5669,1869,2673,2,441.51
5670,1870,26,1,209.92
5671,1870,3622,2,308.37
5672,1871,2323,2,383.5
5673,1871,1599,1,60.73
5674,1871,3542,1,356.01
5675,1871,2165,2,471.92
5676,1872,4784,2,366.79
5677,1872,184,3,257.72
5678,1873,2009,1,196.99
5679,1873,34,1,434.4
5680,1873,2460,1,174.76
5681,1873,4410,2,127.99
5682,1873,4388,3,13.43
5683,1874,1966,3,226.43
5684,1875,2212,2,480.12
5685,1875,3453,2,155.5
5686,1876,1961,2,315.92
5687,1876,3634,2,155.61
5688,1877,1270,1,73.35
5689,1878,4958,3,372.74
5690,1878,1218,2,38.05
5691,1878,4510,2,22.15
5692,1878,2133,1,359.0
5693,1878,3907,1,20.34
5694,1879,1867,3,60.45
5695,1879,4547,2,471.62
5696,1879,2902,1,97.09
5697,1879,356,1,125.63
5698,1879,4607,3,379.1
5699,1880,4440,3,70.69
5700,1880,1067,1,53.58
5701,1880,4412,1,78.71
5702,1880,4458,3,200.99
5703,1880,1717,1,16.0
5704,1881,2317,2,250.84
5705,1881,2781,1,81.19
5706,1881,3463,1,44.86
5707,1881,1752,2,333.34
5708,1881,2355,2,349.4
5709,1883,2741,2,203.12
5710,1883,24,3,193.82
5711,1886,749,1,221.67
5712,1886,1815,3,53.27
5713,1886,128,2,387.92
5714,1886,3475,1,143.93
5715,1886,2435,3,349.49
5716,1887,3166,3,411.58
5717,1887,475,1,416.98
5718,1887,210,3,341.39
5719,1888,3903,1,237.78
5720,1888,2811,3,139.63
5721,1888,3161,2,195.61
5722,1888,52,1,403.69
5723,1888,3138,3,319.33
5724,1888,3712,1,271.66
5725,1889,772,3,159.17
5726,1891,206,1,370.58
5727,1891,4950,1,281.87
5728,1891,1827,3,94.0
5729,1892,889,2,52.96
5730,1893,3442,1,207.22
5731,1893,885,2,114.78
5732,1893,1795,2,11.81
5733,1893,4430,3,208.49
5734,1893,48,2,232.2
5735,1895,1725,3,54.83
5736,1896,3894,1,58.97
5737,1896,4672,3,240.82
5738,1896,3600,3,338.4
5739,1896,790,2,39.57
5740,1896,1524,2,297.21
5741,1897,635,3,260.64
5742,1897,3360,3,251.77
5743,1898,3564,2,375.45
5744,1898,1343,2,254.02
5745,1899,2687,3,432.2
5746,1899,2543,3,495.97
5747,1900,1854,3,25.95
5748,1900,4688,1,26.33
5749,1900,1115,1,191.73
5750,1901,1093,3,367.77
5751,1901,4237,3,202.2
5752,1901,1262,3,86.84
5753,1902,2674,3,43.1
5754,1903,93,3,13.8
5755,1905,430,2,294.62
5756,1905,343,3,162.98
5757,1908,1604,3,26.84
5758,1908,3729,2,430.3
5759,1909,551,3,316.93
5760,1909,1248,2,92.67
5761,1909,1074,2,423.33
5762,1910,1820,3,383.39
5763,1910,4955,2,249.39
5764,1911,642,2,190.36
5765,1911,262,1,228.94
5766,1911,2640,2,23.84
5767,1911,3241,1,455.22
5768,1911,3227,1,237.23
5769,1911,3694,1,14.6
5770,1912,14,2,442.85
5771,1912,3161,1,195.61
5772,1912,855,2,259.21
5773,1912,1363,1,375.09
5774,1912,3792,1,405.62
5775,1913,485,3,179.06
5776,1913,3475,2,143.93
5777,1913,4097,1,44.34
5778,1913,4548,3,160.0
5779,1913,1580,1,477.44
5780,1913,3064,3,81.28
5781,1914,3000,1,380.4
5782,1914,3350,2,121.84
5783,1916,3961,3,344.15
5784,1917,1657,3,98.23
5785,1917,3635,1,186.98
5786,1917,2872,1,197.19
5787,1917,1805,2,238.57
5788,1917,3376,2,66.42
5789,1918,571,1,95.65
5790,1918,2058,2,416.3
5791,1918,3458,2,160.02
5792,1920,2030,3,431.67
5793,1920,1161,3,27.39
5794,1920,1934,3,83.81
5795,1921,1742,1,303.94
5796,1921,1644,1,67.84
5797,1921,2445,1,161.44
5798,1924,977,2,374.13
5799,1924,303,1,469.87
5800,1924,1495,1,126.66
5801,1924,2881,3,481.51
5802,1925,3169,1,106.23
5803,1925,2470,2,485.11
5804,1925,546,1,199.52
5805,1925,2701,3,81.21
5806,1927,140,3,41.21
5807,1927,4677,1,498.85
5808,1927,777,3,243.02
5809,1927,1589,2,298.66
5810,1928,1544,3,373.41
5811,1928,532,1,423.75
5812,1928,861,1,366.74
5813,1928,930,3,292.58
5814,1928,1,1,18.96
5815,1929,438,2,200.19
5816,1930,3075,3,223.8
5817,1930,2885,3,30.9
5818,1930,1410,2,318.98
5819,1930,289,1,474.81
5820,1930,2941,1,377.05
5821,1930,2825,3,155.96
5822,1932,4150,1,423.35
5823,1932,2037,2,34.4
5824,1932,1565,2,478.55
5825,1933,4692,1,246.06
5826,1933,197,1,383.3
5827,1933,4102,1,377.76
5828,1933,3828,2,399.15
5829,1935,1958,1,470.09
5830,1935,439,3,377.77
5831,1935,3206,2,35.32
5832,1935,3121,1,323.35
5833,1936,2569,2,29.92
5834,1939,2748,2,197.24
5835,1939,3881,1,325.72
5836,1939,3042,2,135.32
5837,1939,2896,3,65.91
5838,1941,4449,3,166.3
5839,1941,2737,3,14.29
5840,1941,3154,3,252.56
5841,1941,3324,3,470.81
5842,1941,2989,1,11.57
5843,1942,699,1,491.05
5844,1942,2544,3,445.59
5845,1942,523,1,153.26
5846,1943,1793,3,129.8
5847,1944,2763,2,425.29
5848,1944,4519,3,165.85
5849,1944,3989,2,196.37
5850,1945,3253,3,349.56
5851,1945,2409,2,338.49
5852,1945,2178,3,123.98
5853,1946,2831,1,134.2
5854,1947,4914,2,150.23
5855,1947,2220,3,131.11
5856,1947,961,3,495.67
5857,1947,4637,1,314.31
5858,1948,2839,3,380.0
5859,1948,35,1,141.33
5860,1948,886,2,138.28
5861,1948,1304,1,116.42
5862,1948,3801,3,197.31
5863,1949,1283,1,51.81
5864,1949,198,2,492.75
5865,1949,796,1,493.87
5866,1950,4964,2,479.94
5867,1950,1652,1,420.56
5868,1950,3754,2,362.99
5869,1950,1463,3,5.86
5870,1950,641,3,187.95
5871,1951,308,1,390.47
5872,1951,3716,2,319.9
5873,1951,1669,2,279.09
5874,1951,784,2,342.13
5875,1954,406,1,232.52
5876,1954,109,2,214.08
5877,1954,3151,1,273.08
5878,1954,3952,2,398.8
5879,1954,4580,2,124.17
5880,1954,3643,1,321.33
5881,1955,3448,2,101.95
5882,1956,2007,2,348.19
5883,1956,4457,1,98.23
5884,1956,3607,2,316.44
5885,1956,4376,1,140.87
5886,1956,4793,2,320.53
5887,1956,3378,1,265.28
5888,1957,1019,3,66.43
5889,1957,3306,3,175.95
5890,1957,3666,1,481.11
5891,1957,1508,3,58.78
5892,1957,442,1,436.42
5893,1958,35,1,141.33
5894,1958,3532,2,123.49
5895,1958,1829,1,72.41
5896,1958,1023,1,388.43
5897,1958,4780,1,445.15
5898,1958,3560,2,185.39
5899,1959,3175,1,108.3
5900,1960,1197,1,372.61
5901,1960,751,2,80.98
5902,1960,1526,1,351.75
5903,1960,4957,1,309.95
5904,1961,2903,3,467.71
5905,1961,4144,2,433.29
5906,1961,2367,3,203.63
5907,1961,2707,3,440.45
5908,1962,3891,1,115.63
5909,1962,3040,3,381.69
5910,1962,2922,2,112.71
5911,1962,4673,3,281.92
5912,1962,2246,2,389.54
5913,1962,2122,3,66.09
5914,1963,2500,2,174.15
5915,1963,708,3,488.67
5916,1963,1867,1,60.45
5917,1963,4263,2,175.18
5918,1963,4717,1,363.59
5919,1963,4141,2,211.37
5920,1964,99,2,465.46
5921,1965,1563,1,396.68
5922,1965,3777,2,245.53
5923,1965,4462,3,243.59
5924,1966,4142,3,251.86
5925,1966,3329,2,76.65
5926,1966,1164,3,256.79
5927,1966,4214,2,203.58
5928,1966,896,3,87.63
5929,1966,1892,1,445.82
5930,1967,3726,1,271.67
5931,1967,4053,2,184.38
5932,1967,2084,3,36.39
5933,1967,4702,2,419.81
5934,1968,3264,1,105.39
5935,1968,4680,1,126.43
5936,1968,1207,1,172.24
5937,1968,133,1,40.93
5938,1969,3184,1,212.31
5939,1969,3395,2,440.89
5940,1970,204,3,189.29
5941,1970,94,3,481.77
5942,1972,4532,2,173.57
5943,1972,273,3,29.41
5944,1972,1323,3,359.34
5945,1972,2884,1,300.57
5946,1972,3370,2,451.69
5947,1973,4999,3,223.65
5948,1974,4799,1,87.27
5949,1974,1228,2,473.02
5950,1974,451,2,449.48
5951,1974,284,1,333.18
5952,1975,934,3,73.21
5953,1975,3508,3,378.11
5954,1975,2338,1,458.5
5955,1975,3206,3,35.32
5956,1975,4920,1,387.56
5957,1976,3866,2,184.9
5958,1976,3561,2,425.65
5959,1976,4217,3,307.11
5960,1976,352,3,199.08
5961,1977,1050,2,484.92
5962,1977,4286,3,118.41
5963,1977,3083,3,45.25
5964,1977,3270,3,389.09
5965,1977,479,3,184.07
5966,1977,4937,1,427.39
5967,1978,997,1,270.03
5968,1978,707,2,109.07
5969,1978,3300,1,403.07
5970,1978,2902,2,97.09
5971,1978,341,1,169.98
5972,1978,2750,1,440.6
5973,1980,3995,3,483.41
5974,1980,2609,3,223.79
5975,1980,4768,1,127.3
5976,1980,1174,3,180.09
5977,1980,372,3,8.68
5978,1980,4346,1,109.13
5979,1982,202,1,308.33
5980,1982,4272,1,314.76
5981,1982,1909,2,370.18
5982,1983,270,1,155.87
5983,1983,4523,3,349.4
5984,1983,1767,2,431.69
5985,1983,2682,1,445.79
5986,1983,2911,1,359.73
5987,1983,3902,1,484.73
5988,1984,3023,2,219.97
5989,1984,31,3,364.92
5990,1984,1631,2,344.97
5991,1984,4335,3,406.34
5992,1984,4424,3,460.36
5993,1984,3116,2,81.74
5994,1985,193,3,51.04
5995,1985,3571,2,384.09
5996,1985,4149,1,35.2
5997,1985,1999,1,471.24
5998,1985,127,2,387.79
5999,1986,2820,1,234.68
6000,1986,4821,2,383.37
6001,1986,4433,2,50.88
6002,1986,4136,2,206.06
6003,1986,2655,3,251.39
6004,1987,2744,3,215.68
6005,1988,3006,1,195.23
6006,1988,3103,3,499.18
6007,1988,1817,1,332.52
6008,1989,3307,1,170.87
6009,1989,4286,1,118.41
6010,1989,1878,1,201.93
6011,1991,42,1,353.79
6012,1991,1652,2,420.56
6013,1992,2388,1,248.65
6014,1992,3154,1,252.56
6015,1993,3252,1,412.83
6016,1993,2345,3,113.17
6017,1994,63,2,204.68
6018,1995,2477,2,395.79
6019,1995,911,1,92.98
6020,1995,2391,2,371.32
6021,1995,1125,3,363.83
6022,1995,2141,1,342.11
6023,1995,243,1,281.38
6024,1996,3444,1,401.76
6025,1996,1427,2,419.91
6026,1996,2276,3,407.75
6027,1996,1078,2,158.89
6028,1997,3073,1,452.4
6029,1997,616,3,25.77
6030,1997,2532,1,237.6
6031,1997,956,1,89.01
6032,1998,3735,3,429.87
6033,1998,978,2,108.83
6034,1998,3090,2,76.47
6035,1998,172,1,455.49
6036,1999,1044,1,123.19
6037,1999,3989,1,196.37
6038,1999,4884,2,164.99
6039,2000,1878,2,201.93
6040,2000,1797,1,221.87
6041,2002,879,2,122.07
6042,2002,553,3,424.25
6043,2002,1169,2,377.97
6044,2002,1561,2,445.83
6045,2002,4592,1,431.01
6046,2002,4743,1,105.65
6047,2003,339,1,75.93
6048,2003,3745,1,61.37
6049,2003,3516,2,130.77
6050,2003,1884,2,432.1
6051,2004,580,1,32.49
6052,2004,3741,3,43.29
6053,2004,42,3,353.79
6054,2004,4194,1,441.68
6055,2004,3322,2,312.61
6056,2005,1888,3,293.54
6057,2006,3581,1,300.91
6058,2006,1236,1,447.66
6059,2006,2959,1,436.15
6060,2008,1760,3,181.35
6061,2008,4837,3,284.18
6062,2008,1055,1,75.11
6063,2008,2056,1,194.2
6064,2008,3767,3,292.23
6065,2008,4126,2,238.81
6066,2009,4097,1,44.34
6067,2009,1892,2,445.82
6068,2010,2458,2,444.84
6069,2010,1967,3,323.44
6070,2010,3214,3,287.79
6071,2010,3970,2,434.2
6072,2010,3554,2,153.51
6073,2011,4086,3,170.85
6074,2011,4358,1,98.63
6075,2011,2724,2,493.16
6076,2011,1308,3,367.41
6077,2013,1883,2,7.45
6078,2013,1312,2,233.28
6079,2013,254,3,416.88
6080,2013,4879,2,290.05
6081,2013,3254,1,357.82
6082,2014,2951,2,110.23
6083,2014,2238,1,141.67
6084,2014,3728,2,166.69
6085,2014,2369,3,185.77
6086,2014,2568,3,21.1
6087,2014,2425,1,481.92
6088,2016,3080,2,494.84
6089,2016,3482,2,434.47
6090,2017,984,3,376.22
6091,2018,4989,1,108.5
6092,2018,4822,1,112.04
6093,2018,65,2,128.17
6094,2018,2066,1,64.52
6095,2019,2620,2,388.2
6096,2022,1383,3,499.85
6097,2023,1931,3,320.14
6098,2023,4646,1,372.15
6099,2025,3013,2,320.28
6100,2025,4905,3,19.21
6101,2025,949,3,364.22
6102,2025,896,2,87.63
6103,2027,223,2,243.42
6104,2027,955,2,12.4
6105,2027,1064,1,145.22
6106,2027,2974,2,444.84
6107,2027,3464,3,378.42
6108,2027,4131,1,155.2
6109,2030,1849,1,81.66
6110,2030,4796,3,76.24
6111,2030,4825,2,177.1
6112,2030,2653,1,171.8
6113,2030,2349,2,67.2
6114,2030,3384,1,227.07
6115,2031,2228,1,422.37
6116,2031,1025,1,10.15
6117,2031,3323,2,396.1
6118,2031,1442,2,496.38
6119,2031,789,2,138.17
6120,2031,673,2,114.65
6121,2033,1866,3,108.31
6122,2033,1777,3,169.97
6123,2034,4487,2,408.9
6124,2034,866,2,61.05
6125,2035,443,3,346.92
6126,2035,3439,3,14.9
6127,2035,3131,2,408.09
6128,2035,2706,3,371.51
6129,2036,679,1,216.42
6130,2036,1762,1,462.73
6131,2037,358,2,336.45
6132,2037,3346,2,152.31
6133,2038,1430,1,315.92
6134,2038,301,3,492.89
6135,2039,2441,1,299.67
6136,2040,2203,1,430.67
6137,2040,206,1,370.58
6138,2041,3018,1,350.98
6139,2041,3476,1,77.89
6140,2042,1616,3,348.5
6141,2042,4787,3,357.31
6142,2042,2293,3,317.43
6143,2042,3333,3,398.79
6144,2042,2036,3,57.68
6145,2042,509,3,251.58
6146,2043,3368,3,117.25
6147,2043,4183,3,77.5
6148,2044,3059,1,169.6
6149,2044,3821,3,67.02
6150,2045,1227,3,180.72
6151,2045,3954,3,260.39
6152,2045,2672,3,160.56
6153,2046,542,1,214.77
6154,2046,961,2,495.67
6155,2046,4761,3,321.63
6156,2046,4294,1,23.16
6157,2047,3495,2,359.66
6158,2047,4569,2,102.09
6159,2048,2260,2,334.4
6160,2048,1914,1,461.93
6161,2048,4631,3,183.44
6162,2048,2991,1,323.64
6163,2049,4032,1,357.28
6164,2049,2473,1,62.25
6165,2049,2060,3,218.24
6166,2050,3477,3,302.2
6167,2050,2329,2,356.93
6168,2052,1043,1,29.69
6169,2052,1839,1,26.85
6170,2054,1138,2,469.72
6171,2054,4507,3,41.71
6172,2054,4899,2,23.16
6173,2054,3938,2,100.85
6174,2054,1499,1,41.59
6175,2054,3521,1,291.89
6176,2055,4642,2,412.11
6177,2056,3172,3,100.32
6178,2056,1174,3,180.09
6179,2057,4401,1,341.84
6180,2057,2238,1,141.67
6181,2057,352,3,199.08
6182,2060,3523,1,180.44
6183,2060,2911,1,359.73
6184,2060,133,3,40.93
6185,2060,4753,3,450.02
6186,2062,4670,1,100.89
6187,2062,1355,1,310.69
6188,2063,4174,1,10.78
6189,2063,248,1,96.84
6190,2063,3270,1,389.09
6191,2063,432,1,20.89
6192,2064,570,3,79.88
6193,2064,1428,3,337.94
6194,2065,1935,3,226.4
6195,2065,1385,2,9.59
6196,2066,2000,1,363.89
6197,2066,2364,2,396.73
6198,2066,521,1,349.5
6199,2066,1283,2,51.81
6200,2067,1227,1,180.72
6201,2067,2491,3,86.04
6202,2067,3153,2,67.47
6203,2067,3265,2,493.78
6204,2067,3406,1,354.64
6205,2068,944,3,138.61
6206,2068,400,3,359.12
6207,2068,4868,3,203.44
6208,2068,1784,1,297.43
6209,2068,1957,2,115.02
6210,2068,3298,3,123.97
6211,2069,3086,1,112.17
6212,2069,390,1,198.62
6213,2069,2371,1,109.25
6214,2069,1526,3,351.75
6215,2069,330,2,101.04
6216,2069,362,3,149.29
6217,2070,697,3,256.02
6218,2070,782,1,327.2
6219,2070,497,2,270.88
6220,2070,525,1,479.18
6221,2070,488,1,458.44
6222,2071,764,3,11.58
6223,2071,1100,1,206.97
6224,2071,1440,1,268.75
6225,2071,264,3,15.74
6226,2072,1722,2,218.92
6227,2072,667,2,402.02
6228,2072,4916,2,472.88
6229,2072,2350,2,424.89
6230,2073,2084,1,36.39
6231,2073,2741,3,203.12
6232,2073,2650,1,434.53
6233,2073,1618,3,52.81
6234,2073,1339,1,153.48
6235,2074,4817,2,274.51
6236,2075,4171,1,308.74
6237,2075,1117,2,122.89
6238,2075,543,2,411.58
6239,2075,3952,2,398.8
6240,2076,3633,1,112.75
6241,2076,1668,2,303.81
6242,2076,4887,2,92.82
6243,2076,2780,2,384.54
6244,2078,2960,2,373.33
6245,2078,186,1,369.78
6246,2078,2372,1,19.38
6247,2079,1561,3,445.83
6248,2080,3194,2,384.14
6249,2080,5000,1,207.06
6250,2081,2102,1,301.75
6251,2081,795,2,338.04
6252,2081,2534,2,304.5
6253,2081,1418,3,386.97
6254,2082,1356,2,298.51
6255,2082,3147,1,424.92
6256,2082,1281,1,93.47
6257,2082,3767,3,292.23
6258,2082,3203,1,413.31
6259,2083,4323,1,208.31
6260,2083,786,2,98.47
6261,2083,1629,2,270.15
6262,2084,2797,1,473.53
6263,2084,2806,2,231.97
6264,2084,1936,3,263.8
6265,2085,2402,2,477.21
6266,2085,3551,3,143.98
6267,2085,356,2,125.63
6268,2085,1344,3,447.22
6269,2085,1151,2,418.82
6270,2086,4385,2,226.09
6271,2086,4907,1,314.74
6272,2086,592,1,27.4
6273,2086,1943,1,121.46
6274,2087,441,2,374.91
6275,2087,914,2,324.02
6276,2088,700,2,212.25
6277,2088,674,1,405.17
6278,2088,1219,1,140.92
6279,2089,993,3,317.56
6280,2089,3231,2,347.41
6281,2089,4009,3,355.78
6282,2089,4579,1,305.13
6283,2090,2536,1,485.09
6284,2091,3919,3,299.15
6285,2091,2752,1,350.18
6286,2091,847,3,325.65
6287,2093,1225,1,5.12
6288,2093,1872,1,379.48
6289,2093,2647,2,456.87
6290,2093,999,3,65.73
6291,2094,693,3,421.19
6292,2094,582,3,390.85
6293,2094,1761,3,455.91
6294,2094,2494,3,262.35
6295,2095,274,1,69.54
6296,2095,4361,1,295.87
6297,2095,1176,3,354.03
6298,2095,2787,3,305.59
6299,2096,879,3,122.07
6300,2096,1840,2,48.9
6301,2096,1067,3,53.58
6302,2096,2552,3,51.29
6303,2097,342,3,159.51
6304,2098,4390,1,423.5
6305,2100,851,1,484.54
6306,2100,2290,2,288.96
6307,2101,2025,1,348.81
6308,2101,1440,3,268.75
6309,2101,643,3,447.66
6310,2101,2825,3,155.96
6311,2101,911,3,92.98
6312,2102,1198,2,304.82
6313,2102,1230,3,433.74
6314,2102,2643,2,420.17
6315,2103,1124,1,456.46
6316,2103,4641,2,295.03
6317,2104,418,2,278.94
6318,2104,4239,1,311.24
6319,2106,3360,1,251.77
6320,2107,3445,2,431.79
6321,2107,4639,1,413.61
6322,2107,4818,1,213.31
6323,2107,4451,1,445.18
6324,2108,4839,3,60.91
6325,2108,2602,3,156.2
6326,2109,2988,1,257.96
6327,2109,3234,3,306.65
6328,2109,815,2,467.29
6329,2110,1291,3,210.09
6330,2111,4279,2,393.82
6331,2113,16,3,162.76
6332,2113,4228,3,395.08
6333,2113,4277,3,466.13
6334,2114,2596,2,433.81
6335,2115,1311,1,357.83
6336,2115,708,2,488.67
6337,2115,788,2,462.54
6338,2115,2947,3,388.89
6339,2115,1061,3,148.44
6340,2115,4780,3,445.15
6341,2117,3560,2,185.39
6342,2117,2307,2,95.61
6343,2118,4444,2,295.9
6344,2119,4381,3,61.99
6345,2119,3212,1,305.12
6346,2119,1588,3,57.83
6347,2119,4510,1,22.15
6348,2119,4394,2,102.69
6349,2119,84,3,456.06
6350,2120,3310,1,344.9
6351,2120,367,2,205.99
6352,2120,3768,2,116.88
6353,2121,3891,1,115.63
6354,2121,696,1,157.79
6355,2122,848,2,219.65
6356,2122,4958,1,372.74
6357,2123,1813,1,444.3
6358,2123,1853,2,491.19
6359,2123,3139,1,84.56
6360,2123,3022,2,109.59
6361,2123,2463,2,94.5
6362,2123,2682,2,445.79
6363,2124,4398,3,398.19
6364,2124,2248,3,414.95
6365,2124,3476,3,77.89
6366,2124,3263,3,177.68
6367,2124,1130,1,455.48
6368,2125,69,1,15.85
6369,2125,3994,2,168.67
6370,2125,2266,3,124.24
6371,2125,2726,3,170.1
6372,2126,2056,3,194.2
6373,2126,1692,2,304.98
6374,2126,451,2,449.48
6375,2127,835,2,409.64
6376,2128,1795,3,11.81
6377,2128,4960,2,214.56
6378,2128,1477,1,269.47
6379,2128,3171,3,186.98
6380,2129,1062,2,150.89
6381,2129,3825,1,437.6
6382,2129,816,3,233.0
6383,2129,361,1,73.76
6384,2129,2185,1,279.89
6385,2129,4735,3,23.52
6386,2130,3952,3,398.8
6387,2130,4265,2,384.79
6388,2130,3236,1,493.27
6389,2132,546,1,199.52
6390,2133,2562,1,340.18
6391,2133,183,1,222.29
6392,2133,1245,2,395.42
6393,2133,413,2,326.15
6394,2133,488,3,458.44
6395,2134,670,3,209.52
6396,2135,1664,3,196.51
6397,2135,1107,1,446.45
6398,2135,3170,1,181.09
6399,2135,3446,2,90.35
6400,2135,1164,2,256.79
6401,2135,4417,3,128.41
6402,2136,852,3,404.37
6403,2136,3054,3,403.06
6404,2136,3721,2,427.57
6405,2136,19,3,487.33
6406,2136,1260,2,482.79
6407,2137,3601,3,80.92
6408,2137,108,3,283.33
6409,2137,1292,2,116.29
6410,2137,2439,2,315.56
6411,2137,4879,1,290.05
6412,2137,2999,1,216.5
6413,2138,4424,3,460.36
6414,2138,4334,3,232.01
6415,2138,1871,3,149.66
6416,2139,2498,3,396.0
6417,2139,3919,2,299.15
6418,2139,2410,2,264.59
6419,2139,171,1,193.71
6420,2139,4842,3,309.32
6421,2139,4210,3,161.25
6422,2140,1774,1,95.4
6423,2140,1598,3,444.24
6424,2140,1499,2,41.59
6425,2140,3480,3,269.84
6426,2140,3590,3,247.0
6427,2142,2829,3,484.96
6428,2142,745,1,57.09
6429,2142,1238,1,101.12
6430,2142,4405,1,421.4
6431,2142,2287,2,466.55
6432,2143,1750,1,411.65
6433,2143,336,1,439.14
6434,2143,33,2,78.36
6435,2143,3188,3,434.99
6436,2143,4560,3,216.11
6437,2144,226,2,300.52
6438,2144,2267,3,490.17
6439,2144,2512,2,301.79
6440,2145,3575,1,233.86
6441,2145,1969,1,367.59
6442,2145,4981,2,189.99
6443,2146,2983,2,393.15
6444,2146,2668,3,305.65
6445,2146,3771,3,228.91
6446,2146,4053,1,184.38
6447,2146,3301,3,365.76
6448,2147,4576,1,223.47
6449,2147,4679,2,82.53
6450,2148,2083,2,495.34
6451,2148,1887,3,402.63
6452,2148,2482,2,91.17
6453,2148,1093,1,367.77
6454,2148,1270,2,73.35
6455,2148,369,1,40.51
6456,2149,2158,3,308.99
6457,2149,1973,2,354.52
6458,2149,4536,2,148.65
6459,2149,97,1,318.66
6460,2149,341,1,169.98
6461,2149,4290,1,359.94
6462,2151,4235,3,135.49
6463,2151,700,1,212.25
6464,2151,3270,3,389.09
6465,2151,2381,1,363.73
6466,2151,218,2,498.03
6467,2151,4844,3,35.02
6468,2152,4504,1,232.74
6469,2153,4306,3,176.29
6470,2153,3357,3,232.1
6471,2153,4034,1,123.38
6472,2154,3327,3,175.36
6473,2154,2110,3,170.33
6474,2154,4738,1,268.23
6475,2155,751,2,80.98
6476,2155,2815,1,285.64
6477,2155,3100,2,322.5
6478,2155,4461,2,198.72
6479,2155,953,1,172.82
6480,2156,4275,1,410.42
6481,2156,2917,1,70.48
6482,2156,3942,2,143.47
6483,2157,3799,1,474.24
6484,2157,1033,1,111.99
6485,2157,2219,3,192.84
6486,2157,3010,1,278.15
6487,2159,2936,3,217.05
6488,2159,2575,2,497.06
6489,2159,452,3,250.68
6490,2159,4732,2,345.03
6491,2159,1997,2,428.57
6492,2159,3632,3,443.27
6493,2160,172,1,455.49
6494,2160,4234,1,132.04
6495,2160,3448,2,101.95
6496,2160,4025,1,67.65
6497,2160,931,3,6.42
6498,2160,1346,3,58.81
6499,2161,4040,2,143.7
6500,2161,1529,3,171.14
6501,2161,2229,1,180.09
6502,2161,4175,3,231.58
6503,2161,4598,3,370.94
6504,2161,2762,3,190.71
6505,2162,3423,2,99.7
6506,2162,1674,3,195.32
6507,2162,1518,2,144.21
6508,2164,1439,3,349.34
6509,2164,2619,1,142.23
6510,2165,3990,3,276.08
6511,2165,4560,3,216.11
6512,2165,4908,3,270.07
6513,2165,2852,2,492.43
6514,2166,2472,1,335.95
6515,2166,2372,2,19.38
6516,2166,3012,2,147.46
6517,2167,3009,3,11.5
6518,2167,2143,3,122.94
6519,2167,281,2,264.02
6520,2167,3653,1,10.65
6521,2167,3151,2,273.08
6522,2167,4847,1,326.95
6523,2168,103,2,408.55
6524,2168,1692,3,304.98
6525,2168,3791,1,409.68
6526,2168,2644,2,185.17
6527,2168,1846,3,28.26
6528,2168,4075,1,328.24
6529,2169,2902,2,97.09
6530,2169,3378,3,265.28
6531,2169,2944,1,210.29
6532,2170,1062,2,150.89
6533,2171,1525,3,452.62
6534,2171,2912,2,380.39
6535,2171,500,2,183.82
6536,2171,3077,3,375.29
6537,2172,2358,2,136.24
6538,2172,3276,1,17.34
6539,2173,3249,1,298.16
6540,2173,2814,2,304.14
6541,2173,2561,1,237.81
6542,2173,4964,1,479.94
6543,2173,289,3,474.81
6544,2173,737,2,106.81
6545,2174,2644,1,185.17
6546,2174,832,2,336.05
6547,2174,1565,1,478.55
6548,2174,2004,3,377.61
6549,2174,3946,1,291.9
6550,2174,270,3,155.87
6551,2176,4633,2,282.47
6552,2176,4650,2,219.9
6553,2176,4930,1,451.46
6554,2176,4247,2,299.28
6555,2176,4790,2,422.35
6556,2176,981,3,92.56
6557,2177,3747,1,194.0
6558,2177,1448,2,393.19
6559,2177,615,2,481.51
6560,2177,4079,1,435.47
6561,2178,329,3,61.35
6562,2178,2166,2,154.85
6563,2178,2690,2,303.79
6564,2178,126,2,449.65
6565,2179,4085,2,441.43
6566,2179,3959,2,303.95
6567,2180,1345,3,338.12
6568,2180,2819,2,368.34
6569,2180,2537,2,307.55
6570,2182,2194,1,168.77
6571,2182,3409,2,51.6
6572,2182,3329,3,76.65
6573,2182,3306,3,175.95
6574,2182,4985,3,420.33
6575,2182,4430,2,208.49
6576,2183,3022,2,109.59
6577,2183,1926,1,417.81
6578,2183,1996,1,277.58
6579,2183,4392,1,19.79
6580,2184,1668,2,303.81
6581,2185,2768,3,377.68
6582,2186,2187,3,105.08
6583,2187,44,2,419.64
6584,2187,3892,2,165.94
6585,2188,2361,1,293.37
6586,2188,185,1,487.94
6587,2188,3879,3,387.55
6588,2188,2134,3,422.07
6589,2189,96,2,184.83
6590,2189,2028,2,495.1
6591,2190,17,2,42.13
6592,2190,1937,1,378.71
6593,2190,1017,1,404.68
6594,2191,203,3,308.48
6595,2191,3072,2,388.63
6596,2191,2074,3,249.71
6597,2191,309,2,17.33
6598,2191,669,3,347.46
6599,2191,4024,1,294.09
6600,2192,1952,3,102.07
6601,2192,1642,2,9.38
6602,2192,3628,3,391.57
6603,2192,2147,3,347.37
6604,2192,2262,2,299.09
6605,2192,38,3,117.84
6606,2194,2473,3,62.25
6607,2194,1988,1,204.99
6608,2194,4392,2,19.79
6609,2195,4256,1,461.07
6610,2195,4937,3,427.39
6611,2195,2715,3,384.39
6612,2195,1537,1,100.36
6613,2195,778,3,431.52
6614,2196,2870,3,184.83
6615,2196,1742,1,303.94
6616,2196,2276,3,407.75
6617,2196,2277,3,449.14
6618,2196,2203,1,430.67
6619,2197,4190,1,143.3
6620,2198,4068,1,479.75
6621,2199,2196,3,95.47
6622,2201,1685,2,119.75
6623,2201,2305,2,149.56
6624,2201,3235,2,12.96
6625,2201,4232,1,140.67
6626,2202,1291,3,210.09
6627,2202,331,3,315.46
6628,2202,3214,3,287.79
6629,2202,1729,2,411.61
6630,2202,2560,1,95.4
6631,2203,334,1,421.99
6632,2203,753,1,301.11
6633,2204,177,3,279.68
6634,2204,1642,3,9.38
6635,2205,4653,2,413.49
6636,2205,1025,1,10.15
6637,2205,2041,1,101.77
6638,2205,4498,2,23.6
6639,2205,1122,2,391.2
6640,2205,2415,2,432.04
6641,2206,2236,1,355.87
6642,2208,873,3,446.64
6643,2209,2865,2,452.97
6644,2209,4660,1,334.5
6645,2209,319,3,211.39
6646,2209,1021,3,204.39
6647,2209,4515,1,298.54
6648,2210,942,3,32.72
6649,2210,3573,1,473.57
6650,2210,1086,3,292.37
6651,2210,1530,3,278.43
6652,2211,2213,2,183.87
6653,2211,104,3,195.41
6654,2211,621,1,73.31
6655,2211,2199,1,470.99
6656,2211,1673,2,119.93
6657,2213,1463,2,5.86
6658,2213,3008,3,466.29
6659,2214,2270,1,299.35
6660,2214,3103,1,499.18
6661,2214,4622,1,84.62
6662,2214,1399,3,400.89
6663,2214,3416,3,413.2
6664,2214,2848,2,175.44
6665,2215,2320,3,217.85
6666,2215,374,2,346.8
6667,2216,1008,3,473.44
6668,2216,4764,1,68.96
6669,2216,1464,3,453.05
6670,2217,869,1,424.93
6671,2218,3035,2,266.53
6672,2219,256,3,111.87
6673,2219,1947,2,81.19
6674,2219,3562,2,438.0
6675,2221,1553,3,252.07
6676,2221,1652,3,420.56
6677,2221,2605,1,178.11
6678,2221,2458,2,444.84
6679,2223,3400,2,263.05
6680,2223,1911,2,114.15
6681,2223,1055,2,75.11
6682,2223,4837,2,284.18
6683,2224,1981,2,195.98
6684,2224,4250,1,140.39
6685,2225,3260,3,17.24
6686,2225,3888,2,352.75
6687,2225,1644,3,67.84
6688,2226,2117,3,90.58
6689,2226,969,3,39.28
6690,2226,703,2,8.33
6691,2226,2495,2,223.35
6692,2226,1092,2,296.48
6693,2226,181,2,135.23
6694,2229,1289,2,468.06
6695,2229,2277,1,449.14
6696,2229,2452,1,463.1
6697,2229,2788,3,126.45
6698,2229,4816,1,153.35
6699,2229,4804,3,199.11
6700,2230,4488,3,366.02
6701,2230,3250,1,22.02
6702,2230,4893,2,406.97
6703,2231,3148,1,143.37
6704,2231,2147,1,347.37
6705,2231,3815,3,497.25
6706,2231,2634,3,346.68
6707,2232,1359,2,388.75
6708,2232,3736,2,119.15
6709,2232,1093,1,367.77
6710,2232,4997,2,273.2
6711,2232,4887,3,92.82
6712,2233,2843,3,269.6
6713,2233,4044,2,188.57
6714,2233,570,2,79.88
6715,2233,3514,3,230.65
6716,2233,642,1,190.36
6717,2235,1868,1,320.23
6718,2235,4347,3,236.33
6719,2236,3892,1,165.94
6720,2237,4520,1,323.3
6721,2237,1743,1,317.61
6722,2239,3839,1,314.71
6723,2239,2023,3,420.8
6724,2239,4664,2,303.54
6725,2239,3174,3,133.53
6726,2241,4146,1,216.4
6727,2241,3108,1,77.09
6728,2241,4172,3,189.29
6729,2242,2414,3,130.2
6730,2242,1367,3,400.3
6731,2242,4290,1,359.94
6732,2243,4032,3,357.28
6733,2244,3543,3,355.73
6734,2244,3783,3,207.34
6735,2245,3142,2,229.91
6736,2245,1,3,18.96
6737,2246,1248,2,92.67
6738,2246,4849,1,230.01
6739,2246,394,3,320.85
6740,2246,2500,3,174.15
6741,2246,3639,3,51.15
6742,2247,1792,3,429.77
6743,2248,2633,2,301.38
6744,2248,2761,1,150.33
6745,2248,1603,1,139.62
6746,2249,3315,3,174.4
6747,2249,3182,3,296.4
6748,2249,4622,2,84.62
6749,2249,1353,3,353.65
6750,2251,2878,3,289.37
6751,2251,4559,3,325.81
6752,2251,632,1,288.36
6753,2251,3093,2,274.05
6754,2251,3254,2,357.82
6755,2252,4793,1,320.53
6756,2253,319,3,211.39
6757,2253,3813,1,348.89
6758,2253,2249,3,116.0
6759,2253,2856,1,164.24
6760,2253,240,3,25.79
6761,2253,2910,3,346.41
6762,2254,4009,2,355.78
6763,2254,549,1,439.0
6764,2254,476,1,155.44
6765,2255,2680,2,418.6
6766,2255,2514,1,149.49
6767,2256,2678,3,390.82
6768,2256,1853,2,491.19
6769,2256,475,3,416.98
6770,2256,2958,2,484.88
6771,2256,3287,2,109.36
6772,2256,2182,3,286.91
6773,2258,4363,1,31.77
6774,2258,4477,3,292.58
6775,2258,4350,1,248.53
6776,2258,708,1,488.67
6777,2259,2486,2,193.85
6778,2259,2124,3,328.15
6779,2260,668,1,332.83
6780,2262,3526,1,464.1
6781,2262,2524,2,266.79
6782,2262,420,2,404.67
6783,2262,3082,2,389.15
6784,2262,2170,2,303.56
6785,2262,295,3,440.67
6786,2263,366,3,144.69
6787,2263,1366,3,319.02
6788,2263,1774,1,95.4
6789,2263,4261,3,451.09
6790,2263,16,1,162.76
6791,2264,4791,3,207.15
6792,2264,4732,1,345.03
6793,2264,2763,2,425.29
6794,2264,4177,1,5.48
6795,2265,4246,3,385.16
6796,2265,3715,2,26.14
6797,2266,4311,1,294.59
6798,2266,4801,1,335.47
6799,2266,894,1,212.02
6800,2266,4176,3,290.62
6801,2267,3049,1,92.17
6802,2267,84,1,456.06
6803,2267,2729,2,462.37
6804,2267,1161,3,27.39
6805,2267,1122,1,391.2
6806,2269,3942,2,143.47
6807,2269,1878,2,201.93
6808,2269,3891,1,115.63
6809,2269,4740,3,468.52
6810,2269,4886,1,327.2
6811,2270,158,3,43.16
6812,2270,3284,2,13.92
6813,2271,630,3,272.27
6814,2272,4860,3,19.35
6815,2272,3431,2,237.81
6816,2272,1094,1,119.61
6817,2273,937,1,95.3
6818,2273,2945,2,431.48
6819,2273,3339,3,244.6
6820,2273,3146,3,76.48
6821,2273,1462,1,264.31
6822,2273,899,1,6.78
6823,2274,2437,2,256.08
6824,2274,2788,1,126.45
6825,2274,2604,3,186.15
6826,2274,261,1,165.11
6827,2274,4514,3,57.55
6828,2274,1446,2,135.46
6829,2275,1266,1,354.58
6830,2275,3945,2,290.58
6831,2275,929,1,194.68
6832,2275,1757,1,347.32
6833,2275,1557,1,485.36
6834,2276,906,2,485.94
6835,2276,3656,2,106.53
6836,2276,1111,1,308.15
6837,2276,716,3,447.97
6838,2276,713,2,396.54
6839,2276,3559,2,346.98
6840,2277,4792,2,226.61
6841,2277,2355,2,349.4
6842,2277,2548,3,122.04
6843,2277,2986,3,447.27
6844,2278,323,2,307.97
6845,2279,513,3,224.07
6846,2279,2176,3,254.03
6847,2279,1472,1,163.67
6848,2279,1658,2,234.03
6849,2280,908,1,138.05
6850,2280,789,1,138.17
6851,2280,4692,1,246.06
6852,2280,4583,1,155.75
6853,2280,1732,1,145.43
6854,2280,3419,2,214.6
6855,2281,4266,2,496.11
6856,2281,3771,1,228.91
6857,2282,4606,1,281.67
6858,2282,2712,3,225.94
6859,2282,879,3,122.07
6860,2283,1164,3,256.79
6861,2283,172,1,455.49
6862,2283,3378,2,265.28
6863,2284,2651,1,166.3
6864,2284,3031,1,243.69
6865,2284,3531,2,405.4
6866,2284,3861,1,320.15
6867,2285,1422,3,334.13
6868,2285,2946,3,401.83
6869,2286,4525,2,401.71
6870,2286,549,2,439.0
6871,2286,3075,3,223.8
6872,2286,3793,1,80.47
6873,2286,2285,3,203.15
6874,2286,1897,1,490.56
6875,2287,994,2,105.86
6876,2288,380,2,255.27
6877,2289,318,2,23.18
6878,2289,4301,3,411.03
6879,2289,1523,1,163.75
6880,2290,1021,2,204.39
6881,2290,2328,2,245.71
6882,2291,1039,2,332.63
6883,2291,2942,1,140.93
6884,2291,153,1,26.19
6885,2291,4058,2,48.83
6886,2291,3670,2,94.31
6887,2291,475,2,416.98
6888,2293,3927,2,318.0
6889,2293,266,3,153.65
6890,2293,366,2,144.69
6891,2293,3716,3,319.9
6892,2293,2206,2,353.57
6893,2294,2421,2,422.01
6894,2294,2149,1,276.13
6895,2294,2632,1,339.62
6896,2296,3621,3,152.2
6897,2296,450,3,187.23
6898,2296,4878,1,467.34
6899,2296,167,1,105.16
6900,2296,1228,2,473.02
6901,2297,3493,3,261.82
6902,2297,598,2,326.62
6903,2297,2596,1,433.81
6904,2297,4759,1,442.65
6905,2298,257,3,265.47
6906,2298,4149,1,35.2
6907,2299,1677,1,395.09
6908,2299,892,1,456.53
6909,2299,1851,1,379.46
6910,2300,3374,1,301.16
6911,2300,4578,2,162.0
6912,2300,1897,2,490.56
6913,2301,3679,1,444.29
6914,2301,4298,1,94.75
6915,2301,753,2,301.11
6916,2301,1126,2,229.61
6917,2301,1205,1,247.46
6918,2302,3865,3,367.03
6919,2302,3472,1,297.83
6920,2302,689,3,281.83
6921,2303,2454,2,13.56
6922,2303,623,3,203.82
6923,2303,682,1,101.33
6924,2303,253,1,114.26
6925,2304,26,2,209.92
6926,2304,1221,3,366.68
6927,2304,640,3,21.14
6928,2304,1658,3,234.03
6929,2304,3806,1,299.78
6930,2304,340,3,358.27
6931,2305,2290,2,288.96
6932,2307,4710,3,468.42
6933,2307,2790,3,322.24
6934,2307,2116,1,491.08
6935,2308,902,2,442.38
6936,2308,229,3,427.47
6937,2308,2657,3,220.39
6938,2308,2997,1,486.89
6939,2308,1418,2,386.97
6940,2308,3,1,302.82
6941,2309,2250,2,442.31
6942,2309,274,3,69.54
6943,2309,3924,2,84.26
6944,2309,2576,2,63.96
6945,2310,3554,3,153.51
6946,2311,1319,2,398.8
6947,2312,4089,1,482.11
6948,2312,3813,1,348.89
6949,2312,1903,1,376.46
6950,2313,4473,1,178.44
6951,2313,4903,1,353.79
6952,2313,210,2,341.39
6953,2313,15,3,395.42
6954,2313,780,3,496.27
6955,2314,1982,3,449.94
6956,2315,2659,1,195.22
6957,2315,414,2,89.49
6958,2316,1236,3,447.66
6959,2317,11,2,373.94
6960,2317,4570,3,52.65
6961,2317,2060,2,218.24
6962,2318,2544,3,445.59
6963,2318,3245,3,50.19
6964,2319,3645,2,5.16
6965,2320,4425,3,136.42
6966,2320,2260,2,334.4
6967,2321,3595,1,47.26
6968,2322,4167,1,247.29
6969,2323,3305,1,457.77
6970,2323,4083,3,29.04
6971,2323,4074,1,175.75
6972,2324,3121,2,323.35
6973,2325,1886,1,348.51
6974,2325,1972,1,397.19
6975,2325,4393,1,66.34
6976,2326,175,2,294.76
6977,2326,1934,2,83.81
6978,2326,1904,3,399.16
6979,2326,909,2,219.78
6980,2326,102,1,219.24
6981,2328,65,1,128.17
6982,2328,3293,2,273.66
6983,2329,3959,3,303.95
6984,2329,3,3,302.82
6985,2329,1183,1,113.37
6986,2330,1365,2,497.85
6987,2330,2418,1,35.88
6988,2330,4152,3,24.42
6989,2330,2343,1,135.58
6990,2330,4231,2,49.08
6991,2331,2790,1,322.24
6992,2332,4406,2,355.54
6993,2332,4886,1,327.2
6994,2332,4189,1,281.02
6995,2332,3243,1,459.66
6996,2333,1052,2,388.75
6997,2333,10,1,483.93
6998,2333,2479,1,269.49
6999,2333,3048,1,72.63
7000,2333,4132,1,275.58
7001,2334,416,3,488.05
7002,2334,4271,1,250.1
7003,2334,714,2,234.81
7004,2334,3900,1,245.45
7005,2335,2530,3,480.13
7006,2335,3751,2,114.86
7007,2335,4044,1,188.57
7008,2335,3873,2,107.14
7009,2336,3108,3,77.09
7010,2336,2240,2,270.64
7011,2336,1094,2,119.61
7012,2336,1696,2,186.91
7013,2336,3234,1,306.65
7014,2336,4675,1,452.76
7015,2337,2423,2,280.13
7016,2338,1888,1,293.54
7017,2338,4427,1,6.05
7018,2338,575,3,287.54
7019,2338,3654,2,262.1
7020,2338,4867,3,315.37
7021,2339,1491,2,75.67
7022,2340,1349,2,260.65
7023,2340,3142,2,229.91
7024,2340,3775,3,255.89
7025,2340,1220,2,204.62
7026,2340,2748,3,197.24
7027,2340,2418,1,35.88
7028,2341,1694,1,235.98
7029,2341,4988,3,465.41
7030,2341,1475,2,251.32
7031,2341,4905,1,19.21
7032,2341,3361,1,210.56
7033,2341,459,1,420.47
7034,2342,4892,1,433.13
7035,2343,4028,2,56.61
7036,2343,3054,1,403.06
7037,2344,2847,2,100.33
7038,2344,4903,3,353.79
7039,2344,1949,1,349.27
7040,2345,1286,1,320.19
7041,2345,4023,1,384.72
7042,2346,2378,3,117.56
7043,2346,1818,1,379.51
7044,2346,4343,3,233.43
7045,2346,1579,2,16.99
7046,2346,3219,2,203.09
7047,2347,1370,3,173.21
7048,2347,4165,3,213.38
7049,2347,1185,1,244.45
7050,2347,315,2,251.83
7051,2347,3660,3,100.33
7052,2348,3174,1,133.53
7053,2348,1431,1,460.73
7054,2348,1936,3,263.8
7055,2348,2921,2,226.67
7056,2350,420,2,404.67
7057,2350,2536,3,485.09
7058,2350,2229,3,180.09
7059,2351,3307,1,170.87
7060,2351,3877,2,295.24
7061,2351,4308,1,247.55
7062,2351,761,3,51.9
7063,2353,2597,2,135.93
7064,2353,2298,1,277.86
7065,2353,609,2,144.82
7066,2353,197,3,383.3
7067,2353,2618,3,295.45
7068,2353,464,1,148.46
7069,2354,1533,1,9.77
7070,2354,3385,1,457.36
7071,2356,857,1,493.19
7072,2356,1110,2,284.11
7073,2356,3337,3,366.92
7074,2356,376,2,291.92
7075,2356,3737,1,420.75
7076,2357,4522,2,480.95
7077,2357,2236,1,355.87
7078,2357,2598,1,231.85
7079,2357,465,2,450.59
7080,2358,4021,3,318.48
7081,2358,2168,3,73.3
7082,2358,4166,2,187.92
7083,2358,1809,2,111.19
7084,2358,738,1,253.73
7085,2358,2475,3,132.87
7086,2359,2803,3,96.02
7087,2359,696,2,157.79
7088,2359,1670,1,50.13
7089,2359,2584,2,481.61
7090,2359,968,3,434.67
7091,2359,1761,1,455.91
7092,2360,3021,1,319.65
7093,2360,2411,2,144.48
7094,2360,3160,1,146.4
7095,2360,946,1,104.85
7096,2362,404,2,409.9
7097,2363,1585,2,84.13
7098,2363,1614,2,419.05
7099,2363,4850,2,63.31
7100,2363,1432,1,482.97
7101,2364,2069,1,415.26
7102,2364,1923,2,51.79
7103,2364,879,1,122.07
7104,2364,3088,3,159.22
7105,2365,4085,2,441.43
7106,2365,4338,1,491.81
7107,2365,1870,1,33.68
7108,2365,201,3,232.73
7109,2366,886,3,138.28
7110,2367,2698,1,389.43
7111,2368,3862,3,6.32
7112,2369,2619,3,142.23
7113,2369,2974,3,444.84
7114,2369,3971,2,340.71
7115,2369,4391,3,173.75
7116,2369,4502,1,427.97
7117,2371,864,3,338.89
7118,2371,4543,2,140.19
7119,2371,2488,3,132.19
7120,2372,4204,3,295.77
7121,2372,4815,1,478.75
7122,2372,2506,3,65.16
7123,2372,4676,2,372.33
7124,2372,1874,2,131.3
7125,2374,4683,2,11.81
7126,2374,3384,2,227.07
7127,2375,3121,1,323.35
7128,2375,3292,2,333.36
7129,2375,3831,2,258.44
7130,2377,4515,1,298.54
7131,2377,2619,1,142.23
7132,2377,3120,1,473.12
7133,2377,611,2,499.63
7134,2377,1994,1,81.82
7135,2377,451,1,449.48
7136,2378,425,1,484.44
7137,2378,4510,1,22.15
7138,2378,4426,3,227.43
7139,2379,1944,3,385.71
7140,2379,484,2,414.28
7141,2380,1591,1,94.55
7142,2380,4013,2,421.15
7143,2380,4224,1,458.84
7144,2380,1827,3,94.0
7145,2380,1348,2,384.37
7146,2381,2654,3,454.27
7147,2381,4189,2,281.02
7148,2381,304,3,228.55
7149,2381,586,1,25.02
7150,2381,2907,1,151.98
7151,2382,345,1,139.17
7152,2382,198,2,492.75
7153,2382,1359,1,388.75
7154,2382,237,1,159.49
7155,2383,3225,1,236.22
7156,2383,2277,3,449.14
7157,2383,2885,1,30.9
7158,2384,4158,2,92.47
7159,2384,1618,1,52.81
7160,2385,3603,2,255.76
7161,2385,988,2,398.59
7162,2386,678,1,365.8
7163,2386,2416,2,265.79
7164,2386,2764,1,405.52
7165,2387,2730,2,279.95
7166,2387,3056,2,127.52
7167,2387,2302,2,421.7
7168,2387,1079,2,5.02
7169,2387,3423,2,99.7
7170,2388,507,1,475.32
7171,2388,3301,3,365.76
7172,2388,917,1,32.66
7173,2389,834,2,454.9
7174,2389,4292,1,396.12
7175,2389,873,3,446.64
7176,2389,459,1,420.47
7177,2391,2525,3,289.69
7178,2392,1493,1,323.85
7179,2392,523,3,153.26
7180,2392,3106,3,300.95
7181,2392,3299,2,462.53
7182,2394,1050,3,484.92
7183,2394,2498,3,396.0
7184,2394,2302,3,421.7
7185,2394,360,2,300.22
7186,2395,2622,3,19.51
7187,2396,3401,2,332.49
7188,2396,4557,3,476.98
7189,2396,615,2,481.51
7190,2396,626,2,450.6
7191,2397,33,2,78.36
7192,2398,1770,1,499.21
7193,2398,2190,2,264.39
7194,2399,4712,1,142.61
7195,2399,308,3,390.47
7196,2399,2346,2,83.06
7197,2399,1106,3,261.29
7198,2399,4645,2,437.53
7199,2400,3980,1,132.93
7200,2400,1785,1,66.7
7201,2400,3646,3,491.69
7202,2400,1277,2,268.2
7203,2400,2272,3,454.59
7204,2401,4976,1,70.91
7205,2401,1618,1,52.81
7206,2401,1008,1,473.44
7207,2403,4525,3,401.71
7208,2403,3174,3,133.53
7209,2403,2776,2,320.22
7210,2404,1152,3,160.83
7211,2404,4766,3,473.77
7212,2404,2775,2,16.91
7213,2405,4331,3,177.95
7214,2405,4504,1,232.74
7215,2405,4386,2,139.4
7216,2407,3354,2,26.16
7217,2407,718,3,151.05
7218,2408,4635,3,209.48
7219,2408,3340,2,246.23
7220,2408,403,3,204.94
7221,2409,4682,1,61.92
7222,2409,157,3,175.79
7223,2409,4680,2,126.43
7224,2409,681,2,116.15
7225,2410,575,1,287.54
7226,2410,3529,3,65.02
7227,2410,4106,3,484.49
7228,2411,617,3,149.6
7229,2411,768,1,367.77
7230,2412,458,3,311.22
7231,2413,4767,3,53.18
7232,2414,3926,3,56.17
7233,2414,3064,3,81.28
7234,2414,1389,1,189.73
7235,2414,2042,1,118.45
7236,2414,718,1,151.05
7237,2415,2803,2,96.02
7238,2415,3339,1,244.6
7239,2416,603,1,245.62
7240,2416,1161,1,27.39
7241,2416,4613,1,271.02
7242,2416,1243,1,235.79
7243,2416,4183,3,77.5
7244,2417,3553,1,477.68
7245,2417,2304,3,491.32
7246,2417,2051,2,375.77
7247,2419,515,2,279.12
7248,2419,390,2,198.62
7249,2419,2791,3,379.02
7250,2419,4810,1,138.89
7251,2419,897,1,348.43
7252,2419,739,3,413.17
7253,2420,291,3,216.1
7254,2420,2182,2,286.91
7255,2420,1904,3,399.16
7256,2420,1698,1,297.26
7257,2420,2167,1,183.8
7258,2422,3385,1,457.36
7259,2422,192,3,118.82
7260,2422,3635,1,186.98
7261,2422,232,2,120.24
7262,2424,2187,2,105.08
7263,2424,3965,1,237.15
7264,2424,3188,1,434.99
7265,2424,1775,2,421.53
7266,2424,1719,3,279.73
7267,2424,360,1,300.22
7268,2425,3067,2,290.99
7269,2425,1359,3,388.75
7270,2426,3056,1,127.52
7271,2426,357,3,297.53
7272,2426,3105,2,457.88
7273,2426,4253,1,367.41
7274,2426,4465,3,483.5
7275,2426,475,3,416.98
7276,2427,4143,1,139.3
7277,2427,4858,1,377.77
7278,2427,2230,3,67.41
7279,2427,3555,1,441.17
7280,2427,1113,2,438.84
7281,2427,710,3,217.62
7282,2429,1768,1,279.02
7283,2429,4925,2,163.48
7284,2429,4114,2,94.71
7285,2430,1400,2,122.73
7286,2430,438,3,200.19
7287,2430,746,3,27.09
7288,2430,596,3,407.5
7289,2430,1640,2,62.35
7290,2431,3431,3,237.81
7291,2432,3104,1,184.83
7292,2432,3762,2,334.07
7293,2432,1998,3,363.77
7294,2432,3949,3,237.29
7295,2432,2075,2,405.2
7296,2433,3843,1,86.88
7297,2433,1901,1,41.04
7298,2433,1693,1,400.42
7299,2433,1658,1,234.03
7300,2433,3126,3,400.93
7301,2434,87,3,115.87
7302,2434,4585,1,322.56
7303,2435,3679,2,444.29
7304,2435,5,1,424.01
7305,2435,3236,3,493.27
7306,2435,2011,1,87.9
7307,2435,1390,1,444.97
7308,2436,194,2,113.19
7309,2436,1224,1,119.76
7310,2436,3293,3,273.66
7311,2436,2710,2,37.46
7312,2437,3475,3,143.93
7313,2437,131,2,206.78
7314,2437,3962,1,32.13
7315,2437,2558,2,295.92
7316,2437,1812,2,272.83
7317,2438,3777,3,245.53
7318,2438,4732,3,345.03
7319,2438,2905,2,28.13
7320,2438,961,1,495.67
7321,2439,1800,3,285.74
7322,2440,1180,3,108.23
7323,2440,3607,1,316.44
7324,2440,616,1,25.77
7325,2440,66,1,156.53
7326,2440,1008,3,473.44
7327,2441,3694,1,14.6
7328,2441,1934,3,83.81
7329,2441,2639,3,385.18
7330,2441,2687,2,432.2
7331,2442,4454,2,185.66
7332,2442,1382,1,429.46
7333,2442,302,1,216.64
7334,2443,1018,2,163.46
7335,2443,1482,1,414.15
7336,2443,1848,2,128.26
7337,2443,1104,2,30.48
7338,2444,1439,1,349.34
7339,2444,1519,2,24.49
7340,2445,1977,3,118.64
7341,2445,2371,1,109.25
7342,2445,2078,1,361.58
7343,2445,1939,2,400.2
7344,2445,4908,1,270.07
7345,2445,490,3,408.21
7346,2446,2069,2,415.26
7347,2446,4936,3,245.33
7348,2446,141,2,168.77
7349,2446,4421,3,396.38
7350,2447,2973,1,399.31
7351,2447,4970,1,257.83
7352,2447,4887,2,92.82
7353,2447,2100,2,35.62
7354,2448,2636,3,245.16
7355,2448,1899,3,425.24
7356,2448,2732,2,278.47
7357,2448,3463,1,44.86
7358,2449,4048,1,447.64
7359,2449,3704,1,285.97
7360,2449,1356,2,298.51
7361,2449,3365,2,480.9
7362,2450,4730,1,313.49
7363,2452,2277,2,449.14
7364,2452,3944,1,79.61
7365,2452,243,1,281.38
7366,2452,3696,1,83.43
7367,2452,3915,3,253.02
7368,2452,2542,2,197.94
7369,2453,3593,2,179.71
7370,2454,2229,2,180.09
7371,2454,3523,1,180.44
7372,2455,303,2,469.87
7373,2455,550,1,365.97
7374,2455,3765,3,257.45
7375,2455,125,1,411.94
7376,2455,1749,1,335.87
7377,2455,4724,1,193.04
7378,2456,1264,2,279.9
7379,2456,570,2,79.88
7380,2457,2804,3,369.21
7381,2457,813,3,62.47
7382,2458,3236,1,493.27
7383,2458,3968,1,338.92
7384,2458,4251,1,5.34
7385,2458,2994,1,489.0
7386,2459,2872,3,197.19
7387,2459,3815,1,497.25
7388,2459,3813,2,348.89
7389,2459,3996,2,292.72
7390,2459,603,2,245.62
7391,2459,3988,3,74.75
7392,2460,183,1,222.29
7393,2461,4247,1,299.28
7394,2461,1905,3,86.3
7395,2461,4277,3,466.13
7396,2463,1132,1,466.57
7397,2463,4673,3,281.92
7398,2463,4188,2,107.9
7399,2464,1987,1,84.27
7400,2464,1844,3,309.03
7401,2464,1441,3,485.52
7402,2464,704,1,317.51
7403,2465,2129,3,410.73
7404,2465,2745,1,323.24
7405,2465,4323,1,208.31
7406,2465,1200,1,51.07
7407,2465,3760,1,250.09
7408,2466,951,3,80.01
7409,2466,911,1,92.98
7410,2466,2792,1,292.55
7411,2466,2362,2,221.89
7412,2467,2806,2,231.97
7413,2467,697,1,256.02
7414,2467,4491,2,277.74
7415,2467,2214,3,201.9
7416,2468,1261,3,395.34
7417,2468,4028,1,56.61
7418,2469,1023,3,388.43
7419,2469,4645,1,437.53
7420,2469,699,1,491.05
7421,2470,4494,3,189.56
7422,2470,780,3,496.27
7423,2470,4250,2,140.39
7424,2470,4135,2,82.63
7425,2470,1559,1,290.72
7426,2470,1253,2,317.4
7427,2472,360,1,300.22
7428,2472,3,3,302.82
7429,2472,808,3,331.57
7430,2472,2926,2,373.92
7431,2472,585,2,214.42
7432,2473,3801,1,197.31
7433,2473,4290,3,359.94
7434,2473,283,1,349.78
7435,2475,4549,1,24.48
7436,2476,3829,1,423.81
7437,2476,4911,1,157.09
7438,2476,1301,2,109.6
7439,2476,234,3,388.95
7440,2478,3598,1,357.57
7441,2478,2467,1,45.51
7442,2478,952,2,404.7
7443,2478,1388,1,462.85
7444,2478,284,1,333.18
7445,2478,1939,2,400.2
7446,2479,2551,1,112.01
7447,2479,4620,1,321.35
7448,2479,1414,3,243.06
7449,2480,4107,1,327.56
7450,2480,4984,1,348.91
7451,2480,4419,3,469.68
7452,2480,3478,3,352.18
7453,2481,3923,3,467.01
7454,2481,1298,1,236.35
7455,2481,3517,3,170.67
7456,2481,1120,2,69.21
7457,2481,395,1,450.45
7458,2481,4524,1,46.26
7459,2482,4944,1,222.81
7460,2483,2521,2,26.21
7461,2483,2006,2,344.58
7462,2483,4026,3,25.67
7463,2483,887,1,5.27
7464,2484,3922,3,208.48
7465,2484,1078,3,158.89
7466,2484,2573,2,248.38
7467,2485,3403,3,319.85
7468,2485,1969,2,367.59
7469,2485,468,1,479.02
7470,2485,3038,2,472.92
7471,2486,4464,2,464.89
7472,2486,724,1,176.58
7473,2486,1581,2,336.78
7474,2486,902,2,442.38
7475,2486,1284,2,231.73
7476,2486,3128,1,251.37
7477,2487,1563,1,396.68
7478,2488,2426,1,219.86
7479,2489,3954,3,260.39
7480,2490,3394,2,446.53
7481,2490,860,2,46.87
7482,2491,2952,1,240.44
7483,2492,2715,1,384.39
7484,2492,288,3,489.23
7485,2492,384,2,122.78
7486,2492,540,2,373.26
7487,2493,1563,3,396.68
7488,2493,523,3,153.26
7489,2493,2584,1,481.61
7490,2493,3457,2,216.86
7491,2494,1236,3,447.66
7492,2494,4766,3,473.77
7493,2494,672,3,182.19
7494,2494,3657,3,404.91
7495,2494,2897,3,232.7
7496,2495,3289,1,407.13
7497,2496,4314,2,119.43
7498,2496,148,2,291.56
7499,2496,153,2,26.19
7500,2496,2161,3,305.43
7501,2496,3836,1,376.57
7502,2497,876,2,480.05
7503,2497,3786,3,278.34
7504,2497,4992,2,302.6
7505,2497,1596,1,485.62
7506,2497,1702,3,444.09
7507,2497,1185,2,244.45
7508,2498,825,2,243.81
7509,2498,3945,3,290.58
7510,2498,288,1,489.23
7511,2498,4405,3,421.4
7512,2502,3124,3,147.41
7513,2502,3931,2,207.92
7514,2502,4312,1,195.31
7515,2502,717,2,287.83
7516,2502,332,1,153.18
7517,2503,4487,2,408.9
7518,2503,4981,2,189.99
7519,2505,4488,3,366.02
7520,2505,874,2,180.1
7521,2506,2289,1,234.24
7522,2506,3632,2,443.27
7523,2507,4884,2,164.99
7524,2507,4138,2,207.88
7525,2508,1859,2,33.47
7526,2509,4920,1,387.56
7527,2509,2437,3,256.08
7528,2509,802,2,320.85
7529,2509,4829,2,457.01
7530,2509,42,1,353.79
7531,2509,3059,1,169.6
7532,2510,1598,3,444.24
7533,2510,1553,1,252.07
7534,2510,2406,3,151.56
7535,2510,3657,3,404.91
7536,2510,894,1,212.02
7537,2510,3170,2,181.09
7538,2511,365,1,451.03
7539,2511,4540,3,489.95
7540,2511,4566,1,176.52
7541,2511,376,3,291.92
7542,2511,3263,2,177.68
7543,2512,3615,3,10.65
7544,2512,16,1,162.76
7545,2512,2324,3,274.62
7546,2512,3053,1,208.8
7547,2512,2417,1,113.57
7548,2512,4403,2,22.84
7549,2514,2839,3,380.0
7550,2514,2773,1,167.9
7551,2514,914,2,324.02
7552,2514,2793,2,470.04
7553,2515,1452,1,177.06
7554,2516,4444,1,295.9
7555,2516,1376,2,139.18
7556,2517,3513,2,400.83
7557,2517,3255,1,296.72
7558,2517,3203,3,413.31
7559,2517,1226,2,166.91
7560,2517,575,1,287.54
7561,2517,223,1,243.42
7562,2518,1192,2,103.23
7563,2518,1475,2,251.32
7564,2518,1718,1,495.7
7565,2518,359,2,53.34
7566,2518,16,1,162.76
7567,2519,1117,3,122.89
7568,2519,4378,1,172.53
7569,2519,4674,1,494.13
7570,2519,2130,2,38.3
7571,2522,3659,1,397.52
7572,2523,2188,3,169.48
7573,2523,1698,3,297.26
7574,2523,4381,2,61.99
7575,2523,1286,1,320.19
7576,2524,1169,1,377.97
7577,2524,1452,2,177.06
7578,2524,209,2,183.35
7579,2524,3133,1,5.33
7580,2524,1725,3,54.83
7581,2525,4289,2,195.57
7582,2526,3438,3,365.31
7583,2526,3864,1,350.6
7584,2526,386,2,240.75
7585,2526,2448,2,274.46
7586,2526,83,1,326.18
7587,2526,92,3,288.65
7588,2527,2966,2,212.9
7589,2527,4796,2,76.24
7590,2528,3454,3,300.89
7591,2528,4931,2,477.45
7592,2528,2968,3,490.95
7593,2528,4161,2,120.44
7594,2528,4332,2,269.17
7595,2528,1906,2,454.13
7596,2529,4415,3,239.81
7597,2529,1000,3,423.09
7598,2530,518,2,216.93
7599,2530,4593,1,42.99
7600,2530,1168,1,147.48
7601,2531,4114,3,94.71
7602,2531,1674,1,195.32
7603,2531,2672,1,160.56
7604,2531,2077,1,463.48
7605,2531,4730,1,313.49
7606,2532,1071,2,344.16
7607,2534,3334,2,340.71
7608,2534,3274,3,293.95
7609,2534,4826,2,289.77
7610,2534,1034,1,297.31
7611,2535,3305,3,457.77
7612,2535,4372,1,176.56
7613,2535,1491,1,75.67
7614,2535,677,3,68.48
7615,2535,1782,2,366.28
7616,2535,2542,2,197.94
7617,2536,4447,1,202.08
7618,2536,4211,3,10.72
7619,2536,3060,1,126.91
7620,2537,1867,1,60.45
7621,2537,1387,1,212.52
7622,2538,3876,2,52.02
7623,2538,2209,2,449.14
7624,2539,4221,3,496.05
7625,2539,3495,1,359.66
7626,2539,1125,2,363.83
7627,2539,311,3,47.23
7628,2541,793,2,436.45
7629,2542,4892,3,433.13
7630,2542,331,1,315.46
7631,2542,4823,3,149.09
7632,2543,2170,2,303.56
7633,2543,4293,3,102.79
7634,2544,4246,1,385.16
7635,2544,3418,3,91.38
7636,2544,4494,3,189.56
7637,2544,1714,3,450.21
7638,2544,2038,1,369.66
7639,2544,4798,3,311.87
7640,2546,4581,1,407.95
7641,2546,984,1,376.22
7642,2546,422,2,307.96
7643,2546,3050,1,61.37
7644,2547,3598,1,357.57
7645,2547,862,1,310.06
7646,2547,1288,3,271.88
7647,2547,2062,3,83.39
7648,2548,2168,2,73.3
7649,2548,605,2,62.89
7650,2548,4687,1,342.97
7651,2548,2420,2,443.72
7652,2548,1804,1,215.3
7653,2548,1231,3,93.61
7654,2549,1164,1,256.79
7655,2550,4161,2,120.44
7656,2550,2769,2,457.85
7657,2551,471,3,210.73
7658,2551,2713,3,68.41
7659,2551,4452,2,6.36
7660,2551,2676,2,91.84
7661,2552,4542,3,195.86
7662,2552,4931,2,477.45
7663,2552,2428,2,97.48
7664,2553,3316,2,165.47
7665,2553,2890,2,214.46
7666,2554,1933,2,191.18
7667,2554,710,3,217.62
7668,2554,3307,2,170.87
7669,2554,1357,1,305.32
7670,2554,1242,3,421.85
7671,2555,4954,2,82.32
7672,2555,4313,1,453.34
7673,2556,4393,2,66.34
7674,2557,3508,2,378.11
7675,2557,4690,3,456.08
7676,2557,1183,1,113.37
7677,2557,4537,2,201.4
7678,2557,2670,3,395.16
7679,2558,2201,1,160.99
7680,2559,619,2,405.53
7681,2559,984,1,376.22
7682,2559,2528,3,178.55
7683,2559,3682,2,342.07
7684,2559,3283,1,234.21
7685,2560,2715,3,384.39
7686,2560,3708,1,124.65
7687,2561,3675,2,334.93
7688,2561,135,3,198.54
7689,2561,4208,1,415.13
7690,2563,4446,1,67.5
7691,2565,2929,2,95.31
7692,2565,4412,1,78.71
7693,2565,1767,3,431.69
7694,2565,3915,3,253.02
7695,2567,3490,3,312.89
7696,2568,2121,3,486.98
7697,2568,4686,2,275.4
7698,2568,3905,1,292.86
7699,2568,1133,1,193.74
7700,2569,3228,1,348.18
7701,2569,2754,2,170.94
7702,2570,2106,3,433.26
7703,2570,26,1,209.92
7704,2570,4945,2,255.99
7705,2570,1189,1,438.43
7706,2570,2916,1,147.39
7707,2571,4997,2,273.2
7708,2571,4455,3,433.19
7709,2571,4527,1,497.63
7710,2571,2532,2,237.6
7711,2572,2547,3,328.13
7712,2572,3758,2,266.98
7713,2572,1254,1,296.25
7714,2573,4936,1,245.33
7715,2573,4545,3,182.86
7716,2574,1778,2,241.1
7717,2575,3906,1,174.96
7718,2575,3956,1,484.86
7719,2575,531,3,79.48
7720,2576,2594,1,282.21
7721,2576,899,1,6.78
7722,2576,2532,1,237.6
7723,2576,709,3,69.74
7724,2576,4895,2,58.2
7725,2576,1366,1,319.02
7726,2577,1812,1,272.83
7727,2578,2649,1,383.01
7728,2578,3942,3,143.47
7729,2578,4413,1,281.61
7730,2579,1230,1,433.74
7731,2582,3085,1,275.02
7732,2582,141,2,168.77
7733,2583,15,2,395.42
7734,2583,1185,2,244.45
7735,2583,278,1,223.03
7736,2583,4779,3,82.37
7737,2584,1492,3,12.03
7738,2584,638,2,346.06
7739,2584,3572,2,401.35
7740,2584,2137,2,344.69
7741,2584,3342,1,389.18
7742,2584,871,2,102.78
7743,2586,3140,3,251.95
7744,2586,253,1,114.26
7745,2587,4946,2,131.21
7746,2587,3518,1,77.97
7747,2587,3422,2,78.65
7748,2587,583,2,219.02
7749,2590,4844,2,35.02
7750,2590,4816,3,153.35
7751,2590,2565,2,402.16
7752,2591,4189,1,281.02
7753,2591,1728,3,446.98
7754,2591,3021,2,319.65
7755,2592,208,3,130.87
7756,2592,1348,1,384.37
7757,2592,4255,2,78.96
7758,2593,1902,2,416.15
7759,2594,1659,2,396.02
7760,2594,2683,1,34.97
7761,2594,176,3,201.74
7762,2594,2600,1,359.09
7763,2595,3145,2,12.4
7764,2595,86,1,36.35
7765,2595,3836,1,376.57
7766,2595,1100,1,206.97
7767,2595,2954,2,457.61
7768,2595,2921,2,226.67
7769,2597,4527,1,497.63
7770,2597,4546,2,467.37
7771,2597,2547,1,328.13
7772,2597,1294,2,281.04
7773,2600,4057,1,161.91
7774,2601,4303,2,199.97
7775,2601,4376,3,140.87
7776,2601,99,1,465.46
7777,2601,2084,1,36.39
7778,2601,1278,1,467.42
7779,2601,2537,3,307.55
7780,2602,3678,1,79.28
7781,2602,2884,1,300.57
7782,2602,3399,3,112.73
7783,2603,724,2,176.58
7784,2603,1377,3,474.27
7785,2603,4331,1,177.95
7786,2603,4630,3,55.72
7787,2604,3793,3,80.47
7788,2604,1385,3,9.59
7789,2604,2263,2,363.56
7790,2605,1752,2,333.34
7791,2605,221,2,436.09
7792,2605,2997,1,486.89
7793,2606,2097,2,296.23
7794,2606,504,3,203.31
7795,2607,4809,1,317.84
7796,2607,3861,1,320.15
7797,2607,1869,1,441.73
7798,2607,1607,3,176.66
7799,2607,1438,3,158.71
7800,2607,2259,3,195.74
7801,2608,1241,2,224.48
7802,2608,4188,3,107.9
7803,2608,852,3,404.37
7804,2609,4294,1,23.16
7805,2610,1435,2,156.39
7806,2610,561,1,19.24
7807,2610,4227,2,95.14
7808,2610,4426,1,227.43
7809,2611,823,2,461.92
7810,2611,249,1,271.78
7811,2612,2743,1,166.15
7812,2612,3538,1,269.91
7813,2612,823,2,461.92
7814,2612,1872,3,379.48
7815,2612,241,1,128.12
7816,2612,3772,3,23.49
7817,2613,4711,2,18.67
7818,2613,1071,1,344.16
7819,2613,3393,2,142.83
7820,2613,3695,1,481.77
7821,2613,4541,1,41.68
7822,2614,1604,2,26.84
7823,2614,2755,1,10.34
7824,2614,4923,1,334.06
7825,2614,4261,1,451.09
7826,2614,4184,2,372.74
7827,2614,4542,1,195.86
7828,2615,667,1,402.02
7829,2615,4412,2,78.71
7830,2615,4427,3,6.05
7831,2615,4227,2,95.14
7832,2615,1625,2,46.07
7833,2615,4732,3,345.03
7834,2616,636,1,45.56
7835,2616,333,3,444.57
7836,2618,949,1,364.22
7837,2618,1266,3,354.58
7838,2618,3377,1,387.47
7839,2618,1626,3,492.08
7840,2618,1345,1,338.12
7841,2618,277,1,175.54
7842,2620,4502,1,427.97
7843,2620,2880,1,132.61
7844,2620,2055,2,325.77
7845,2620,2509,3,360.0
7846,2622,178,1,428.22
7847,2622,2956,3,340.03
7848,2622,2971,3,113.93
7849,2623,2617,3,234.48
7850,2623,2281,2,226.08
7851,2623,3291,2,350.16
7852,2623,1035,3,424.66
7853,2623,3675,2,334.93
7854,2623,4799,1,87.27
7855,2624,3730,3,325.58
7856,2624,3950,1,241.88
7857,2625,2412,2,112.77
7858,2625,3636,3,114.17
7859,2625,1915,1,468.6
7860,2626,198,3,492.75
7861,2626,4159,3,360.14
7862,2626,3105,1,457.88
7863,2629,4837,3,284.18
7864,2629,507,2,475.32
7865,2631,3506,3,156.86
7866,2631,1835,1,304.41
7867,2632,2709,1,250.72
7868,2632,4016,2,472.6
7869,2632,4513,3,202.87
7870,2632,3242,1,360.3
7871,2632,446,1,185.96
7872,2633,3989,3,196.37
7873,2634,493,3,154.31
7874,2635,3762,1,334.07
7875,2635,4311,1,294.59
7876,2636,2823,1,67.4
7877,2636,3226,3,421.97
7878,2637,4422,1,73.0
7879,2637,1331,3,456.79
7880,2637,3097,3,467.27
7881,2637,741,1,412.6
7882,2637,2001,2,222.87
7883,2637,3749,2,60.57
7884,2638,981,2,92.56
7885,2638,3593,1,179.71
7886,2638,3126,2,400.93
7887,2638,109,3,214.08
7888,2638,4062,2,249.32
7889,2638,2031,3,472.85
7890,2639,1644,2,67.84
7891,2639,3695,3,481.77
7892,2639,4244,2,392.25
7893,2639,2766,2,462.63
7894,2639,1414,2,243.06
7895,2639,1558,3,166.47
7896,2640,1039,3,332.63
7897,2640,3400,3,263.05
7898,2640,4115,3,168.01
7899,2640,4558,1,330.49
7900,2640,306,2,202.03
7901,2641,2363,1,154.54
7902,2641,2908,1,9.5
7903,2641,3064,1,81.28
7904,2641,813,3,62.47
7905,2641,2060,1,218.24
7906,2641,4776,2,338.3
7907,2642,2257,2,102.19
7908,2642,3518,1,77.97
7909,2642,3903,3,237.78
7910,2642,2071,2,301.95
7911,2642,4266,3,496.11
7912,2643,1306,1,343.26
7913,2643,2116,2,491.08
7914,2643,1508,2,58.78
7915,2643,3891,3,115.63
7916,2643,697,2,256.02
7917,2643,1151,2,418.82
7918,2644,3726,3,271.67
7919,2644,3871,1,384.92
7920,2645,99,1,465.46
7921,2645,2505,2,235.02
7922,2645,1214,2,87.14
7923,2645,3386,1,346.42
7924,2645,597,3,99.45
7925,2646,4147,2,55.97
7926,2646,2851,3,126.69
7927,2647,362,2,149.29
7928,2648,1992,1,276.94
7929,2648,3440,3,343.13
7930,2648,750,3,66.45
7931,2648,3004,1,153.54
7932,2649,1853,2,491.19
7933,2649,2310,1,121.98
7934,2649,3746,2,409.56
7935,2650,3593,1,179.71
7936,2650,2715,2,384.39
7937,2650,805,2,150.46
7938,2650,4231,2,49.08
7939,2650,2823,2,67.4
7940,2651,2910,3,346.41
7941,2652,4559,2,325.81
7942,2652,4664,3,303.54
7943,2652,290,1,194.19
7944,2652,3995,2,483.41
7945,2653,1725,2,54.83
7946,2653,3787,3,144.05
7947,2654,1962,2,301.51
7948,2654,4251,1,5.34
7949,2654,3430,1,304.5
7950,2654,935,2,215.23
7951,2655,685,2,122.99
7952,2655,2836,1,157.14
7953,2655,3231,1,347.41
7954,2656,2669,3,120.71
7955,2657,313,3,357.46
7956,2657,2774,2,288.46
7957,2659,2192,3,113.42
7958,2659,2656,3,406.99
7959,2659,978,3,108.83
7960,2660,989,1,80.92
7961,2660,263,2,71.87
7962,2660,1322,2,147.77
7963,2660,4468,1,58.68
7964,2660,2044,2,94.95
7965,2661,3421,3,13.04
7966,2661,4948,2,371.56
7967,2661,1038,1,373.79
7968,2661,3071,2,251.07
7969,2662,4083,2,29.04
7970,2662,121,1,270.83
7971,2664,126,1,449.65
7972,2664,1788,2,343.61
7973,2664,1642,1,9.38
7974,2665,923,3,301.81
7975,2665,3053,3,208.8
7976,2665,947,2,396.16
7977,2666,545,2,344.2
7978,2666,2846,3,87.4
7979,2666,1297,3,375.27
7980,2667,151,3,259.5
7981,2667,2912,1,380.39
7982,2667,155,1,287.23
7983,2669,1734,2,109.22
7984,2669,125,1,411.94
7985,2669,1808,1,209.12
7986,2669,722,2,275.28
7987,2670,4855,1,456.62
7988,2670,1068,1,341.07
7989,2670,105,1,229.16
7990,2671,1294,3,281.04
7991,2671,1084,3,479.75
7992,2671,1319,1,398.8
7993,2671,3763,2,498.41
7994,2671,1012,1,227.45
7995,2672,4452,2,6.36
7996,2672,3227,2,237.23
7997,2674,661,3,46.53
7998,2674,2251,2,472.72
7999,2675,3328,1,187.8
8000,2676,1570,1,102.9
8001,2676,475,1,416.98
8002,2676,882,2,405.93
8003,2676,2997,1,486.89
8004,2677,1083,2,330.45
8005,2677,4418,1,143.18
8006,2677,797,1,481.22
8007,2677,1263,3,96.37
8008,2677,2698,1,389.43
8009,2677,3512,2,466.54
8010,2678,831,2,328.33
8011,2678,1961,1,315.92
8012,2678,1022,1,415.78
8013,2679,3016,2,209.86
8014,2679,4455,1,433.19
8015,2679,2351,3,75.01
8016,2680,2004,1,377.61
8017,2680,1141,1,25.77
8018,2680,4030,3,394.45
8019,2680,1588,3,57.83
8020,2680,2600,2,359.09
8021,2682,4441,2,60.97
8022,2683,2867,2,448.22
8023,2683,4328,3,359.87
8024,2683,272,3,148.44
8025,2683,1655,3,453.38
8026,2684,2480,1,394.82
8027,2684,2937,3,340.74
8028,2685,3771,1,228.91
8029,2686,4851,3,376.95
8030,2686,2307,2,95.61
8031,2687,3793,2,80.47
8032,2687,2541,3,142.14
8033,2687,272,2,148.44
8034,2687,1128,2,432.07
8035,2687,4034,3,123.38
8036,2687,2349,3,67.2
8037,2688,692,2,167.46
8038,2688,2432,3,236.21
8039,2688,3941,3,32.55
8040,2688,915,2,9.65
8041,2688,655,3,476.32
8042,2689,19,3,487.33
8043,2689,1096,3,190.29
8044,2689,1380,1,182.4
8045,2690,214,1,328.24
8046,2690,244,1,71.69
8047,2690,587,1,264.72
8048,2690,1753,1,463.19
8049,2690,536,3,245.49
8050,2690,3491,3,303.15
8051,2691,2881,1,481.51
8052,2692,2308,1,124.91
8053,2693,2288,1,460.78
8054,2694,657,3,471.08
8055,2694,1858,1,486.38
8056,2694,1548,1,450.05
8057,2695,1556,3,301.56
8058,2695,1138,3,469.72
8059,2695,1748,1,418.23
8060,2695,367,3,205.99
8061,2695,1656,3,170.82
8062,2697,4948,3,371.56
8063,2697,4378,2,172.53
8064,2698,119,1,314.56
8065,2698,3271,2,215.43
8066,2698,3705,2,68.09
8067,2699,719,1,236.44
8068,2699,2291,2,86.42
8069,2699,2638,2,235.43
8070,2699,3886,3,482.1
8071,2699,3805,2,475.09
8072,2700,4624,2,461.55
8073,2700,4291,2,64.86
8074,2700,956,2,89.01
8075,2702,4738,3,268.23
8076,2702,3686,1,299.24
8077,2702,3645,1,5.16
8078,2702,119,2,314.56
8079,2702,4077,3,486.35
8080,2702,737,2,106.81
8081,2703,508,1,251.15
8082,2703,3301,3,365.76
8083,2703,1672,3,143.34
8084,2703,1699,1,450.75
8085,2703,500,1,183.82
8086,2703,1431,2,460.73
8087,2704,542,1,214.77
8088,2705,1686,3,214.52
8089,2705,4658,2,432.27
8090,2705,2707,3,440.45
8091,2706,2933,1,275.59
8092,2707,2957,1,218.94
8093,2707,3638,3,447.16
8094,2707,799,2,33.33
8095,2707,342,1,159.51
8096,2707,4749,3,364.81
8097,2708,1372,3,428.51
8098,2708,4458,2,200.99
8099,2708,1934,3,83.81
8100,2708,4702,2,419.81
8101,2708,445,2,455.45
8102,2709,1619,1,96.93
8103,2710,2796,2,302.32
8104,2710,3565,1,415.92
8105,2710,2275,1,187.13
8106,2710,3790,2,5.67
8107,2711,4055,2,323.77
8108,2712,109,2,214.08
8109,2712,2592,1,182.46
8110,2713,2547,3,328.13
8111,2713,3051,2,55.01
8112,2713,2733,3,473.15
8113,2713,2028,2,495.1
8114,2713,954,3,498.52
8115,2714,2367,2,203.63
8116,2714,1694,3,235.98
8117,2715,2370,1,176.95
8118,2715,3921,3,160.41
8119,2715,4582,1,476.16
8120,2715,2281,3,226.08
8121,2715,2413,3,93.63
8122,2717,1600,2,352.92
8123,2717,3984,3,229.71
8124,2717,4973,3,287.68
8125,2717,825,2,243.81
8126,2718,717,1,287.83
8127,2718,748,2,375.59
8128,2719,1712,2,85.88
8129,2720,1525,3,452.62
8130,2720,3710,1,318.9
8131,2720,4700,3,493.35
8132,2720,4893,3,406.97
8133,2721,3262,3,424.17
8134,2721,3478,3,352.18
8135,2721,640,2,21.14
8136,2721,4649,2,130.37
8137,2721,2458,3,444.84
8138,2721,1313,1,252.61
8139,2722,1911,2,114.15
8140,2722,3460,1,420.46
8141,2723,3422,2,78.65
8142,2723,4960,2,214.56
8143,2723,1967,3,323.44
8144,2723,151,1,259.5
8145,2723,3640,1,226.87
8146,2725,2565,1,402.16
8147,2725,3141,1,123.99
8148,2725,2923,2,355.49
8149,2725,4580,2,124.17
8150,2726,4982,2,152.49
8151,2726,1040,2,109.97
8152,2726,2982,1,275.86
8153,2726,1798,2,278.11
8154,2727,3461,1,232.55
8155,2727,715,2,249.92
8156,2728,2587,2,140.3
8157,2728,2805,3,190.1
8158,2728,449,1,175.89
8159,2728,2357,3,83.0
8160,2728,1151,2,418.82
8161,2728,2647,1,456.87
8162,2729,61,1,246.35
8163,2729,405,2,203.3
8164,2729,2490,2,173.44
8165,2729,4914,2,150.23
8166,2729,3524,3,463.74
8167,2731,3471,1,377.96
8168,2731,1562,1,266.97
8169,2731,1727,2,92.9
8170,2731,4451,1,445.18
8171,2731,4836,2,329.49
8172,2731,3356,3,18.65
8173,2732,974,2,76.59
8174,2732,4615,3,67.41
8175,2732,3975,2,373.05
8176,2732,1519,3,24.49
8177,2732,1725,2,54.83
8178,2732,550,2,365.97
8179,2733,2281,3,226.08
8180,2733,4914,2,150.23
8181,2733,409,2,298.51
8182,2733,1648,2,378.94
8183,2733,4845,1,86.09
8184,2733,1343,2,254.02
8185,2734,4463,3,410.72
8186,2734,3858,2,183.94
8187,2735,3786,3,278.34
8188,2735,3611,1,112.11
8189,2735,4502,2,427.97
8190,2735,4384,1,169.66
8191,2735,4821,2,383.37
8192,2736,3355,1,483.43
8193,2736,3391,2,337.91
8194,2736,2774,2,288.46
8195,2737,2048,3,294.65
8196,2738,4507,3,41.71
8197,2738,2080,1,84.1
8198,2738,4667,1,377.24
8199,2738,2904,3,222.45
8200,2738,2559,1,412.53
8201,2739,3969,1,233.05
8202,2739,4433,1,50.88
8203,2739,783,1,339.83
8204,2739,4444,2,295.9
8205,2739,2854,2,370.52
8206,2740,323,2,307.97
8207,2741,187,1,177.31
8208,2741,1247,3,93.11
8209,2741,4413,3,281.61
8210,2741,1978,2,442.13
8211,2741,3355,3,483.43
8212,2742,3529,1,65.02
8213,2742,4634,2,344.28
8214,2743,2355,3,349.4
8215,2743,3427,2,227.63
8216,2744,4630,1,55.72
8217,2744,3918,1,348.71
8218,2745,4110,1,453.91
8219,2745,4173,3,413.02
8220,2746,3620,1,55.97
8221,2746,2158,3,308.99
8222,2748,3317,1,113.86
8223,2748,4223,3,38.81
8224,2749,4783,3,26.58
8225,2749,4917,2,164.76
8226,2749,3963,3,300.57
8227,2749,2745,2,323.24
8228,2749,4946,2,131.21
8229,2749,4487,2,408.9
8230,2750,1896,3,303.19
8231,2752,1706,3,312.78
8232,2752,458,1,311.22
8233,2752,915,3,9.65
8234,2752,2455,1,284.84
8235,2753,3224,1,188.46
8236,2753,4873,3,32.98
8237,2753,720,1,223.64
8238,2753,334,2,421.99
8239,2753,1042,1,92.44
8240,2753,4010,1,341.93
8241,2754,1418,3,386.97
8242,2756,2922,2,112.71
8243,2757,4758,2,299.67
8244,2757,122,3,150.32
8245,2757,2936,1,217.05
8246,2758,3068,2,297.17
8247,2759,4210,2,161.25
8248,2759,872,3,385.88
8249,2760,2231,1,377.21
8250,2760,4348,2,34.93
8251,2760,3209,2,255.31
8252,2761,46,1,207.71
8253,2761,2920,3,397.96
8254,2761,166,1,300.28
8255,2762,2486,1,193.85
8256,2762,2357,3,83.0
8257,2762,4031,3,464.08
8258,2764,4902,1,354.25
8259,2764,4854,3,360.91
8260,2764,2804,1,369.21
8261,2764,3512,1,466.54
8262,2765,1014,1,330.19
8263,2765,4678,3,34.1
8264,2766,4848,1,119.98
8265,2766,4857,2,273.49
8266,2766,988,2,398.59
8267,2766,2519,1,131.93
8268,2766,2884,2,300.57
8269,2767,2396,2,137.66
8270,2767,2773,3,167.9
8271,2767,4271,2,250.1
8272,2767,860,3,46.87
8273,2768,4056,1,48.83
8274,2768,891,1,195.1
8275,2768,2584,1,481.61
8276,2768,2698,1,389.43
8277,2768,4259,3,79.81
8278,2768,3119,2,445.5
8279,2769,364,2,293.45
8280,2770,2518,1,174.84
8281,2770,3114,3,238.5
8282,2770,3527,1,9.52
8283,2771,266,1,153.65
8284,2771,2539,1,420.24
8285,2771,4189,1,281.02
8286,2771,2512,1,301.79
8287,2771,1709,3,457.92
8288,2772,4813,2,374.37
8289,2772,1165,1,284.25
8290,2772,3436,3,134.13
8291,2772,519,2,325.8
8292,2772,2064,2,449.24
8293,2773,925,3,431.55
8294,2773,4986,3,418.23
8295,2773,2896,1,65.91
8296,2773,4620,1,321.35
8297,2774,3119,1,445.5
8298,2774,4260,2,267.8
8299,2775,4714,1,282.11
8300,2775,654,2,54.17
8301,2775,710,3,217.62
8302,2775,3249,2,298.16
8303,2775,4359,3,402.78
8304,2775,742,1,231.62
8305,2778,3963,3,300.57
8306,2778,3652,1,292.09
8307,2778,693,3,421.19
8308,2778,2861,3,44.04
8309,2780,2165,1,471.92
8310,2781,994,2,105.86
8311,2782,3393,2,142.83
8312,2783,885,2,114.78
8313,2783,2097,2,296.23
8314,2783,1606,1,189.77
8315,2783,3044,2,14.34
8316,2783,1141,2,25.77
8317,2783,4801,2,335.47
8318,2785,3323,2,396.1
8319,2785,3508,3,378.11
8320,2785,4623,3,258.27
8321,2785,60,1,104.15
8322,2786,541,3,130.88
8323,2787,942,2,32.72
8324,2787,3986,1,310.02
8325,2789,4752,3,457.98
8326,2791,1948,1,268.41
8327,2791,1225,1,5.12
8328,2791,1150,2,266.24
8329,2792,1548,2,450.05
8330,2794,2948,3,479.37
8331,2794,2299,1,395.02
8332,2796,1615,2,178.81
8333,2796,2692,3,327.85
8334,2796,2195,3,227.25
8335,2796,1020,1,13.83
8336,2796,4508,1,127.58
8337,2797,1890,2,151.3
8338,2797,3457,2,216.86
8339,2798,3215,1,84.12
8340,2798,764,2,11.58
8341,2798,2167,3,183.8
8342,2798,4059,2,9.04
8343,2798,392,3,10.92
8344,2798,3288,3,11.75
8345,2799,3596,2,41.83
8346,2799,409,3,298.51
8347,2799,529,2,110.41
8348,2799,3921,2,160.41
8349,2799,2744,1,215.68
8350,2800,1744,3,484.79
8351,2801,4771,2,238.91
8352,2801,2074,3,249.71
8353,2801,2101,1,160.62
8354,2801,3558,1,169.72
8355,2801,4316,2,400.23
8356,2801,2772,3,389.17
8357,2804,1749,1,335.87
8358,2804,4192,1,146.35
8359,2805,162,2,132.84
8360,2805,604,1,213.89
8361,2806,566,1,133.84
8362,2806,4740,3,468.52
8363,2806,4191,3,459.64
8364,2806,2396,3,137.66
8365,2806,33,2,78.36
8366,2806,1173,3,218.97
8367,2807,4716,2,131.21
8368,2807,3301,3,365.76
8369,2808,1921,1,446.24
8370,2808,883,3,70.49
8371,2808,549,3,439.0
8372,2809,4950,3,281.87
8373,2810,3684,2,288.57
8374,2810,2094,3,313.16
8375,2810,2814,1,304.14
8376,2810,3519,2,90.88
8377,2810,4142,3,251.86
8378,2810,215,1,469.69
8379,2811,1845,2,428.8
8380,2811,2385,1,432.16
8381,2811,1387,1,212.52
8382,2811,814,2,297.08
8383,2811,31,1,364.92
8384,2811,2354,2,306.69
8385,2812,1260,3,482.79
8386,2812,1828,3,278.38
8387,2812,4898,3,90.46
8388,2812,2661,2,389.28
8389,2813,2558,1,295.92
8390,2813,4456,2,436.08
8391,2814,4682,2,61.92
8392,2814,4441,2,60.97
8393,2814,964,3,94.24
8394,2814,4561,1,179.38
8395,2814,3219,1,203.09
8396,2814,1526,3,351.75
8397,2815,3765,2,257.45
8398,2815,3939,1,460.33
8399,2816,4462,2,243.59
8400,2816,4976,2,70.91
8401,2816,56,2,371.75
8402,2816,4780,2,445.15
8403,2816,2731,2,366.02
8404,2816,3476,2,77.89
8405,2817,3168,2,314.9
8406,2817,839,2,274.49
8407,2817,270,3,155.87
8408,2817,1850,1,263.25
8409,2817,1105,1,182.16
8410,2818,1905,2,86.3
8411,2818,3276,1,17.34
8412,2818,2461,1,192.03
8413,2818,832,1,336.05
8414,2818,3959,3,303.95
8415,2818,1312,2,233.28
8416,2819,2072,3,499.53
8417,2819,3958,1,122.92
8418,2820,3414,1,179.02
8419,2820,3535,3,332.11
8420,2820,3149,3,346.63
8421,2820,588,3,68.26
8422,2820,1119,1,42.92
8423,2820,4779,3,82.37
8424,2821,3611,1,112.11
8425,2821,600,1,238.39
8426,2821,3272,3,201.56
8427,2821,4016,2,472.6
8428,2822,4497,3,49.08
8429,2822,4561,3,179.38
8430,2822,2702,3,442.94
8431,2825,3268,2,449.48
8432,2825,279,2,32.0
8433,2825,2077,3,463.48
8434,2825,546,1,199.52
8435,2826,2544,2,445.59
8436,2826,3675,3,334.93
8437,2826,2156,1,11.46
8438,2826,2201,1,160.99
8439,2826,2429,3,383.31
8440,2826,4304,1,262.24
8441,2828,2754,1,170.94
8442,2828,2097,1,296.23
8443,2830,1705,1,317.18
8444,2830,3277,2,19.52
8445,2830,3473,2,162.55
8446,2830,1186,1,111.48
8447,2832,2914,1,366.41
8448,2832,2305,3,149.56
8449,2832,116,3,482.32
8450,2833,2081,3,275.62
8451,2833,1348,3,384.37
8452,2834,4518,2,226.91
8453,2834,3141,2,123.99
8454,2837,3003,1,187.3
8455,2837,2902,1,97.09
8456,2838,4258,3,136.29
8457,2838,524,3,270.24
8458,2839,4374,3,359.76
8459,2839,2929,1,95.31
8460,2839,1772,3,17.94
8461,2840,3654,1,262.1
8462,2840,57,2,115.55
8463,2840,3512,2,466.54
8464,2840,4927,2,69.77
8465,2840,4668,2,262.41
8466,2840,890,1,183.89
8467,2841,4744,2,38.8
8468,2841,16,2,162.76
8469,2841,590,1,235.0
8470,2842,4793,3,320.53
8471,2842,1956,1,472.79
8472,2842,1654,2,316.42
8473,2842,1754,1,217.6
8474,2842,1334,3,126.12
8475,2842,4324,3,247.55
8476,2843,3738,1,436.94
8477,2843,1583,2,352.4
8478,2843,96,2,184.83
8479,2843,414,2,89.49
8480,2843,2992,3,143.68
8481,2844,4624,2,461.55
8482,2844,1227,1,180.72
8483,2844,3110,1,8.96
8484,2844,1552,3,155.24
8485,2844,2215,3,241.36
8486,2844,2350,3,424.89
8487,2845,2246,2,389.54
8488,2845,1486,1,346.3
8489,2845,3528,2,44.42
8490,2845,296,3,98.03
8491,2845,311,1,47.23
8492,2846,4055,1,323.77
8493,2846,3129,1,294.67
8494,2846,2509,3,360.0
8495,2846,568,1,486.82
8496,2847,664,2,243.68
8497,2847,4694,3,223.6
8498,2847,2198,2,302.04
8499,2848,2749,3,108.17
8500,2848,4171,2,308.74
8501,2848,3788,3,474.64
8502,2848,600,1,238.39
8503,2848,4184,1,372.74
8504,2848,3715,1,26.14
8505,2849,1555,2,211.09
8506,2850,1069,1,103.76
8507,2850,2726,3,170.1
8508,2851,3356,2,18.65
8509,2851,1056,2,373.46
8510,2851,4086,3,170.85
8511,2851,2491,1,86.04
8512,2851,2863,3,202.67
8513,2853,2922,3,112.71
8514,2853,2994,1,489.0
8515,2853,3191,2,105.79
8516,2854,3837,1,316.7
8517,2854,4323,1,208.31
8518,2854,1842,3,29.25
8519,2854,725,3,117.65
8520,2854,4950,2,281.87
8521,2855,4737,3,401.48
8522,2855,464,1,148.46
8523,2855,1935,2,226.4
8524,2855,2994,1,489.0
8525,2855,1278,1,467.42
8526,2855,1102,2,281.56
8527,2856,682,3,101.33
8528,2856,1258,2,153.59
8529,2856,1213,3,497.89
8530,2856,3321,1,132.48
8531,2856,975,3,161.62
8532,2857,1670,3,50.13
8533,2857,1370,2,173.21
8534,2858,1500,2,455.57
8535,2859,871,3,102.78
8536,2860,3260,2,17.24
8537,2860,2665,1,328.09
8538,2860,524,2,270.24
8539,2860,1738,1,175.82
8540,2860,1826,2,351.63
8541,2860,3841,1,488.87
8542,2861,1004,3,7.48
8543,2862,4484,3,255.73
8544,2862,1554,2,165.02
8545,2862,2160,3,279.21
8546,2862,412,1,120.33
8547,2862,3489,3,190.07
8548,2863,584,3,186.89
8549,2864,1453,3,360.84
8550,2864,1215,2,234.13
8551,2864,2189,3,39.02
8552,2864,3592,1,391.39
8553,2865,1717,1,16.0
8554,2865,3455,3,79.52
8555,2865,3931,3,207.92
8556,2865,3935,3,23.38
8557,2866,418,2,278.94
8558,2866,4784,2,366.79
8559,2866,4480,2,422.94
8560,2866,1228,3,473.02
8561,2866,2641,2,334.86
8562,2867,781,3,478.76
8563,2867,4516,1,479.07
8564,2867,581,2,123.84
8565,2867,2925,3,401.22
8566,2868,255,2,398.15
8567,2869,1659,3,396.02
8568,2869,3617,1,58.66
8569,2869,2932,1,68.74
8570,2869,285,2,193.45
8571,2869,1754,2,217.6
8572,2869,3436,3,134.13
8573,2870,3675,1,334.93
8574,2870,1300,3,190.77
8575,2871,1021,2,204.39
8576,2871,1527,2,381.08
8577,2871,208,2,130.87
8578,2871,767,2,394.55
8579,2871,4840,2,8.49
8580,2872,4642,2,412.11
8581,2872,4784,3,366.79
8582,2872,1811,1,51.29
8583,2872,1981,2,195.98
8584,2872,1321,2,227.94
8585,2873,1373,2,289.35
8586,2873,2210,3,217.06
8587,2873,2543,2,495.97
8588,2873,400,2,359.12
8589,2873,1386,1,402.18
8590,2874,1982,2,449.94
8591,2874,4322,1,493.22
8592,2874,1550,1,396.73
8593,2874,4089,1,482.11
8594,2874,1340,2,101.43
8595,2875,1024,3,322.34
8596,2875,1290,3,455.32
8597,2875,2757,3,354.52
8598,2875,1113,2,438.84
8599,2875,1382,2,429.46
8600,2876,2731,1,366.02
8601,2876,865,3,70.99
8602,2876,837,3,7.64
8603,2876,143,2,294.16
8604,2876,3385,3,457.36
8605,2877,3778,2,74.56
8606,2877,2040,3,58.16
8607,2877,213,3,205.36
8608,2877,101,1,296.71
8609,2879,3290,1,403.44
8610,2879,2398,1,75.17
8611,2879,3213,3,57.82
8612,2880,439,3,377.77
8613,2880,3781,3,186.66
8614,2881,526,3,267.88
8615,2882,4613,1,271.02
8616,2882,3104,1,184.83
8617,2882,1719,2,279.73
8618,2883,3209,1,255.31
8619,2883,2430,3,327.07
8620,2886,2591,1,39.66
8621,2886,3157,1,324.83
8622,2886,633,2,447.7
8623,2886,1862,3,305.2
8624,2886,4557,1,476.98
8625,2886,3982,2,128.89
8626,2887,3904,2,450.82
8627,2887,2227,3,298.74
8628,2887,679,3,216.42
8629,2887,590,2,235.0
8630,2887,2281,3,226.08
8631,2888,1917,2,458.33
8632,2889,4192,2,146.35
8633,2889,3715,1,26.14
8634,2890,4090,1,273.62
8635,2891,632,2,288.36
8636,2891,2321,3,285.37
8637,2893,4223,2,38.81
8638,2893,796,1,493.87
8639,2893,2298,1,277.86
8640,2893,2450,1,156.04
8641,2893,1971,1,456.88
8642,2894,1486,1,346.3
8643,2894,3482,3,434.47
8644,2894,4411,1,351.18
8645,2894,4099,1,459.13
8646,2895,4495,3,387.65
8647,2895,3963,1,300.57
8648,2895,4042,1,186.08
8649,2895,65,2,128.17
8650,2896,3839,2,314.71
8651,2897,2186,3,238.75
8652,2897,3480,2,269.84
8653,2897,4159,2,360.14
8654,2897,3476,3,77.89
8655,2900,1027,2,473.84
8656,2900,7,2,91.23
8657,2900,2439,1,315.56
8658,2900,1741,3,210.82
8659,2901,396,3,42.48
8660,2902,2059,1,456.42
8661,2902,1034,2,297.31
8662,2902,1248,1,92.67
8663,2902,771,1,298.35
8664,2902,83,1,326.18
8665,2903,3901,2,481.8
8666,2904,3925,2,367.55
8667,2905,538,2,363.5
8668,2905,2947,3,388.89
8669,2905,2103,3,152.86
8670,2905,3705,1,68.09
8671,2905,1257,2,366.82
8672,2906,4430,3,208.49
8673,2906,1278,2,467.42
8674,2906,1599,2,60.73
8675,2906,1333,3,269.7
8676,2906,2144,2,19.89
8677,2906,4423,3,281.21
8678,2908,3032,1,391.93
8679,2909,2041,1,101.77
8680,2909,2302,2,421.7
8681,2909,631,1,421.58
8682,2910,98,2,86.26
8683,2911,140,1,41.21
8684,2911,3874,1,197.82
8685,2911,1599,2,60.73
8686,2911,1449,2,304.03
8687,2911,307,2,32.0
8688,2912,875,1,71.17
8689,2912,2021,2,49.6
8690,2912,2258,1,154.64
8691,2912,3041,1,216.77
8692,2912,754,3,12.94
8693,2912,2886,1,212.9
8694,2913,4911,2,157.09
8695,2913,2779,2,85.62
8696,2913,3345,2,304.27
8697,2913,2320,1,217.85
8698,2914,2343,2,135.58
8699,2915,4080,3,484.08
8700,2916,3647,3,173.75
8701,2916,639,2,244.96
8702,2916,3014,3,375.81
8703,2917,2824,1,489.55
8704,2918,544,1,395.46
8705,2918,3413,2,171.5
8706,2918,1398,3,70.2
8707,2918,4893,3,406.97
8708,2918,4209,2,69.86
8709,2918,4662,1,197.77
8710,2919,618,3,73.2
8711,2920,1841,1,65.86
8712,2921,1060,1,484.89
8713,2921,557,3,310.91
8714,2921,1481,1,62.58
8715,2921,546,3,199.52
8716,2921,4773,3,303.82
8717,2921,1613,2,277.47
8718,2922,4720,2,358.31
8719,2923,834,1,454.9
8720,2923,956,2,89.01
8721,2923,3192,1,341.91
8722,2923,3067,3,290.99
8723,2923,4788,1,386.76
8724,2924,3849,3,345.61
8725,2924,2551,1,112.01
8726,2924,3153,3,67.47
8727,2924,4159,1,360.14
8728,2924,4327,2,421.77
8729,2926,1912,1,33.8
8730,2926,178,3,428.22
8731,2926,3228,2,348.18
8732,2927,1429,3,395.13
8733,2927,2447,3,232.05
8734,2927,4340,1,299.34
8735,2927,2595,1,469.44
8736,2927,2524,1,266.79
8737,2927,2256,2,155.08
8738,2929,582,1,390.85
8739,2929,415,3,114.18
8740,2929,241,3,128.12
8741,2929,202,1,308.33
8742,2930,1306,2,343.26
8743,2930,3921,1,160.41
8744,2931,2080,3,84.1
8745,2931,118,1,235.83
8746,2932,3470,2,287.46
8747,2932,3366,1,113.11
8748,2932,522,2,53.37
8749,2932,3873,1,107.14
8750,2932,409,3,298.51
8751,2933,2936,1,217.05
8752,2933,2538,3,137.92
8753,2933,2559,2,412.53
8754,2933,1245,3,395.42
8755,2933,123,1,176.27
8756,2933,3867,2,385.45
8757,2934,4347,3,236.33
8758,2934,841,3,349.08
8759,2934,4079,2,435.47
8760,2934,2308,3,124.91
8761,2935,988,3,398.59
8762,2936,2056,1,194.2
8763,2936,3855,1,242.34
8764,2936,3381,2,278.68
8765,2936,3199,1,251.89
8766,2936,3304,2,90.25
8767,2938,1731,1,426.94
8768,2938,1749,2,335.87
8769,2938,1390,1,444.97
8770,2938,4882,1,455.38
8771,2939,3777,2,245.53
8772,2939,4806,1,372.98
8773,2940,815,2,467.29
8774,2940,1696,1,186.91
8775,2941,1240,3,335.52
8776,2941,2127,1,451.08
8777,2941,419,2,12.74
8778,2941,2316,1,467.01
8779,2941,4912,1,48.1
8780,2941,1601,1,19.8
8781,2942,728,3,370.21
8782,2942,3033,3,71.34
8783,2942,4015,3,368.13
8784,2943,1560,1,456.13
8785,2943,2682,2,445.79
8786,2943,4909,2,173.8
8787,2944,1170,2,420.2
8788,2944,2681,2,449.75
8789,2944,3587,1,145.28
8790,2944,1996,3,277.58
8791,2944,4823,2,149.09
8792,2944,2199,3,470.99
8793,2945,2639,1,385.18
8794,2945,1627,1,208.25
8795,2946,1031,2,135.59
8796,2946,4727,1,195.51
8797,2946,2829,3,484.96
8798,2946,2432,2,236.21
8799,2946,1047,2,351.73
8800,2946,4651,1,222.98
8801,2947,4019,3,456.82
8802,2947,2815,3,285.64
8803,2948,4163,2,314.84
8804,2948,1655,2,453.38
8805,2948,1156,2,254.99
8806,2948,2655,2,251.39
8807,2948,4000,1,460.96
8808,2950,1258,2,153.59
8809,2950,2642,3,63.61
8810,2950,109,1,214.08
8811,2950,4003,1,227.51
8812,2950,4503,3,486.91
8813,2951,1695,1,206.8
8814,2951,4662,3,197.77
8815,2951,282,3,335.79
8816,2951,1408,2,180.2
8817,2951,2995,2,224.76
8818,2951,1353,1,353.65
8819,2953,2963,1,263.38
8820,2953,4589,2,10.93
8821,2953,1498,1,407.78
8822,2953,4755,3,397.04
8823,2953,745,3,57.09
8824,2954,851,3,484.54
8825,2955,4292,1,396.12
8826,2955,3611,1,112.11
8827,2957,4246,3,385.16
8828,2957,3720,2,116.19
8829,2957,137,2,300.34
8830,2958,4460,2,155.87
8831,2958,2025,1,348.81
8832,2958,4195,3,197.55
8833,2958,582,3,390.85
8834,2958,662,2,392.1
8835,2959,1857,2,366.74
8836,2959,454,3,15.63
8837,2959,888,1,54.88
8838,2959,689,1,281.83
8839,2959,267,2,397.49
8840,2960,2230,3,67.41
8841,2960,280,3,60.08
8842,2961,3851,3,256.82
8843,2961,1175,2,317.16
8844,2961,1935,2,226.4
8845,2961,1393,1,303.62
8846,2961,1707,1,380.45
8847,2961,488,2,458.44
8848,2962,4031,1,464.08
8849,2962,4358,3,98.63
8850,2962,1191,2,384.59
8851,2963,1816,2,120.94
8852,2963,2525,1,289.69
8853,2963,4251,1,5.34
8854,2963,2760,1,241.09
8855,2963,536,2,245.49
8856,2964,4493,2,335.0
8857,2964,2649,3,383.01
8858,2964,4040,1,143.7
8859,2964,2024,2,37.68
8860,2964,3155,3,52.13
8861,2964,2235,3,234.56
8862,2965,511,2,251.46
8863,2965,2662,1,354.31
8864,2965,953,2,172.82
8865,2965,3927,1,318.0
8866,2965,1664,1,196.51
8867,2965,1004,3,7.48
8868,2967,413,3,326.15
8869,2968,3466,3,364.36
8870,2969,3420,1,194.94
8871,2969,2759,1,142.87
8872,2969,4023,1,384.72
8873,2970,4619,2,387.48
8874,2971,3119,1,445.5
8875,2971,4123,3,394.65
8876,2971,2128,1,87.35
8877,2971,3000,2,380.4
8878,2972,4355,3,366.72
8879,2972,698,1,322.07
8880,2973,4805,3,341.6
8881,2973,2528,3,178.55
8882,2973,646,2,382.03
8883,2973,2564,3,50.0
8884,2973,2464,1,325.52
8885,2974,597,1,99.45
8886,2974,2736,1,31.04
8887,2974,2567,3,16.7
8888,2974,3096,2,64.02
8889,2975,1558,1,166.47
8890,2975,4005,1,85.17
8891,2975,1079,2,5.02
8892,2976,4740,3,468.52
8893,2977,1104,1,30.48
8894,2979,423,2,493.37
8895,2979,4934,3,94.46
8896,2979,3565,3,415.92
8897,2980,2978,2,154.74
8898,2981,3537,1,81.36
8899,2982,4896,1,26.83
8900,2982,676,3,142.29
8901,2982,3841,3,488.87
8902,2982,1679,1,37.02
8903,2983,4391,2,173.75
8904,2983,921,3,478.45
8905,2984,1437,3,378.61
8906,2984,834,1,454.9
8907,2984,4425,1,136.42
8908,2984,3403,2,319.85
8909,2984,3617,1,58.66
8910,2985,3154,1,252.56
8911,2985,3460,2,420.46
8912,2985,4795,1,102.99
8913,2986,2363,3,154.54
8914,2986,3138,3,319.33
8915,2986,1452,3,177.06
8916,2986,1587,1,327.45
8917,2986,4817,1,274.51
8918,2986,2511,3,379.98
8919,2987,779,2,189.71
8920,2987,1844,1,309.03
8921,2987,1055,3,75.11
8922,2987,1364,2,400.06
8923,2987,3675,1,334.93
8924,2988,2815,2,285.64
8925,2988,2018,2,332.55
8926,2989,2770,1,222.82
8927,2989,1695,1,206.8
8928,2989,784,3,342.13
8929,2990,4528,3,318.04
8930,2990,1686,2,214.52
8931,2991,2166,1,154.85
8932,2992,2189,2,39.02
8933,2992,2456,3,253.81
8934,2992,3491,3,303.15
8935,2992,2134,1,422.07
8936,2992,791,1,89.46
8937,2992,1980,1,95.16
8938,2993,3145,1,12.4
8939,2993,4620,2,321.35
8940,2993,591,1,254.21
8941,2993,688,2,402.18
8942,2993,3656,3,106.53
8943,2994,4336,2,440.35
8944,2994,980,1,414.95
8945,2994,4149,3,35.2
8946,2995,2644,1,185.17
8947,2995,4723,2,244.07
8948,2997,601,2,415.58
8949,2997,1672,3,143.34
8950,2997,1415,1,100.72
8951,2997,335,1,377.01
8952,2998,1531,3,457.1
8953,2998,4199,1,287.47
8954,2998,4362,1,189.01
8955,2998,2934,1,43.13
8956,2998,4744,2,38.8
8957,2999,4565,2,278.03
8958,2999,1360,2,221.94
8959,3000,1846,2,28.26
8960,3000,1226,2,166.91
8961,3000,2625,1,298.15
8962,3000,2666,1,354.67
8963,3000,2242,1,487.1
8964,3000,4701,1,24.44
