cart_id,user_id,device_type,device_id,created_at,updated_at,order_id
1,914,phone,ug2VyXVXB8,2025-10-20T06:05:13,2025-10-20T06:17:13,
2,567,laptop,T4ZWKJdCHX,2025-08-31T16:08:41,2025-08-31T17:59:41,
3,491,tablet,pjaHdXE1HX,2025-08-14T11:26:24,2025-08-14T12:04:24,22525
4,330,laptop,WMVgY87usx,2025-06-14T08:01:35,2025-06-14T08:22:35,
5,569,laptop,aLr2HNm2sG,2025-09-25T11:23:03,2025-09-25T12:41:03,
6,665,phone,jyyzkFyQen,2025-09-20T00:25:32,2025-09-20T02:16:32,
7,654,phone,6tLWBn95P6,2025-11-09T21:47:15,2025-11-09T22:15:15,
8,485,laptop,pz9BCmD6Dq,2025-09-01T04:46:39,2025-09-01T04:49:39,
9,289,laptop,KN0MrYbvsF,2025-07-08T07:42:37,2025-07-08T08:44:37,
10,475,phone,u6LNwTiaXi,2025-08-30T04:53:31,2025-08-30T05:40:31,
11,219,phone,JN4Lcbimm7,2025-11-08T16:27:29,2025-11-08T17:40:29,
12,177,laptop,3XY3WEIxEL,2025-11-19T06:20:44,2025-11-19T07:16:44,
13,200,tablet,eSEFeSucuS,2025-08-24T08:19:55,2025-08-24T09:40:55,61206
14,37,laptop,stuSWr0nQs,2025-11-17T01:38:07,2025-11-17T01:54:07,77357
15,572,laptop,CTDXhNWfWq,2025-07-06T11:04:34,2025-07-06T12:01:34,
16,116,tablet,s78CfuNJpE,2025-07-18T15:49:20,2025-07-18T17:46:20,
17,99,phone,FgatzqynEf,2025-09-07T21:48:25,2025-09-07T22:24:25,
18,258,tablet,bUKixLwaXM,2025-10-29T18:31:39,2025-10-29T19:50:39,
19,243,phone,hGY1foiCBP,2025-11-11T15:35:16,2025-11-11T16:17:16,50533
20,891,phone,0EtVtcz4U4,2025-06-18T23:08:45,2025-06-19T00:30:45,
21,226,phone,LRpo2XUnmS,2025-06-01T06:00:46,2025-06-01T07:18:46,
22,26,tablet,s0kj5nnt1a,2025-09-04T21:20:08,2025-09-04T23:07:08,40312
23,309,laptop,EiCEalyL4c,2025-08-01T19:05:18,2025-08-01T19:30:18,
24,806,laptop,xmxUfJmNaH,2025-10-05T09:26:49,2025-10-05T11:06:49,
25,32,phone,8robkEt1c6,2025-08-16T09:04:40,2025-08-16T10:17:40,
26,199,laptop,FZL7deSHHM,2025-07-18T10:29:43,2025-07-18T12:05:43,
27,551,tablet,j5oKe6lIoi,2025-08-30T00:00:13,2025-08-30T01:26:13,60581
28,388,phone,PuTUvCsrw8,2025-06-11T07:52:05,2025-06-11T07:54:05,
29,887,tablet,w6l8qP5X2Z,2025-09-26T22:14:08,2025-09-26T23:41:08,
30,863,tablet,VCcU67qbRe,2025-08-08T09:13:20,2025-08-08T11:02:20,33743
31,795,laptop,S3SwQuueMV,2025-11-16T16:36:16,2025-11-16T16:53:16,23022
32,963,phone,uKpXees8bq,2025-08-28T02:45:25,2025-08-28T04:35:25,
33,589,laptop,3zq9qhpEbf,2025-08-24T02:03:01,2025-08-24T02:50:01,
34,858,tablet,n6vakI5hxz,2025-07-27T02:42:48,2025-07-27T04:40:48,
35,53,laptop,VSPZzmLEbg,2025-10-07T03:49:11,2025-10-07T04:45:11,
36,252,laptop,jcgNs3SLKl,2025-11-05T04:21:40,2025-11-05T04:54:40,90643
37,478,tablet,XLrcuIVGb6,2025-09-05T08:38:36,2025-09-05T09:13:36,43723
38,643,laptop,dYB7F0pCVQ,2025-09-14T07:27:14,2025-09-14T08:41:14,
39,271,tablet,aVzj85EMkR,2025-10-05T08:16:53,2025-10-05T08:29:53,13271
40,412,tablet,cOrKqOOONO,2025-11-13T22:44:59,2025-11-13T23:01:59,
41,655,phone,35ixwaRb1O,2025-06-02T15:48:26,2025-06-02T16:12:26,68324
42,207,tablet,10COV3MHvy,2025-06-13T15:13:08,2025-06-13T16:12:08,
43,647,laptop,QkMDMYcj1J,2025-06-29T13:09:52,2025-06-29T14:27:52,
44,160,phone,EphkwIxlMC,2025-07-18T02:15:02,2025-07-18T03:49:02,
45,896,laptop,G81awMaZhX,2025-09-25T14:38:23,2025-09-25T14:41:23,64651
46,436,phone,TdGmbbPgCS,2025-06-03T09:17:41,2025-06-03T10:27:41,71558
47,5,tablet,8Kc9BDpoiR,2025-10-10T18:06:36,2025-10-10T19:45:36,
48,72,tablet,eFZJAXNW0F,2025-08-11T15:15:03,2025-08-11T17:09:03,
49,864,laptop,uIOO3LY22A,2025-11-06T14:18:35,2025-11-06T15:53:35,
50,953,laptop,XANeChzp6T,2025-06-09T22:53:49,2025-06-10T00:32:49,
51,280,phone,rKL2nuWbmr,2025-06-17T19:59:29,2025-06-17T20:46:29,
52,101,laptop,pmU2ZGHFBd,2025-11-01T21:39:42,2025-11-01T22:53:42,
53,564,tablet,u5KVS712gP,2025-10-27T09:38:14,2025-10-27T10:47:14,99783
54,554,laptop,6adomgxFXj,2025-09-21T07:15:03,2025-09-21T08:46:03,28765
55,312,laptop,IheIRK8YpJ,2025-11-19T12:17:24,2025-11-19T12:46:24,
56,535,phone,iP41MXDSnd,2025-11-04T13:41:50,2025-11-04T15:16:50,
57,777,laptop,pDCHi8i83e,2025-07-06T10:53:50,2025-07-06T11:48:50,
58,820,laptop,dhrVe7MpOw,2025-09-25T08:35:31,2025-09-25T09:53:31,
59,2,laptop,bgq07zIMKi,2025-06-28T09:14:26,2025-06-28T09:15:26,
60,367,phone,tH8W7Cf898,2025-08-27T10:17:00,2025-08-27T10:54:00,
61,612,tablet,6Y8C2QFKbJ,2025-08-18T15:05:37,2025-08-18T15:57:37,
62,945,phone,fAf9zKv3Ff,2025-10-20T18:49:09,2025-10-20T19:30:09,35597
63,148,tablet,TNqKReRT9x,2025-06-30T22:54:21,2025-07-01T00:33:21,
64,19,tablet,Rg5ozjrgAN,2025-07-25T20:20:53,2025-07-25T20:49:53,
65,672,phone,HshbztvLPw,2025-11-25T08:43:55,2025-11-25T10:34:55,
66,944,tablet,jUDbQ0QQEy,2025-06-17T01:14:19,2025-06-17T01:20:19,
67,653,tablet,fWBytySelK,2025-09-14T02:59:27,2025-09-14T04:06:27,
68,416,laptop,mISspNSsLZ,2025-10-26T04:56:43,2025-10-26T06:53:43,
69,407,laptop,5aWljzZ76T,2025-06-09T17:47:48,2025-06-09T18:06:48,
70,490,laptop,wQLdXwh0LI,2025-11-08T13:16:58,2025-11-08T13:32:58,
71,301,tablet,QH8JjHwMCr,2025-06-02T22:10:30,2025-06-02T22:29:30,63337
72,225,laptop,JP6WO7zKnT,2025-09-12T05:09:46,2025-09-12T06:46:46,
73,613,phone,WjcXcqFp2z,2025-09-19T13:30:11,2025-09-19T15:17:11,
74,726,phone,v6YlEHlXcz,2025-11-06T07:08:32,2025-11-06T08:36:32,43853
75,841,tablet,Byly0sWBnu,2025-11-27T06:50:18,2025-11-27T07:12:18,10382
76,913,laptop,H03Q1E2PIA,2025-08-05T14:12:17,2025-08-05T15:57:17,
77,105,laptop,nffvwCOO4p,2025-06-24T18:12:26,2025-06-24T19:56:26,88838
78,302,laptop,Q1G3AUCuy9,2025-06-27T04:48:45,2025-06-27T05:19:45,
79,373,laptop,wIlkS1mOyP,2025-06-30T01:12:45,2025-06-30T01:54:45,
80,351,phone,8fwrfnlWzL,2025-07-31T09:39:45,2025-07-31T10:29:45,
81,595,tablet,LFPEupK57b,2025-08-16T05:27:31,2025-08-16T06:54:31,
82,712,phone,vWSpLr1B4i,2025-11-21T21:09:07,2025-11-21T22:46:07,28751
83,935,phone,Jnez3NZbH2,2025-10-01T07:27:01,2025-10-01T07:40:01,773
84,545,tablet,mS3uPN8I9x,2025-09-12T07:51:20,2025-09-12T09:49:20,
85,490,laptop,L1GZJZlw4B,2025-07-04T07:25:59,2025-07-04T08:07:59,
86,84,phone,KIR53BMA1L,2025-07-11T17:15:57,2025-07-11T17:45:57,12522
87,966,tablet,TCIKv6kXVm,2025-07-27T12:04:48,2025-07-27T12:36:48,
88,304,phone,7U0XLksVHZ,2025-10-28T00:06:27,2025-10-28T01:15:27,
89,636,phone,7eFsKYMeIs,2025-10-03T13:29:29,2025-10-03T15:01:29,22882
90,252,laptop,uD5y2bqurt,2025-09-10T12:21:42,2025-09-10T13:36:42,
91,619,phone,Mb9TloD66P,2025-09-09T17:35:36,2025-09-09T17:40:36,
92,106,laptop,Qv8MT6EfVn,2025-09-20T23:08:04,2025-09-21T00:23:04,48968
93,382,phone,fNe1ZezLjA,2025-06-23T04:47:57,2025-06-23T06:02:57,
94,956,laptop,FiFCzFcLOa,2025-10-11T00:42:51,2025-10-11T01:29:51,
95,478,phone,rPmnimdpih,2025-09-21T17:14:49,2025-09-21T18:01:49,
96,100,laptop,cGyZzb55uF,2025-06-29T00:37:10,2025-06-29T01:07:10,74124
97,924,tablet,Iq4gn3VVxY,2025-10-09T04:26:13,2025-10-09T04:55:13,
98,49,phone,4Ok4cg2LTP,2025-09-24T11:42:34,2025-09-24T12:15:34,
99,650,phone,xF9lKATOJc,2025-11-03T23:53:43,2025-11-04T00:21:43,47370
100,312,laptop,s7a4gTsjRi,2025-10-23T02:12:17,2025-10-23T02:56:17,
101,584,phone,66nPYO2l5E,2025-08-18T23:07:45,2025-08-19T00:47:45,86117
102,658,phone,6YsFqigIXd,2025-09-23T11:04:20,2025-09-23T12:00:20,
103,238,laptop,UMdfmOU7vB,2025-06-30T15:54:24,2025-06-30T16:00:24,
104,313,tablet,kPhc1iWfGb,2025-11-13T21:51:03,2025-11-13T22:54:03,
105,637,phone,zPnX3H0Shs,2025-07-27T18:02:03,2025-07-27T19:01:03,74415
106,887,laptop,PADU0lEmI9,2025-11-04T06:19:55,2025-11-04T08:10:55,42418
107,427,phone,FaWKqhZwVj,2025-09-30T00:36:21,2025-09-30T02:16:21,
108,135,laptop,S3GKmrUWqi,2025-10-04T13:31:12,2025-10-04T14:29:12,
109,272,tablet,VSTNE3HGHb,2025-09-12T14:43:49,2025-09-12T14:46:49,
110,99,laptop,yDr5zJB07f,2025-06-18T06:32:11,2025-06-18T06:33:11,
111,995,phone,ia6451hJub,2025-07-21T22:13:25,2025-07-22T00:02:25,
112,397,laptop,Ed31h19Ho8,2025-07-14T20:24:24,2025-07-14T21:55:24,
113,488,phone,hnU37WX0SB,2025-08-06T10:05:39,2025-08-06T11:53:39,
114,775,laptop,iDf1mA0cJQ,2025-07-21T06:32:29,2025-07-21T06:59:29,49259
115,18,phone,cnzCkNepsA,2025-06-01T12:31:25,2025-06-01T14:02:25,55766
116,885,laptop,omc3c21k1d,2025-09-18T05:02:32,2025-09-18T06:41:32,65682
117,452,tablet,AdPgHH5JN1,2025-08-28T18:28:59,2025-08-28T19:53:59,
118,871,laptop,297Kd2i6xP,2025-10-29T06:15:45,2025-10-29T07:51:45,
119,976,laptop,V5q7SIjJ90,2025-11-10T12:47:11,2025-11-10T13:07:11,
120,511,tablet,po0sW2mix1,2025-10-24T00:03:33,2025-10-24T00:24:33,
121,957,laptop,ZoErcZjNPp,2025-08-20T03:35:30,2025-08-20T04:03:30,
122,576,phone,q7pPOG4FeX,2025-08-18T17:40:44,2025-08-18T19:22:44,
123,210,tablet,MBgGJG40CH,2025-10-12T08:07:13,2025-10-12T08:43:13,
124,842,tablet,rFDQ52SBTN,2025-07-22T04:18:01,2025-07-22T06:18:01,18334
125,429,laptop,p4aXJmeWIG,2025-05-30T10:44:41,2025-05-30T12:22:41,57176
126,660,tablet,1S2hoC9n28,2025-06-15T12:50:31,2025-06-15T14:04:31,741
127,936,tablet,TyP01rkhZh,2025-09-06T06:33:59,2025-09-06T07:20:59,
128,437,tablet,SjFOo6QX8B,2025-06-13T03:38:57,2025-06-13T05:06:57,
129,114,phone,NuYJNuGHOF,2025-08-29T09:01:55,2025-08-29T10:51:55,30244
130,647,phone,ihNfbIPQja,2025-06-04T09:46:32,2025-06-04T11:38:32,
131,518,laptop,QQTPRvGjjH,2025-06-24T22:01:16,2025-06-24T23:21:16,
132,984,tablet,VHPjn8sEJ7,2025-07-26T00:15:16,2025-07-26T01:31:16,18054
133,904,laptop,PItBlu65hk,2025-11-15T16:55:56,2025-11-15T18:11:56,72171
134,259,phone,grhJTPR7gj,2025-07-28T04:38:50,2025-07-28T04:45:50,
135,802,laptop,sN6TGkaN4A,2025-07-05T07:03:10,2025-07-05T08:40:10,
136,77,laptop,hLQqt0iq2f,2025-06-05T16:22:16,2025-06-05T17:10:16,
137,384,tablet,uTKvfuIMQq,2025-10-26T12:31:00,2025-10-26T13:21:00,58930
138,268,tablet,LaqaXs1x20,2025-07-04T07:18:04,2025-07-04T09:10:04,49405
139,600,laptop,XBanK8zhUu,2025-09-19T15:38:10,2025-09-19T15:57:10,44456
140,30,tablet,BgCjC1I5rC,2025-10-04T18:24:28,2025-10-04T18:59:28,
141,254,phone,aZYGe9XV5l,2025-09-14T22:51:24,2025-09-15T00:21:24,61522
142,673,laptop,uqLohOh2yE,2025-10-03T16:23:20,2025-10-03T16:27:20,13129
143,20,tablet,qWGwf0TjIM,2025-07-17T23:38:06,2025-07-17T23:45:06,10117
144,655,phone,AekwijmPB3,2025-11-23T23:51:54,2025-11-24T01:19:54,89485
145,380,laptop,oQeIAhDNjl,2025-11-23T14:20:47,2025-11-23T15:48:47,
146,448,tablet,LGgnTDX5ML,2025-05-30T15:39:01,2025-05-30T17:27:01,
147,92,tablet,eebGxpda72,2025-06-29T18:32:53,2025-06-29T19:11:53,97587
148,486,phone,yK9t5eQadS,2025-07-20T20:20:43,2025-07-20T21:34:43,27633
149,309,laptop,ky4fuMuHqD,2025-08-30T08:25:58,2025-08-30T09:27:58,87091
150,366,laptop,0uS5T0S0px,2025-08-10T11:07:26,2025-08-10T11:37:26,
151,856,laptop,4atxC7gajW,2025-10-10T23:15:59,2025-10-10T23:58:59,
152,474,phone,S4L7bFOuCw,2025-07-31T00:24:45,2025-07-31T02:03:45,
153,866,phone,ZTDCI1WWwG,2025-06-29T06:16:16,2025-06-29T08:07:16,20717
154,258,phone,2mhBaMW7m7,2025-07-23T12:28:25,2025-07-23T14:18:25,
155,445,tablet,c6HUry01Jc,2025-10-06T10:30:24,2025-10-06T12:28:24,
156,312,laptop,hU0TV7f3Vg,2025-11-26T10:30:00,2025-11-26T10:47:00,
157,650,laptop,t1loVR0dxs,2025-08-07T19:39:29,2025-08-07T21:08:29,
158,972,phone,soT5oQ50DR,2025-07-15T20:14:41,2025-07-15T21:45:41,
159,42,laptop,baQBVvqOkH,2025-08-28T00:08:44,2025-08-28T01:28:44,
160,604,phone,zrw9MoUeQZ,2025-10-08T23:28:30,2025-10-09T01:15:30,
161,484,tablet,WAV20PafM8,2025-09-03T16:29:18,2025-09-03T17:30:18,
162,952,tablet,K0wdanm7GA,2025-09-12T00:39:36,2025-09-12T02:33:36,
163,515,phone,I0x2G7W9Uw,2025-10-02T14:55:38,2025-10-02T15:03:38,45705
164,88,phone,kdQXMT9lHd,2025-08-31T00:41:57,2025-08-31T01:01:57,
165,736,tablet,H7eshCsGSN,2025-07-18T08:41:44,2025-07-18T09:39:44,
166,338,tablet,ZfSncdMs1H,2025-09-17T00:03:31,2025-09-17T02:02:31,
167,344,laptop,Z8M6qZVIzN,2025-11-17T10:50:46,2025-11-17T12:23:46,
168,631,phone,bQiz9ieJQm,2025-11-10T08:17:34,2025-11-10T09:39:34,98845
169,234,laptop,y1z7J2YUgJ,2025-11-20T05:56:18,2025-11-20T06:31:18,
170,613,laptop,tvb3OSC236,2025-10-05T15:08:48,2025-10-05T16:21:48,86370
171,353,phone,a5PBj17LT1,2025-08-04T16:53:47,2025-08-04T17:23:47,98491
172,366,laptop,sEBr36B4gF,2025-08-01T09:36:36,2025-08-01T10:40:36,20432
173,367,tablet,DEsHzwiz13,2025-09-27T15:37:59,2025-09-27T17:31:59,56354
174,946,tablet,xc9wctya2N,2025-08-16T20:12:52,2025-08-16T21:18:52,14859
175,286,tablet,RsDLR43Wci,2025-06-02T12:26:42,2025-06-02T13:06:42,
176,76,phone,KZNhrQKSL7,2025-10-12T12:55:35,2025-10-12T14:14:35,369
177,974,tablet,oAblDfwOIl,2025-11-06T04:29:55,2025-11-06T05:23:55,
178,74,phone,GnKZ3B88Vf,2025-11-22T01:41:30,2025-11-22T02:44:30,44528
179,348,tablet,eGw99tV8DY,2025-11-24T00:24:00,2025-11-24T00:38:00,
180,964,laptop,Ux7PcO11yM,2025-06-20T18:59:23,2025-06-20T20:37:23,
181,332,tablet,smeDjJhMn9,2025-10-01T06:52:51,2025-10-01T07:32:51,
182,398,laptop,8iLpO2dWZU,2025-07-27T20:03:42,2025-07-27T20:39:42,28885
183,43,laptop,8uIbfDp3qh,2025-09-06T19:55:58,2025-09-06T20:12:58,
184,282,phone,AQgwrcV5Xh,2025-07-28T11:59:50,2025-07-28T13:01:50,79967
185,763,tablet,TPF2ZEZMwG,2025-08-25T07:05:17,2025-08-25T07:32:17,
186,187,tablet,GiGoRFcnUb,2025-08-03T11:59:33,2025-08-03T13:43:33,
187,428,tablet,6GpPS6Cxga,2025-10-24T15:33:25,2025-10-24T16:56:25,
188,425,phone,jiZbvDTtnX,2025-11-15T00:44:50,2025-11-15T01:39:50,
189,275,laptop,W1vYsMor7G,2025-06-10T19:49:17,2025-06-10T21:44:17,98928
190,385,tablet,dEVex0NIGj,2025-09-25T19:02:20,2025-09-25T20:57:20,
191,350,tablet,AXFYFqJSun,2025-06-11T18:49:17,2025-06-11T19:22:17,
192,967,laptop,5ZpFW92YpC,2025-08-14T03:44:31,2025-08-14T04:17:31,
193,716,laptop,dZWiObEdoi,2025-08-28T07:25:20,2025-08-28T07:29:20,31488
194,308,tablet,WVTGKI5mnO,2025-07-06T06:21:34,2025-07-06T07:48:34,
195,803,laptop,aPKzHrjHG0,2025-07-19T13:01:20,2025-07-19T14:42:20,
196,900,tablet,uFTuMliFXk,2025-09-18T23:22:42,2025-09-18T23:41:42,19604
197,651,phone,sRmpRx3vRP,2025-10-31T03:02:13,2025-10-31T03:18:13,
198,918,laptop,UE00QrbIlw,2025-06-10T18:55:12,2025-06-10T19:28:12,
199,794,tablet,gdCfbXfIKD,2025-07-13T19:31:17,2025-07-13T21:26:17,
200,908,tablet,tSTjVv1WZm,2025-06-08T08:22:54,2025-06-08T08:55:54,12053
201,409,phone,UigucdrWLH,2025-06-18T15:26:20,2025-06-18T15:28:20,
202,305,tablet,4czokq9tPK,2025-09-20T11:22:19,2025-09-20T11:25:19,27611
203,614,laptop,FTDCBQbREj,2025-08-22T02:16:00,2025-08-22T02:39:00,
204,661,tablet,PwSJ5iYb8o,2025-08-07T01:57:11,2025-08-07T02:41:11,
205,903,laptop,e5aujQ9U57,2025-11-02T15:00:26,2025-11-02T16:16:26,
206,103,tablet,PUhG6xPpRN,2025-11-25T10:25:41,2025-11-25T11:01:41,
207,840,phone,VMoyGDfrdH,2025-08-14T18:19:58,2025-08-14T20:06:58,12726
208,863,tablet,EePeJQzZCs,2025-11-23T09:01:31,2025-11-23T09:28:31,
209,443,phone,9PtWPWxcjz,2025-07-17T23:35:35,2025-07-18T00:56:35,
210,64,laptop,VpwguAJu90,2025-10-15T18:29:36,2025-10-15T18:44:36,
211,725,phone,nUHVO7Cm5I,2025-06-13T21:44:20,2025-06-13T21:46:20,
212,820,tablet,5xC4WichXC,2025-06-21T05:05:22,2025-06-21T06:52:22,
213,170,tablet,vvxSCa3OcZ,2025-07-21T01:53:12,2025-07-21T03:01:12,
214,43,tablet,rEnFYsQkSZ,2025-10-27T17:02:48,2025-10-27T18:54:48,51801
215,195,tablet,sldanUnysR,2025-07-09T00:35:13,2025-07-09T00:40:13,8739
216,341,tablet,4tB6qAVeQe,2025-08-30T05:20:10,2025-08-30T06:58:10,47768
217,342,laptop,KoIK8icdbX,2025-06-19T07:47:44,2025-06-19T09:19:44,
218,555,phone,FZd4uKtNWi,2025-10-04T15:35:53,2025-10-04T16:15:53,13285
219,503,phone,mVuW51elxE,2025-07-23T12:32:39,2025-07-23T13:59:39,2312
220,483,tablet,J3BGcq6R1n,2025-10-16T12:03:32,2025-10-16T12:07:32,77565
221,645,laptop,wBAORqCHqn,2025-08-13T00:05:58,2025-08-13T01:44:58,7776
222,770,tablet,vBIE6le1jG,2025-09-30T17:33:51,2025-09-30T19:01:51,1105
223,241,phone,LlTpGlY0EM,2025-11-05T02:03:58,2025-11-05T02:39:58,59431
224,959,laptop,Ce9gfQWupC,2025-09-30T09:33:28,2025-09-30T11:07:28,
225,847,tablet,esblm2B0n2,2025-10-26T06:12:54,2025-10-26T06:52:54,
226,854,phone,FV4gOf080n,2025-07-29T20:24:49,2025-07-29T20:45:49,
227,872,laptop,8ypACeTWaL,2025-09-01T03:03:21,2025-09-01T04:22:21,
228,750,phone,h3i7xa89K0,2025-11-21T09:09:14,2025-11-21T10:58:14,
229,311,laptop,6SDeabAzPC,2025-06-27T10:21:35,2025-06-27T11:40:35,16702
230,675,tablet,WxsmiQZRyL,2025-08-26T19:16:35,2025-08-26T20:03:35,
231,980,laptop,LnEGV97s4K,2025-06-15T03:31:19,2025-06-15T04:39:19,20461
232,217,tablet,EIQstxmcfa,2025-10-15T13:15:40,2025-10-15T14:44:40,
233,174,tablet,IqCqOVsTAZ,2025-11-19T12:03:38,2025-11-19T13:55:38,79474
234,628,laptop,EklFKavWws,2025-08-02T23:39:30,2025-08-03T01:30:30,
235,544,laptop,wNdfFoWkXf,2025-11-10T06:26:58,2025-11-10T06:31:58,59591
236,239,phone,yXBhN4pU0k,2025-08-24T19:29:15,2025-08-24T20:51:15,
237,189,phone,NkPUAaeRt5,2025-06-17T14:31:06,2025-06-17T15:17:06,82254
238,80,tablet,fDFHyTooMe,2025-09-09T08:28:43,2025-09-09T10:14:43,
239,632,laptop,HkLroQJGCn,2025-10-01T12:28:55,2025-10-01T13:06:55,88078
240,361,phone,eL8lhg9Z9u,2025-10-26T09:32:27,2025-10-26T10:58:27,95227
241,715,phone,5RDuot5w88,2025-11-05T21:43:58,2025-11-05T23:21:58,
242,356,phone,AfxIYGVk2Y,2025-08-14T11:38:54,2025-08-14T12:03:54,72978
243,705,tablet,mR5E4YB8Y8,2025-11-23T11:23:27,2025-11-23T12:10:27,
244,933,phone,x0HL7G8wsr,2025-09-30T09:25:52,2025-09-30T10:07:52,13818
245,553,phone,bIe9ANFRuQ,2025-08-04T02:30:10,2025-08-04T03:12:10,10133
246,572,phone,R0gb2Jigst,2025-10-02T21:02:15,2025-10-02T21:08:15,53924
247,489,phone,rAt6Ru0snS,2025-10-22T07:21:48,2025-10-22T09:15:48,83551
248,977,laptop,g6zUqz9X7j,2025-08-01T06:54:43,2025-08-01T08:38:43,98297
249,748,tablet,zsUaVe4g8R,2025-06-06T07:41:17,2025-06-06T08:45:17,23536
250,238,laptop,aK0Fc4Uti5,2025-11-08T10:20:59,2025-11-08T11:03:59,
251,812,tablet,cENJ3xuQdk,2025-06-15T08:42:33,2025-06-15T08:56:33,
252,130,laptop,5WIZ1QYkuI,2025-09-05T23:34:03,2025-09-06T00:29:03,
253,417,laptop,tEcyj1hb0M,2025-10-30T19:05:55,2025-10-30T19:36:55,
254,194,tablet,syX6i2BXZm,2025-09-27T09:01:17,2025-09-27T10:46:17,
255,608,tablet,dxrMuDIiWi,2025-09-27T22:42:18,2025-09-27T22:43:18,
256,579,laptop,Kdwbw5zgsF,2025-11-25T13:15:26,2025-11-25T14:10:26,
257,587,tablet,5FaZP7me2d,2025-08-08T20:03:23,2025-08-08T20:26:23,6519
258,289,tablet,dcVmcOxIyr,2025-08-02T18:00:33,2025-08-02T18:17:33,7909
259,829,tablet,Kv9cWpByqB,2025-07-22T16:35:53,2025-07-22T17:07:53,
260,695,laptop,N55HVSjT2P,2025-10-19T14:24:16,2025-10-19T14:27:16,81839
261,474,phone,mxUh80Dr1j,2025-11-05T00:13:38,2025-11-05T01:58:38,
262,894,phone,Yx930FEfmh,2025-09-24T13:04:34,2025-09-24T13:49:34,
263,357,laptop,WFIXaAsJdB,2025-06-26T14:30:09,2025-06-26T16:20:09,
264,789,tablet,Ij3JbsS1tE,2025-11-20T06:36:30,2025-11-20T07:59:30,22048
265,477,phone,H7RhxLdpV8,2025-06-02T06:21:45,2025-06-02T07:38:45,12881
266,404,laptop,sarwRiaTOo,2025-07-05T14:05:10,2025-07-05T14:46:10,
267,825,tablet,aipMqSArwg,2025-11-12T04:06:47,2025-11-12T05:29:47,12657
268,725,phone,YTbpjQssHB,2025-09-01T01:44:03,2025-09-01T02:27:03,61450
269,982,tablet,p5OWD5ppG9,2025-07-23T07:30:50,2025-07-23T08:55:50,
270,504,phone,HuSNtnA3Ca,2025-06-22T15:01:55,2025-06-22T16:16:55,
271,86,tablet,2G213so5U2,2025-09-16T09:39:19,2025-09-16T11:34:19,
272,920,phone,6w9x6cN9vt,2025-09-26T22:30:00,2025-09-26T23:27:00,
273,783,phone,T307pXscmp,2025-08-25T23:53:48,2025-08-26T00:30:48,
274,206,laptop,FPngG59dNv,2025-08-17T07:13:48,2025-08-17T08:28:48,
275,56,phone,1px7LsvNmh,2025-08-19T19:35:13,2025-08-19T20:33:13,
276,3,tablet,WAQeOyK6J9,2025-11-15T03:31:57,2025-11-15T05:24:57,
277,835,laptop,NwaVuinNx9,2025-06-23T18:35:17,2025-06-23T19:58:17,
278,199,laptop,wTU9Y9cdsn,2025-09-21T05:05:18,2025-09-21T05:08:18,
279,383,laptop,Dwjyq28crb,2025-10-31T12:00:19,2025-10-31T13:21:19,
280,966,tablet,179Y5qmKmh,2025-06-27T02:36:30,2025-06-27T03:57:30,92831
281,313,tablet,CKzDAawI4d,2025-08-29T18:04:54,2025-08-29T20:03:54,
282,115,laptop,mOmhsPBgcZ,2025-10-04T12:27:48,2025-10-04T14:02:48,
283,379,laptop,62v1oAk4f3,2025-09-10T10:42:33,2025-09-10T12:28:33,1423
284,443,laptop,W74Qp4jnNl,2025-11-23T05:24:33,2025-11-23T06:15:33,
285,795,laptop,M1uhq3wxwP,2025-11-12T07:43:00,2025-11-12T09:29:00,
286,781,tablet,bPIQSMDJcm,2025-08-11T00:41:01,2025-08-11T01:11:01,
287,888,phone,FAV1Br8weu,2025-10-27T20:02:04,2025-10-27T21:29:04,63637
288,18,phone,JjbZzjT4rl,2025-08-31T17:33:53,2025-08-31T18:42:53,
289,593,laptop,VFmIoIqqGF,2025-08-06T15:30:24,2025-08-06T16:21:24,60265
290,981,phone,hj1YMXCYLo,2025-08-27T03:40:19,2025-08-27T04:35:19,87709
291,998,phone,7SH1dYimv8,2025-09-05T00:47:14,2025-09-05T00:48:14,
292,356,laptop,DRkZyJupI3,2025-06-28T23:19:37,2025-06-29T00:23:37,
293,742,phone,14JAipUSoR,2025-09-26T00:01:12,2025-09-26T01:14:12,74343
294,10,laptop,NKuiPZRk9z,2025-06-25T12:53:20,2025-06-25T14:17:20,66295
295,968,tablet,n6q8qDsmgc,2025-09-19T09:14:50,2025-09-19T09:14:50,29274
296,219,phone,r1IvAkpfHc,2025-11-02T07:39:22,2025-11-02T08:36:22,
297,932,laptop,zwPODWG2B6,2025-05-30T07:04:53,2025-05-30T08:12:53,
298,558,phone,WozKktfaqE,2025-11-05T03:33:39,2025-11-05T03:46:39,45654
299,46,tablet,P8WyawGrj7,2025-10-27T02:58:28,2025-10-27T04:18:28,
300,559,laptop,2Z3KZTSBit,2025-09-10T18:27:59,2025-09-10T18:58:59,28582
301,175,laptop,AvcoxMT1A7,2025-06-08T16:35:49,2025-06-08T16:53:49,73619
302,824,phone,qhRl8qDY4E,2025-09-09T11:20:00,2025-09-09T12:05:00,29793
303,577,tablet,pmSifeyAT6,2025-07-25T11:24:30,2025-07-25T11:25:30,
304,206,tablet,A4AeZMN8r2,2025-11-11T22:51:03,2025-11-12T00:33:03,
305,606,phone,1CrvjTq40m,2025-06-03T02:55:43,2025-06-03T03:19:43,
306,828,tablet,w5a4jOAZgv,2025-09-11T03:21:04,2025-09-11T04:01:04,
307,643,tablet,gxm09tPzws,2025-05-31T02:13:43,2025-05-31T02:33:43,
308,63,phone,F4NSCV4tFJ,2025-06-23T14:15:52,2025-06-23T14:42:52,
309,337,tablet,Ca3eFiOn31,2025-11-11T12:32:41,2025-11-11T14:12:41,29291
310,983,phone,Szb5HirIPV,2025-07-27T23:56:32,2025-07-28T00:16:32,97660
311,564,tablet,ntGPuGMkVI,2025-10-23T00:04:38,2025-10-23T01:15:38,66242
312,453,phone,8yA9Ml4YsW,2025-11-02T10:02:46,2025-11-02T11:28:46,
313,31,tablet,EDrLqWISpU,2025-08-09T12:35:08,2025-08-09T13:47:08,51266
314,204,phone,C5uZ8FiM1A,2025-07-21T08:29:36,2025-07-21T08:55:36,20634
315,718,laptop,yFEirz83cg,2025-06-16T06:01:37,2025-06-16T07:40:37,
316,94,tablet,AYevQLqqLn,2025-10-09T10:34:41,2025-10-09T11:01:41,
317,232,phone,tDPesS6idh,2025-07-18T12:23:46,2025-07-18T12:28:46,
318,451,laptop,1srYLMxLEg,2025-07-15T22:14:15,2025-07-15T22:29:15,
319,661,tablet,w7flzWYrEK,2025-11-09T04:34:19,2025-11-09T05:26:19,3692
320,13,phone,vXlx8sxCXm,2025-06-04T03:09:30,2025-06-04T03:26:30,
321,327,laptop,p6IUr1SFsU,2025-10-02T21:06:02,2025-10-02T22:05:02,28883
322,458,laptop,QhzX8OrKbR,2025-10-20T12:42:13,2025-10-20T13:11:13,17908
323,835,tablet,6vnz6RieLG,2025-06-05T01:23:13,2025-06-05T01:54:13,
324,606,tablet,rlNgjNazpk,2025-09-26T07:21:43,2025-09-26T08:49:43,
325,451,phone,v62Hqicg3B,2025-10-11T06:57:18,2025-10-11T08:18:18,51470
326,573,laptop,cXR1Hgie0l,2025-09-01T05:11:17,2025-09-01T06:27:17,
327,716,tablet,20jmkquBJV,2025-10-08T04:41:46,2025-10-08T04:43:46,98045
328,497,phone,NWJBO5zW3n,2025-11-12T09:06:47,2025-11-12T10:24:47,80216
329,253,phone,3Rzeuf3IMA,2025-09-29T03:49:48,2025-09-29T04:21:48,
330,211,phone,BzJOY7L7KN,2025-06-16T00:09:42,2025-06-16T00:50:42,
331,564,laptop,WpzsRJ3DVc,2025-06-08T08:42:54,2025-06-08T09:11:54,
332,125,phone,mJ5GepPSEx,2025-08-30T23:33:33,2025-08-30T23:40:33,
333,131,laptop,7MqMMui5MC,2025-07-22T16:03:52,2025-07-22T16:12:52,
334,882,laptop,cOGLrFbWJg,2025-07-01T02:46:47,2025-07-01T02:49:47,43254
335,389,tablet,5V0MfDrnjO,2025-11-09T15:58:27,2025-11-09T17:55:27,
336,659,phone,e01XPOMD3W,2025-08-01T00:08:18,2025-08-01T01:04:18,
337,441,tablet,vpRTVUpEFN,2025-09-04T08:14:13,2025-09-04T08:28:13,83328
338,865,tablet,VAh3nh8Wa4,2025-09-04T19:43:47,2025-09-04T20:17:47,15881
339,5,laptop,dY6uJJNVvv,2025-07-21T07:45:35,2025-07-21T09:19:35,39353
340,808,phone,rZhqXFIPhg,2025-10-16T04:54:16,2025-10-16T06:18:16,75452
341,308,phone,IgYi6w9HWN,2025-09-08T15:05:01,2025-09-08T16:39:01,
342,638,phone,LGwz0XzVKF,2025-08-30T19:02:01,2025-08-30T19:24:01,
343,751,phone,bmkoVUGMlf,2025-08-15T07:37:03,2025-08-15T09:13:03,
344,55,phone,qi3Pb3EAtE,2025-07-06T06:49:05,2025-07-06T08:16:05,
345,366,laptop,MH4BISDyDG,2025-06-10T07:56:21,2025-06-10T08:07:21,5573
346,734,tablet,Ei0wAwRfEh,2025-06-24T18:45:40,2025-06-24T20:44:40,65352
347,706,phone,54AKUB7WDB,2025-10-06T15:17:56,2025-10-06T15:33:56,
348,566,phone,j5oHhlZPhN,2025-09-11T17:04:09,2025-09-11T17:23:09,
349,197,tablet,ifwFkPhlAQ,2025-10-04T07:07:32,2025-10-04T07:10:32,
350,931,laptop,Hd7M8JEn4V,2025-10-26T12:13:02,2025-10-26T14:00:02,38562
351,823,phone,TKoQiU61Ei,2025-09-20T02:48:18,2025-09-20T04:08:18,
352,350,tablet,DmHvnY7n6p,2025-10-31T22:06:43,2025-10-31T23:20:43,
353,276,phone,MAytj6R60z,2025-10-31T09:44:36,2025-10-31T09:56:36,
354,860,tablet,ZHuOYDSApj,2025-07-11T12:20:05,2025-07-11T12:30:05,55029
355,668,tablet,ahZ9ai7vj0,2025-11-04T06:28:13,2025-11-04T08:02:13,64482
356,215,laptop,clDtidRHb1,2025-06-19T23:59:39,2025-06-19T23:59:39,5973
357,426,tablet,2ZmdcSqwaB,2025-09-10T02:57:45,2025-09-10T04:21:45,9862
358,648,tablet,Xo1VDctHP6,2025-10-11T01:55:55,2025-10-11T03:33:55,
359,566,phone,5wdxi55Zu7,2025-06-04T00:07:06,2025-06-04T00:51:06,
360,669,laptop,5M6Ji2McCP,2025-09-12T20:49:56,2025-09-12T21:58:56,41240
361,844,laptop,NQ2NW0pl7O,2025-07-17T12:04:44,2025-07-17T13:34:44,90276
362,787,tablet,9SVaxDaLwE,2025-10-12T08:10:57,2025-10-12T08:44:57,
363,497,phone,U5dFsDqIFA,2025-06-27T08:24:40,2025-06-27T10:17:40,82143
364,105,phone,9L6T6HevRe,2025-11-09T03:51:21,2025-11-09T04:45:21,
365,830,phone,myQR4Pz0F8,2025-10-30T00:19:09,2025-10-30T00:19:09,73582
366,811,laptop,UfKJQJLCVu,2025-08-18T22:57:24,2025-08-19T00:08:24,84849
367,278,phone,UytmAFOGmH,2025-09-05T04:34:28,2025-09-05T05:24:28,
368,99,tablet,omnVFXL5zy,2025-10-30T10:59:28,2025-10-30T12:59:28,96732
369,357,phone,dDSz1dUt9s,2025-08-01T09:14:25,2025-08-01T10:03:25,
370,771,tablet,KukloisXL5,2025-08-21T21:49:11,2025-08-21T22:01:11,
371,436,tablet,XunPVi5oBl,2025-08-29T10:20:34,2025-08-29T10:48:34,
372,51,laptop,Mamcm8efWu,2025-10-08T18:57:27,2025-10-08T19:19:27,
373,599,tablet,KNaOWCzbvh,2025-07-11T00:29:38,2025-07-11T01:46:38,78448
374,238,tablet,cRXSjYTDW1,2025-10-19T23:42:50,2025-10-20T00:56:50,
375,31,tablet,jx7iCpRxu0,2025-11-21T13:38:06,2025-11-21T15:09:06,
376,704,laptop,kaGYStamPs,2025-11-25T15:19:14,2025-11-25T15:43:14,81405
377,612,tablet,IbARbkkylb,2025-06-22T12:21:54,2025-06-22T13:20:54,
378,235,laptop,YkJfK6zgfD,2025-09-10T15:23:39,2025-09-10T16:39:39,
379,220,tablet,f2PigUP7bZ,2025-10-16T07:39:50,2025-10-16T07:54:50,50933
380,924,phone,C2OHqrFEZc,2025-11-03T03:45:34,2025-11-03T04:38:34,24376
381,310,phone,31cCVAuPfr,2025-11-18T20:27:53,2025-11-18T21:13:53,71187
382,721,phone,WpygfnBezA,2025-07-28T01:28:51,2025-07-28T01:37:51,96011
383,70,tablet,8RnwC3oAjP,2025-10-05T00:08:54,2025-10-05T01:24:54,
384,86,laptop,voXQm16aov,2025-08-10T14:16:22,2025-08-10T15:24:22,
385,172,tablet,8Z7unXjr5k,2025-08-21T00:24:17,2025-08-21T02:00:17,
386,638,phone,yBMeFV0e33,2025-08-25T22:25:40,2025-08-25T23:05:40,
387,391,tablet,VoJpcecL6t,2025-06-26T15:08:33,2025-06-26T15:22:33,
388,839,tablet,awB3aWpbwC,2025-07-14T12:07:53,2025-07-14T13:03:53,67095
389,495,phone,1S7mKWBUxr,2025-10-04T17:27:10,2025-10-04T18:42:10,
390,712,laptop,c814yCHt5m,2025-11-25T12:59:09,2025-11-25T14:32:09,
391,774,tablet,XU5WG32Ovs,2025-11-08T03:53:58,2025-11-08T04:04:58,62640
392,715,phone,E0SWYQdOmo,2025-06-08T01:03:10,2025-06-08T02:39:10,
393,786,laptop,6MtL5Xz9Ky,2025-09-17T06:01:34,2025-09-17T06:38:34,
394,166,tablet,97jfTz75h4,2025-11-03T22:36:53,2025-11-03T22:41:53,94158
395,771,tablet,IZnLTfkJ6U,2025-08-09T21:46:12,2025-08-09T22:17:12,
396,745,tablet,UcTxFtUDnJ,2025-09-29T00:56:55,2025-09-29T01:50:55,
397,843,tablet,IY7Boy0z7y,2025-11-05T17:40:50,2025-11-05T19:01:50,70227
398,572,tablet,G3Gn6vBsOG,2025-08-30T07:16:23,2025-08-30T07:19:23,77799
399,281,tablet,wsq7ZXslen,2025-09-28T02:40:33,2025-09-28T03:07:33,
400,860,phone,LPuR6UTy0q,2025-11-14T00:57:41,2025-11-14T01:08:41,13901
401,535,laptop,HmKlUPNd6L,2025-07-08T11:35:57,2025-07-08T12:18:57,86944
402,723,laptop,2V1ff3zAyd,2025-10-21T11:54:53,2025-10-21T12:26:53,
403,297,laptop,uvFvb45FMt,2025-06-12T14:05:56,2025-06-12T14:41:56,67640
404,936,laptop,dKTPyAcMBV,2025-08-19T03:54:24,2025-08-19T04:59:24,
405,221,phone,Ak6YIt0rvq,2025-11-24T23:02:29,2025-11-24T23:37:29,
406,780,phone,C1OiIchseP,2025-06-29T22:09:06,2025-06-30T00:07:06,
407,861,tablet,IIuL7QAnR8,2025-08-26T21:04:28,2025-08-26T22:31:28,29882
408,640,phone,g4Jx4NFzVF,2025-08-15T22:22:09,2025-08-16T00:13:09,
409,853,laptop,pQVC4ge4S8,2025-09-23T09:38:42,2025-09-23T11:14:42,
410,26,tablet,9hsT7yse7U,2025-07-16T23:18:31,2025-07-16T23:42:31,
411,901,laptop,G2OSrjdawz,2025-09-04T16:05:18,2025-09-04T17:06:18,80280
412,159,phone,bXr9iDmMuc,2025-09-14T16:09:39,2025-09-14T17:03:39,
413,785,tablet,cGMEyFqijN,2025-10-29T03:54:50,2025-10-29T04:18:50,10621
414,214,phone,jVGkpOrXRl,2025-07-05T16:46:02,2025-07-05T17:40:02,
415,806,laptop,pPc3mGGYft,2025-07-23T00:32:30,2025-07-23T00:58:30,
416,909,phone,EshFXev287,2025-07-31T03:54:18,2025-07-31T04:36:18,
417,310,tablet,YJid5Kb9PR,2025-11-12T08:45:38,2025-11-12T09:52:38,51713
418,145,laptop,hCfkwHqmSM,2025-09-04T22:52:41,2025-09-05T00:14:41,
419,722,tablet,KEYKMfu3xV,2025-06-18T17:03:07,2025-06-18T17:57:07,58878
420,644,phone,Mvm0qGgM5k,2025-10-22T03:09:37,2025-10-22T03:19:37,
421,678,phone,arOKnMGKVd,2025-11-04T19:14:33,2025-11-04T20:02:33,
422,683,laptop,pZPJQK6zjg,2025-07-10T13:49:22,2025-07-10T14:45:22,
423,661,laptop,fkaxsuS4yX,2025-09-15T04:39:29,2025-09-15T04:47:29,
424,364,laptop,sdGTm5CRct,2025-11-15T14:19:07,2025-11-15T15:59:07,
425,61,phone,IvQZgrHq7p,2025-06-10T01:38:08,2025-06-10T03:00:08,
426,700,tablet,38aNVHgAEl,2025-07-29T17:44:14,2025-07-29T19:41:14,
427,673,tablet,Gt7HpmPFCj,2025-11-27T01:15:50,2025-11-27T03:08:50,10773
428,296,tablet,MQZ9aE3kn4,2025-09-04T10:57:33,2025-09-04T12:47:33,
429,986,phone,MsYKtN8TQ3,2025-11-22T20:14:04,2025-11-22T20:36:04,43566
430,196,tablet,teFyTZa8qL,2025-11-19T19:31:47,2025-11-19T20:20:47,
431,270,tablet,IPR78dFmng,2025-07-31T13:34:38,2025-07-31T13:38:38,
432,553,tablet,7eoNqZ4hzK,2025-06-15T04:42:56,2025-06-15T05:16:56,77401
433,886,laptop,Ea0MCDZdNV,2025-09-23T12:56:39,2025-09-23T14:12:39,52496
434,428,phone,WCwOw7rdvj,2025-06-25T22:10:32,2025-06-25T23:01:32,
435,76,laptop,YCguVinTXt,2025-10-22T00:58:21,2025-10-22T00:59:21,
436,953,tablet,hEjQBHW0Fi,2025-08-27T05:11:03,2025-08-27T05:37:03,4432
437,625,phone,aParFPHFXP,2025-10-01T18:56:56,2025-10-01T19:24:56,
438,240,phone,zsyzYFNVSn,2025-09-14T23:10:02,2025-09-14T23:56:02,
439,269,phone,iFU0UxmhWq,2025-08-27T11:07:45,2025-08-27T13:07:45,
440,931,phone,eYv9XVRrwT,2025-09-04T01:37:47,2025-09-04T03:35:47,
441,783,phone,bNXS2EV00z,2025-10-25T11:46:50,2025-10-25T13:12:50,30360
442,71,phone,GhYHA2yUij,2025-09-30T23:01:23,2025-10-01T00:32:23,
443,925,tablet,zVusYDHGMq,2025-06-11T17:59:39,2025-06-11T19:30:39,50895
444,466,tablet,xpIs2ki4NR,2025-08-27T18:53:30,2025-08-27T20:33:30,82795
445,846,laptop,pTQzXVn69x,2025-11-24T22:59:52,2025-11-25T00:31:52,6115
446,43,tablet,OcI2j362D6,2025-10-19T14:36:04,2025-10-19T16:28:04,26593
447,204,laptop,IgXNhgGSuE,2025-09-23T20:21:52,2025-09-23T20:52:52,
448,843,tablet,qxG1ReAHR2,2025-10-03T09:37:03,2025-10-03T10:23:03,
449,991,phone,suF7Jwauxu,2025-06-05T14:23:29,2025-06-05T15:43:29,
450,657,laptop,F8MvElLXAr,2025-11-25T08:28:09,2025-11-25T09:46:09,60650
451,840,laptop,eK3oDPzK3y,2025-06-15T11:39:37,2025-06-15T13:17:37,42627
452,978,tablet,7fAJwt7Wba,2025-09-17T03:29:05,2025-09-17T04:29:05,
453,610,laptop,iBASdzBvGL,2025-07-01T06:19:15,2025-07-01T07:25:15,
454,316,laptop,5lTfBI4EGU,2025-06-19T03:43:11,2025-06-19T04:04:11,89400
455,963,phone,7G2oqYBwH5,2025-07-03T08:35:17,2025-07-03T09:47:17,73882
456,557,phone,Olpyb1p1XL,2025-06-08T11:56:41,2025-06-08T13:24:41,56685
457,604,laptop,dk4Lp707Hk,2025-07-07T13:40:10,2025-07-07T15:00:10,
458,795,phone,BCNeExkd26,2025-08-19T08:56:24,2025-08-19T09:54:24,63619
459,373,tablet,gtKkWosYNH,2025-09-02T04:26:18,2025-09-02T06:26:18,18293
460,6,phone,ZMyBJfOHw5,2025-06-18T09:18:30,2025-06-18T09:23:30,25277
461,468,phone,VjwFyQJELR,2025-08-10T02:03:22,2025-08-10T03:23:22,
462,533,phone,3qM4F92yrF,2025-09-23T10:57:04,2025-09-23T12:40:04,
463,335,laptop,rl4kWFJ4Ud,2025-07-12T09:23:40,2025-07-12T10:43:40,
464,276,laptop,3IyuueQ7vv,2025-06-12T07:57:20,2025-06-12T08:19:20,
465,718,laptop,NWNC1enXR8,2025-10-02T11:57:30,2025-10-02T13:06:30,63978
466,529,laptop,3WqW8xF3Ym,2025-06-23T18:26:55,2025-06-23T19:30:55,
467,760,tablet,oFwARKAsIT,2025-07-29T20:08:04,2025-07-29T22:04:04,
468,544,tablet,5y1QbS32sg,2025-06-09T18:19:46,2025-06-09T18:37:46,
469,797,tablet,wIncqHRyUs,2025-07-03T22:13:53,2025-07-03T23:38:53,
470,66,laptop,2rXwHe8uoy,2025-06-26T21:19:51,2025-06-26T22:20:51,65072
471,755,phone,434rFJvToP,2025-11-07T21:05:19,2025-11-07T22:50:19,45323
472,491,laptop,cX9m4yQE6k,2025-10-14T19:01:10,2025-10-14T19:03:10,
473,404,phone,j6vXVWZAgU,2025-07-13T07:24:22,2025-07-13T07:34:22,31129
474,554,phone,CSS0EDz5bN,2025-08-02T02:50:19,2025-08-02T03:11:19,
475,529,tablet,pjWv0v3Ck9,2025-06-02T00:57:23,2025-06-02T02:09:23,
476,417,phone,lrK0N8YPlk,2025-09-24T14:58:58,2025-09-24T15:47:58,32009
477,114,phone,MH1PAA1UQT,2025-11-16T17:26:13,2025-11-16T18:01:13,
478,707,tablet,phPSFEW9OK,2025-11-19T04:00:02,2025-11-19T05:27:02,11612
479,649,phone,Qs8KjQonVX,2025-09-01T05:45:20,2025-09-01T06:37:20,
480,381,laptop,ZAjw0tPmGI,2025-11-05T08:23:12,2025-11-05T09:32:12,
481,329,laptop,TOs3h9zMYx,2025-05-30T06:57:03,2025-05-30T07:42:03,49776
482,94,tablet,YEQKJmckcX,2025-06-22T10:20:10,2025-06-22T11:15:10,99853
483,349,tablet,kOONMoU3xG,2025-09-17T10:19:18,2025-09-17T12:18:18,
484,810,laptop,CHQRFztCLv,2025-06-14T19:03:50,2025-06-14T20:30:50,
485,508,tablet,W1DSf5g8yP,2025-06-27T05:43:33,2025-06-27T07:17:33,79128
486,88,tablet,gUeCufw2se,2025-06-23T16:09:12,2025-06-23T17:47:12,
487,259,laptop,M1KO63FTCl,2025-07-12T19:47:15,2025-07-12T21:39:15,
488,316,laptop,4HVJmfpDI1,2025-11-07T16:07:57,2025-11-07T17:37:57,
489,550,phone,KBxyf9alMo,2025-09-21T22:52:58,2025-09-21T23:34:58,80120
490,32,tablet,ea1z6daPFC,2025-08-27T14:12:40,2025-08-27T15:05:40,
491,191,phone,0NlKUck6fb,2025-07-12T01:06:41,2025-07-12T02:03:41,
492,288,tablet,ODS9R05IoV,2025-10-04T00:20:52,2025-10-04T01:49:52,88788
493,226,phone,fPLWHkb4gH,2025-09-16T10:47:48,2025-09-16T12:10:48,29651
494,551,tablet,hXPCyjiH6t,2025-08-09T01:15:26,2025-08-09T01:29:26,15786
495,791,phone,DIXod0pSu1,2025-06-03T10:15:27,2025-06-03T10:28:27,91001
496,260,laptop,L0Q9NpVicY,2025-07-08T12:50:44,2025-07-08T13:47:44,43826
497,465,phone,SplDWBJDcc,2025-10-01T01:15:35,2025-10-01T02:24:35,
498,437,laptop,NJeMNVkgN3,2025-08-16T18:39:21,2025-08-16T19:15:21,
499,163,tablet,kjj9nRSrwx,2025-09-15T18:56:27,2025-09-15T19:28:27,
500,404,tablet,PIlZ1eOKSS,2025-09-22T13:14:15,2025-09-22T14:23:15,
501,261,tablet,9oIfq9t1gN,2025-06-27T04:44:42,2025-06-27T06:07:42,37645
502,919,phone,jK9WkBcYPB,2025-09-17T20:39:47,2025-09-17T22:38:47,97144
503,703,tablet,Bf2zmdBAN1,2025-08-18T14:06:22,2025-08-18T14:14:22,34237
504,535,tablet,2wdc3wpGQN,2025-11-06T08:09:52,2025-11-06T08:50:52,12429
505,271,laptop,4HQdtTfHn3,2025-07-16T00:54:56,2025-07-16T01:27:56,29353
506,632,phone,akCZFOoqvU,2025-11-08T22:49:30,2025-11-09T00:43:30,
507,176,phone,pKoRyUUOkr,2025-08-17T17:00:10,2025-08-17T18:38:10,79857
508,227,tablet,ry8xqHarGZ,2025-09-27T18:53:30,2025-09-27T19:51:30,67434
509,100,laptop,SF6hP82Tvs,2025-08-12T12:57:31,2025-08-12T14:06:31,
510,78,phone,HQHN8cC6Q2,2025-10-13T23:02:22,2025-10-13T23:38:22,
511,485,laptop,mTJSUr0JS4,2025-10-29T05:49:08,2025-10-29T06:24:08,
512,415,laptop,odY1JFlCPb,2025-06-23T10:13:03,2025-06-23T11:12:03,
513,933,laptop,a7Eg81nJwl,2025-09-08T22:32:56,2025-09-09T00:24:56,
514,503,tablet,2tiyx6KHu8,2025-08-18T02:51:51,2025-08-18T03:40:51,
515,375,phone,inZdYBtsBr,2025-07-18T22:58:45,2025-07-18T22:59:45,
516,216,laptop,3mbF4OzWlw,2025-06-06T12:12:21,2025-06-06T13:28:21,
517,955,phone,Aidr3rnAG9,2025-11-16T11:49:17,2025-11-16T12:50:17,96015
518,636,tablet,1eoodOu2gv,2025-08-29T08:35:56,2025-08-29T09:58:56,91469
519,616,tablet,5wW9U1zZ3q,2025-11-24T22:37:10,2025-11-24T23:52:10,
520,580,laptop,QaEsnfE6tP,2025-10-14T11:58:56,2025-10-14T12:28:56,
521,685,phone,xr0wFMMhDU,2025-06-28T18:20:36,2025-06-28T19:16:36,
522,366,tablet,RYyQVyjWmx,2025-11-09T08:57:42,2025-11-09T09:59:42,
523,378,tablet,ClcpaAuwuo,2025-09-24T02:00:10,2025-09-24T03:31:10,19997
524,648,tablet,rcNd7GxkvH,2025-07-16T14:04:10,2025-07-16T14:35:10,28077
525,746,laptop,lWeagVYGHU,2025-09-15T13:52:10,2025-09-15T14:17:10,
526,808,phone,D1tfkvSrE0,2025-06-12T21:13:23,2025-06-12T21:16:23,
527,130,laptop,boM11ssnRs,2025-07-16T22:57:54,2025-07-17T00:11:54,44608
528,769,phone,TQD1LFV05e,2025-09-07T11:18:58,2025-09-07T12:25:58,84669
529,750,laptop,WNmnUiuVyw,2025-06-03T15:37:20,2025-06-03T16:44:20,48219
530,722,tablet,lDr3BdBiDE,2025-09-30T22:49:01,2025-09-30T23:51:01,84693
531,517,tablet,ZsiU7bK1Fg,2025-07-12T10:02:23,2025-07-12T11:34:23,30356
532,135,laptop,w0teUWuwBC,2025-09-05T11:29:31,2025-09-05T11:33:31,2208
533,82,phone,ngUSVE1vcd,2025-11-10T15:16:44,2025-11-10T16:28:44,75662
534,308,laptop,guNvKAcgrm,2025-10-12T11:31:48,2025-10-12T11:43:48,16597
535,83,phone,6qflsCOioE,2025-11-21T20:26:53,2025-11-21T22:07:53,
536,479,laptop,EG1LvSC4fh,2025-07-11T16:37:13,2025-07-11T18:01:13,52427
537,82,phone,HnSW6ziTlu,2025-07-18T00:26:48,2025-07-18T01:06:48,
538,972,tablet,eY2WnF0eQF,2025-08-02T09:40:13,2025-08-02T11:06:13,
539,206,tablet,DVrXhvmMqb,2025-06-01T23:25:31,2025-06-02T01:25:31,
540,714,tablet,tkJxOhdyln,2025-10-09T12:10:06,2025-10-09T12:41:06,
541,205,tablet,1PVghsM4v0,2025-06-27T19:38:02,2025-06-27T20:26:02,
542,567,tablet,ss2S7yqT3h,2025-10-11T05:54:57,2025-10-11T07:35:57,8189
543,454,laptop,2wFNPz1QRW,2025-08-10T21:36:57,2025-08-10T21:37:57,43957
544,477,tablet,YfREI1vDUO,2025-10-16T03:29:54,2025-10-16T04:46:54,
545,225,laptop,ftKAYwwkzh,2025-10-21T14:16:36,2025-10-21T15:38:36,67083
546,355,laptop,DvxPpp6DU5,2025-06-11T13:11:09,2025-06-11T14:40:09,60367
547,143,laptop,jmzPHxwaZG,2025-08-08T00:19:05,2025-08-08T00:30:05,
548,408,tablet,ctAezpzPL1,2025-06-09T22:26:48,2025-06-10T00:08:48,35344
549,135,tablet,OGxOjqDrNZ,2025-07-20T14:30:48,2025-07-20T14:38:48,
550,879,tablet,gMzCwOwVEl,2025-10-26T02:14:07,2025-10-26T03:48:07,46686
551,755,laptop,1Q2SJeYBxw,2025-11-05T12:02:50,2025-11-05T12:36:50,96771
552,52,phone,DF7V50gbL0,2025-06-13T08:24:14,2025-06-13T09:22:14,40790
553,182,tablet,KBsRj3fmWp,2025-05-30T16:55:29,2025-05-30T17:08:29,
554,146,tablet,3ao18rFjLR,2025-11-11T03:34:15,2025-11-11T05:16:15,
555,236,phone,HgaLEVAnBL,2025-09-14T13:05:41,2025-09-14T14:30:41,
556,735,tablet,7nPo0236M8,2025-09-29T01:28:36,2025-09-29T03:23:36,
557,663,tablet,VDywFhbhIz,2025-08-15T19:02:45,2025-08-15T20:48:45,67328
558,552,phone,4FjyHmtOf4,2025-07-15T11:43:56,2025-07-15T12:39:56,59604
559,432,laptop,9HCjtouAHs,2025-08-03T00:03:52,2025-08-03T00:49:52,84887
560,289,phone,0OSGG6KKH7,2025-06-21T00:50:30,2025-06-21T01:24:30,
561,674,laptop,CfvoY8sx3t,2025-10-19T19:01:04,2025-10-19T20:24:04,
562,415,laptop,h7Smn9yyc3,2025-07-04T21:38:24,2025-07-04T22:02:24,
563,180,tablet,pm6AUo5AZw,2025-11-11T01:47:29,2025-11-11T01:54:29,
564,190,phone,wpgrPpT89X,2025-07-15T12:29:42,2025-07-15T12:49:42,
565,798,phone,6oiEFBdiOl,2025-10-24T02:54:38,2025-10-24T03:59:38,
566,854,laptop,c90tPJnxQu,2025-11-18T20:26:33,2025-11-18T20:26:33,
567,158,tablet,dgiyKws8IU,2025-07-28T16:11:05,2025-07-28T17:28:05,
568,431,laptop,aBnxDwwOtk,2025-07-08T03:25:55,2025-07-08T05:03:55,
569,649,tablet,NmyNXveisx,2025-09-01T09:11:06,2025-09-01T10:08:06,10779
570,772,tablet,GzJKmTF6Ex,2025-07-04T05:19:08,2025-07-04T06:32:08,
571,911,tablet,d4JxnmbSk1,2025-08-19T17:58:58,2025-08-19T19:55:58,
572,69,laptop,cGYPKdEYSH,2025-08-27T22:44:00,2025-08-28T00:26:00,
573,890,laptop,gBgiguivw5,2025-06-10T14:12:22,2025-06-10T14:14:22,
574,349,tablet,v0lPyDd4Ku,2025-09-24T15:18:23,2025-09-24T16:06:23,
575,680,tablet,Pt7yabGWg6,2025-11-08T11:14:03,2025-11-08T12:50:03,77885
576,797,laptop,3n7lyVm8Si,2025-08-29T10:58:23,2025-08-29T11:21:23,57404
577,577,phone,Sb5EEEID9C,2025-07-05T01:19:39,2025-07-05T01:22:39,
578,281,laptop,Fz7m4DiimX,2025-07-09T04:15:04,2025-07-09T04:20:04,
579,381,phone,M2eTD9qquN,2025-10-23T10:41:50,2025-10-23T11:08:50,
580,990,laptop,zAVeieFPDO,2025-07-10T05:27:28,2025-07-10T06:08:28,57144
581,171,tablet,npSBF2Duuc,2025-07-30T09:30:40,2025-07-30T10:19:40,
582,309,tablet,RfvBAVqDo6,2025-11-21T09:18:13,2025-11-21T09:54:13,
583,984,tablet,RIKtySqrTE,2025-08-19T14:45:15,2025-08-19T15:29:15,40122
584,963,phone,V6cOKVYTbs,2025-07-16T17:30:11,2025-07-16T18:20:11,
585,770,tablet,ieSMaqp2mA,2025-11-21T22:37:02,2025-11-21T22:42:02,
586,938,tablet,nORO0m3BU0,2025-08-12T16:17:14,2025-08-12T17:44:14,50823
587,706,tablet,wxQxlrNXkZ,2025-06-16T19:31:23,2025-06-16T20:11:23,
588,71,laptop,uv38lFv6Co,2025-10-25T00:20:01,2025-10-25T01:13:01,
589,347,tablet,ilO5XFSo0L,2025-09-02T02:23:31,2025-09-02T03:59:31,
590,448,phone,VQ8Q3swRyU,2025-07-21T15:41:24,2025-07-21T16:50:24,96567
591,486,laptop,kDByB1CL91,2025-07-02T00:37:16,2025-07-02T01:37:16,
592,484,tablet,kF4KQg5WrP,2025-11-11T21:16:02,2025-11-11T22:09:02,
593,656,laptop,XhVSkFvja0,2025-08-18T01:25:56,2025-08-18T02:04:56,78370
594,383,phone,YgMY32Dc5C,2025-10-22T07:09:33,2025-10-22T08:02:33,
595,952,phone,CgENOyh9cR,2025-09-08T23:30:34,2025-09-09T01:03:34,
596,566,laptop,aYlPvkMAxP,2025-07-22T19:17:48,2025-07-22T20:32:48,86810
597,787,phone,TpmSkH64Qr,2025-10-21T14:48:26,2025-10-21T16:23:26,
598,318,laptop,fCV18b5hUR,2025-07-07T17:01:48,2025-07-07T17:55:48,51157
599,449,tablet,UrvRKpG5C3,2025-09-13T09:44:42,2025-09-13T10:25:42,
600,238,phone,mtnDWjXAiE,2025-06-03T22:23:44,2025-06-03T23:40:44,
601,884,laptop,pov8SDLyUK,2025-06-02T07:54:30,2025-06-02T08:48:30,
602,90,laptop,RTzxM37rLn,2025-10-04T12:42:15,2025-10-04T13:42:15,88389
603,863,phone,OFD4Y7aeeM,2025-07-27T09:26:49,2025-07-27T10:00:49,77632
604,819,laptop,m7c1o6U8JF,2025-07-20T02:26:51,2025-07-20T04:10:51,59488
605,703,phone,yQRVvW0QDe,2025-07-08T23:19:07,2025-07-09T00:14:07,71124
606,152,tablet,xVVcqi6svm,2025-11-05T06:55:19,2025-11-05T07:54:19,51014
607,361,phone,Ma6hqskxM4,2025-07-06T10:23:55,2025-07-06T11:08:55,
608,123,phone,uxbZT4LsPy,2025-10-19T16:13:24,2025-10-19T17:07:24,
609,452,phone,7KxJj6YLyB,2025-08-09T21:54:01,2025-08-09T23:52:01,34085
610,238,tablet,IzOJQ864TK,2025-05-30T08:31:18,2025-05-30T10:31:18,63581
611,602,laptop,WwfAzcXqRo,2025-08-01T10:35:41,2025-08-01T11:11:41,
612,682,laptop,x63QlaqEgR,2025-06-07T11:55:56,2025-06-07T12:34:56,
613,995,laptop,gOwV7fGL3A,2025-10-26T11:06:29,2025-10-26T12:56:29,
614,665,laptop,7rjPplgU1M,2025-06-21T01:27:20,2025-06-21T02:32:20,
615,390,laptop,IfnHcz1j3y,2025-09-02T09:22:43,2025-09-02T09:36:43,
616,695,tablet,OES4B5xq9p,2025-07-06T04:06:00,2025-07-06T04:30:00,
617,377,laptop,ZiOCPIvNGw,2025-10-12T16:59:46,2025-10-12T17:43:46,
618,922,phone,me5pmMMfmM,2025-07-18T17:02:18,2025-07-18T17:55:18,
619,777,phone,HBLeVs8DUv,2025-06-19T16:28:49,2025-06-19T17:39:49,
620,1,laptop,kYuP7AmMDK,2025-09-08T01:44:56,2025-09-08T02:05:56,1043
621,141,phone,L7XXmorU4d,2025-07-29T18:20:59,2025-07-29T19:46:59,
622,990,laptop,brEsX8NXHZ,2025-09-16T22:18:12,2025-09-16T22:21:12,26323
623,861,tablet,fEiDoLfNrC,2025-11-10T09:15:27,2025-11-10T10:05:27,17487
624,831,phone,bC33xBUqCL,2025-08-29T18:01:45,2025-08-29T19:53:45,
625,488,tablet,NL7ycRJARl,2025-06-23T08:29:47,2025-06-23T08:52:47,
626,283,phone,QfpChobNpf,2025-10-12T01:15:38,2025-10-12T02:08:38,
627,92,phone,QU0APj2t0W,2025-06-12T12:32:58,2025-06-12T13:46:58,
628,516,laptop,o1QLSMHCL8,2025-09-22T08:00:14,2025-09-22T09:38:14,96489
629,123,phone,z4TCvISgPI,2025-06-23T03:41:24,2025-06-23T05:07:24,95058
630,514,tablet,vGI3gyzyhl,2025-10-01T08:18:54,2025-10-01T09:59:54,
631,384,phone,xT14vFys03,2025-07-19T12:12:33,2025-07-19T13:53:33,28443
632,658,laptop,5Ukchpa4gU,2025-10-05T14:18:17,2025-10-05T14:55:17,10740
633,710,tablet,bs3aS1wTTp,2025-07-04T19:24:00,2025-07-04T19:29:00,22764
634,30,laptop,lIQcFygvsF,2025-07-27T06:25:06,2025-07-27T06:58:06,
635,155,tablet,w62iLl1LAB,2025-08-03T12:49:12,2025-08-03T13:14:12,
636,616,tablet,3FGvetQf2K,2025-11-25T13:54:47,2025-11-25T15:47:47,57365
637,805,phone,OgZkDZdnxS,2025-06-14T02:11:44,2025-06-14T02:44:44,
638,121,laptop,bXwXiYcGkO,2025-11-09T11:57:27,2025-11-09T11:59:27,
639,206,laptop,59IR8fV1bR,2025-11-25T06:38:01,2025-11-25T07:59:01,
640,692,phone,3e5kdc81LC,2025-07-28T23:57:15,2025-07-29T00:48:15,
641,117,laptop,f6BDxiBDFD,2025-10-31T10:00:06,2025-10-31T10:47:06,96595
642,501,phone,i4iI97x3Y1,2025-11-08T04:04:38,2025-11-08T05:23:38,37116
643,228,laptop,zpJXBtcBMX,2025-08-22T05:00:35,2025-08-22T05:34:35,99333
644,996,phone,HdNOeEqmSA,2025-11-16T11:54:41,2025-11-16T13:10:41,66189
645,113,tablet,a4mvxqa7gk,2025-10-25T00:10:21,2025-10-25T00:50:21,
646,175,phone,HsxWw1qx9R,2025-07-02T18:49:35,2025-07-02T19:31:35,
647,38,laptop,RqQaq7rw9o,2025-08-27T04:54:50,2025-08-27T05:36:50,
648,203,phone,FLL4OpKxQg,2025-06-14T16:00:04,2025-06-14T16:06:04,57592
649,569,phone,uhxchipPyo,2025-06-21T20:27:01,2025-06-21T20:45:01,20483
650,887,laptop,vJLgXkAx8q,2025-07-04T02:24:36,2025-07-04T03:42:36,
651,866,tablet,mEXuhKppUc,2025-08-12T12:02:15,2025-08-12T12:46:15,80153
652,179,phone,9K6kuD4CIT,2025-06-20T06:07:26,2025-06-20T07:25:26,
653,297,laptop,fqkazAubiY,2025-08-08T22:13:57,2025-08-08T22:13:57,55645
654,984,phone,SPzZqUxP1i,2025-10-24T18:39:54,2025-10-24T18:42:54,
655,764,tablet,asrwgXfnxw,2025-10-18T03:56:18,2025-10-18T03:58:18,
656,483,laptop,Bz5DOedgxE,2025-06-16T16:23:26,2025-06-16T17:40:26,
657,55,laptop,Z81WU7CZTW,2025-09-11T09:31:52,2025-09-11T09:51:52,43759
658,550,phone,nb6FpeQup9,2025-06-03T09:15:31,2025-06-03T11:06:31,
659,116,laptop,qfyup0vgvH,2025-09-13T04:17:19,2025-09-13T05:28:19,10321
660,599,phone,zDlfCJvbnn,2025-10-07T08:55:09,2025-10-07T09:49:09,
661,404,phone,uVhbfqBEKW,2025-06-15T19:48:22,2025-06-15T20:56:22,
662,721,tablet,UDqlR0VCPs,2025-06-28T01:50:35,2025-06-28T02:28:35,
663,72,tablet,wpTzbtJPtx,2025-10-19T05:04:46,2025-10-19T06:33:46,26271
664,225,laptop,IxmRKavaq0,2025-09-11T19:50:52,2025-09-11T20:04:52,2287
665,746,phone,ZOE5anlnSR,2025-06-18T03:38:38,2025-06-18T04:50:38,
666,318,tablet,6lcJUiLsLW,2025-07-10T15:35:18,2025-07-10T16:14:18,62897
667,801,phone,TEPP2lEVGf,2025-07-30T10:05:34,2025-07-30T10:06:34,
668,229,phone,Md8uG7dRkx,2025-09-26T02:32:45,2025-09-26T03:37:45,60569
669,968,tablet,OCv1qLVeCs,2025-08-27T10:39:58,2025-08-27T12:34:58,
670,102,phone,U5qkSx29hQ,2025-06-22T02:07:39,2025-06-22T03:55:39,
671,624,laptop,iAUoa65jw9,2025-10-01T04:44:22,2025-10-01T05:27:22,68338
672,345,phone,ny1qcVrJqT,2025-11-02T01:57:27,2025-11-02T01:58:27,
673,519,tablet,PBotX8uFsv,2025-11-02T06:07:35,2025-11-02T06:57:35,29037
674,597,phone,oAngzwDZzl,2025-10-16T23:38:52,2025-10-17T00:53:52,
675,631,tablet,CF4c09hs0A,2025-08-11T15:10:32,2025-08-11T15:25:32,
676,632,laptop,qlEtjGxwSR,2025-11-10T10:35:54,2025-11-10T12:26:54,
677,434,tablet,z2rJzCk3Vp,2025-11-11T18:41:43,2025-11-11T19:26:43,
678,929,tablet,0msT0S4Ux6,2025-07-03T00:43:04,2025-07-03T01:25:04,
679,997,phone,QP07yWvyr6,2025-11-03T11:15:39,2025-11-03T12:25:39,34395
680,535,phone,42vOGuvIGf,2025-11-20T03:42:52,2025-11-20T03:54:52,14332
681,620,phone,qS7iVB9zsZ,2025-06-09T06:54:14,2025-06-09T06:57:14,
682,631,phone,wj2N1F42oX,2025-08-14T00:16:29,2025-08-14T01:47:29,14765
683,202,phone,jJQu8k1lp5,2025-06-30T08:08:27,2025-06-30T09:24:27,
684,747,tablet,rvoCCG0xnb,2025-10-12T11:13:04,2025-10-12T12:58:04,19853
685,793,tablet,snCcmh4ykt,2025-06-20T01:37:13,2025-06-20T02:51:13,46005
686,363,phone,6IlqzfDhDv,2025-07-26T13:10:58,2025-07-26T15:06:58,
687,285,tablet,gsKDft1i4C,2025-08-11T02:31:35,2025-08-11T03:09:35,
688,88,tablet,OENDc7ZPKL,2025-07-06T09:08:18,2025-07-06T10:15:18,
689,390,phone,StiTbmHHa5,2025-07-12T00:31:21,2025-07-12T00:49:21,7823
690,229,phone,e2Hi2Y4pFg,2025-09-21T09:41:40,2025-09-21T09:50:40,
691,300,tablet,4YNDQfGArz,2025-08-05T20:48:48,2025-08-05T21:47:48,7217
692,254,phone,MfJZMiqLdf,2025-08-23T14:56:16,2025-08-23T14:59:16,38638
693,852,laptop,yS52BCTyx8,2025-10-14T08:29:32,2025-10-14T10:08:32,
694,736,phone,9tc9sJ9LFV,2025-06-04T21:13:15,2025-06-04T23:01:15,
695,929,phone,RyGq8sQtPf,2025-06-18T22:08:35,2025-06-18T23:54:35,
696,521,phone,Nh9k0MjIoy,2025-10-01T12:04:19,2025-10-01T13:13:19,71073
697,360,phone,S5Ce2wRUJB,2025-07-04T18:12:12,2025-07-04T19:56:12,
698,878,laptop,NJg8Sm0LWn,2025-08-07T10:07:10,2025-08-07T11:56:10,37114
699,283,tablet,WCNLYyYMYN,2025-09-21T16:12:15,2025-09-21T17:14:15,75157
700,330,phone,h53Dvi2k9d,2025-09-04T14:47:39,2025-09-04T16:24:39,
701,1000,laptop,JpFmDKS51u,2025-07-11T19:07:21,2025-07-11T20:42:21,65032
702,676,tablet,cgbXAwg1lZ,2025-09-03T05:20:31,2025-09-03T06:17:31,
703,61,phone,sCAZpdQeYR,2025-10-27T00:21:45,2025-10-27T01:11:45,
704,58,laptop,hSbqKewztO,2025-09-23T20:12:15,2025-09-23T21:44:15,
705,674,laptop,diAvzYqF7q,2025-11-24T08:52:56,2025-11-24T10:18:56,23578
706,641,tablet,cA9O6I93xV,2025-06-12T03:20:11,2025-06-12T04:51:11,
707,438,tablet,MiBwyVgVXL,2025-09-17T20:47:36,2025-09-17T21:07:36,
708,750,laptop,MXQxMEnHAV,2025-11-26T04:49:37,2025-11-26T05:08:37,
709,152,phone,EXGJCKGsZv,2025-11-13T04:57:24,2025-11-13T05:31:24,
710,78,phone,audnm5t79t,2025-06-15T06:20:36,2025-06-15T08:09:36,
711,373,tablet,gncoD4ALdn,2025-08-19T01:11:34,2025-08-19T01:35:34,15863
712,812,tablet,RjAvOWtF3J,2025-08-28T14:04:30,2025-08-28T15:14:30,62943
713,478,phone,6i6PRbZS4S,2025-07-06T06:59:13,2025-07-06T08:34:13,
714,976,tablet,fVwInvnlIF,2025-06-16T14:11:14,2025-06-16T15:06:14,16555
715,473,phone,EnZW8fl3xi,2025-06-21T17:25:40,2025-06-21T17:33:40,
716,151,phone,NuhS3IdFYa,2025-09-09T23:15:10,2025-09-10T01:08:10,
717,546,tablet,LoAlRKbjee,2025-07-09T15:58:30,2025-07-09T16:38:30,
718,857,laptop,JNfQJgO0qS,2025-06-05T11:42:17,2025-06-05T12:53:17,
719,892,laptop,SK6et3tPhi,2025-11-08T13:42:20,2025-11-08T14:27:20,18439
720,457,phone,Kq91A007Z8,2025-07-10T04:26:06,2025-07-10T05:12:06,
721,890,tablet,7aYxFhhLV8,2025-10-20T06:52:32,2025-10-20T07:23:32,
722,817,tablet,lczgpegEzZ,2025-09-05T15:21:57,2025-09-05T16:11:57,94369
723,64,phone,8Sg0RbbcLf,2025-08-26T04:44:27,2025-08-26T06:14:27,
724,91,phone,kWgnR4ea5h,2025-10-08T18:23:30,2025-10-08T19:55:30,48697
725,134,phone,yfrwEC4aX6,2025-09-11T03:36:45,2025-09-11T05:23:45,
726,537,laptop,8XTCGdeThS,2025-08-20T15:46:50,2025-08-20T16:21:50,
727,131,laptop,xQBcd86tGB,2025-10-13T07:47:26,2025-10-13T09:28:26,
728,884,tablet,TgqyRMty2G,2025-10-10T04:23:54,2025-10-10T05:22:54,49782
729,766,laptop,8ntKqoEFHR,2025-11-15T03:53:00,2025-11-15T04:53:00,16261
730,239,tablet,YLkTSWNKQy,2025-07-18T16:51:23,2025-07-18T17:24:23,
731,436,phone,bbvLc6Llkr,2025-09-11T17:49:53,2025-09-11T18:37:53,
732,871,phone,xjb1grXTZa,2025-10-22T20:42:08,2025-10-22T20:50:08,33615
733,821,phone,WL4RPo9LHv,2025-08-09T20:57:20,2025-08-09T22:55:20,
734,484,tablet,tbe1EBnA3I,2025-06-08T06:03:33,2025-06-08T06:28:33,
735,62,laptop,uYexWS4aQ3,2025-08-20T10:28:50,2025-08-20T10:51:50,
736,637,phone,JiLF705Dca,2025-08-13T21:32:26,2025-08-13T21:35:26,84765
737,502,phone,dNKSfkwf6i,2025-08-04T06:54:01,2025-08-04T08:30:01,
738,251,tablet,JcQ78fUDyv,2025-06-03T15:29:59,2025-06-03T15:31:59,40662
739,501,phone,lAHyBegaP8,2025-09-09T14:09:06,2025-09-09T14:39:06,
740,766,tablet,lIl64swmmb,2025-08-26T03:23:36,2025-08-26T05:18:36,67723
741,477,tablet,HWRsML4j8E,2025-11-27T00:54:11,2025-11-27T01:32:11,
742,906,laptop,JBjFR6NyZG,2025-07-08T20:51:58,2025-07-08T22:12:58,32946
743,368,tablet,ui2Zrc9rDo,2025-07-27T04:23:07,2025-07-27T05:02:07,76036
744,580,laptop,IYbNn3wZdH,2025-07-05T17:53:46,2025-07-05T19:39:46,
745,759,laptop,7z4KZuXSm7,2025-07-02T20:32:30,2025-07-02T22:20:30,
746,885,tablet,7G2nDz0dpt,2025-09-11T08:04:10,2025-09-11T08:09:10,
747,823,laptop,gqW1bj0NAL,2025-10-07T21:45:33,2025-10-07T23:08:33,
748,884,tablet,LdGrYgDzVM,2025-06-06T05:39:26,2025-06-06T05:50:26,
749,252,laptop,l1H5qD8Wmj,2025-07-18T23:52:38,2025-07-19T01:38:38,
750,522,tablet,lb7tTj9D7z,2025-06-01T13:59:34,2025-06-01T15:01:34,
751,607,tablet,58Y5EltToJ,2025-06-13T02:51:12,2025-06-13T02:56:12,20121
752,635,laptop,OLQlwOxRJk,2025-10-05T10:04:01,2025-10-05T11:31:01,
753,907,tablet,X3KDBVEwgW,2025-09-26T17:31:05,2025-09-26T17:50:05,98846
754,841,laptop,0kUowor0YN,2025-06-15T21:06:00,2025-06-15T23:06:00,88741
755,417,laptop,YAMsCf2HX6,2025-08-11T03:02:39,2025-08-11T04:31:39,70014
756,459,tablet,HeAtgfcOnN,2025-08-13T09:25:18,2025-08-13T10:52:18,
757,292,tablet,XagQ9Tj4AA,2025-11-01T03:52:55,2025-11-01T05:00:55,83186
758,132,laptop,1ZWlmglUHV,2025-10-05T18:45:55,2025-10-05T19:49:55,7016
759,597,phone,SrEr0AWCO8,2025-10-19T08:49:36,2025-10-19T09:38:36,32324
760,45,tablet,vi1BBiwCJY,2025-11-11T06:17:25,2025-11-11T06:23:25,64926
761,292,tablet,6GwgFUG1xr,2025-06-23T19:07:06,2025-06-23T19:56:06,
762,936,tablet,lxfAWen7sn,2025-10-19T07:17:52,2025-10-19T09:09:52,253
763,785,tablet,xUdXJPV9to,2025-09-17T06:58:36,2025-09-17T08:09:36,71560
764,211,phone,qODr72ZKP1,2025-08-06T00:29:59,2025-08-06T00:50:59,78657
765,972,phone,bIFqEqOoFF,2025-07-24T14:32:00,2025-07-24T14:55:00,
766,23,phone,O9nRXm4bVi,2025-11-11T07:47:50,2025-11-11T09:38:50,83198
767,253,phone,Tqch1HUAEl,2025-09-29T05:20:52,2025-09-29T07:12:52,16701
768,801,laptop,Jnbplle6mg,2025-09-27T06:30:27,2025-09-27T06:36:27,
769,347,laptop,7LWYKzMxfd,2025-07-04T04:37:11,2025-07-04T05:38:11,
770,617,laptop,MOV3JqWJzL,2025-10-02T21:35:38,2025-10-02T22:34:38,
771,566,phone,ss5DLV4yxA,2025-08-25T21:42:20,2025-08-25T21:51:20,29698
772,857,laptop,ZxDbRo4iKn,2025-08-16T08:30:30,2025-08-16T10:09:30,53638
773,562,tablet,dJ0lwI10en,2025-08-17T12:53:34,2025-08-17T13:55:34,19546
774,529,tablet,wVBtQEi0Uv,2025-11-06T16:56:01,2025-11-06T17:08:01,68801
775,895,phone,MMFsZfazQX,2025-06-29T20:54:39,2025-06-29T22:08:39,
776,651,laptop,105qQjzCsk,2025-10-10T00:11:27,2025-10-10T00:35:27,
777,276,laptop,249Q5wVjYf,2025-10-21T01:32:56,2025-10-21T02:58:56,7786
778,92,phone,XoKAbGw9oz,2025-07-11T16:33:56,2025-07-11T18:28:56,
779,107,tablet,2kANBbOEv6,2025-07-09T19:35:42,2025-07-09T21:16:42,
780,848,laptop,B69lxJ3Xop,2025-10-11T11:43:01,2025-10-11T12:31:01,48521
781,788,laptop,yVNvsWKCRj,2025-10-24T22:53:44,2025-10-24T23:49:44,
782,593,laptop,Ixw0IAQNiB,2025-07-08T10:23:58,2025-07-08T12:15:58,53298
783,984,tablet,YP2qRL0pIM,2025-07-22T16:40:16,2025-07-22T17:33:16,
784,270,phone,nBS2p0qfLP,2025-11-01T05:00:32,2025-11-01T06:17:32,646
785,176,laptop,Op8hpGjpVj,2025-09-20T04:38:45,2025-09-20T05:41:45,
786,552,tablet,IWmXSQxT9m,2025-11-02T20:01:37,2025-11-02T20:56:37,
787,879,tablet,srKaW93sC9,2025-10-15T09:01:36,2025-10-15T09:11:36,
788,40,laptop,wqjWqpFwLs,2025-10-06T21:38:08,2025-10-06T22:41:08,61400
789,111,laptop,3febb3uOxZ,2025-09-02T23:01:49,2025-09-02T23:16:49,
790,376,tablet,5axtxJOurW,2025-11-04T16:47:18,2025-11-04T18:23:18,
791,593,tablet,gD1O9QSPDR,2025-11-04T18:31:06,2025-11-04T19:08:06,
792,258,laptop,bCV8P8ZskP,2025-09-29T12:07:57,2025-09-29T12:42:57,19252
793,363,phone,pWxC2bBNo7,2025-09-10T04:07:55,2025-09-10T05:47:55,61913
794,174,tablet,ygVowkORun,2025-06-30T16:04:21,2025-06-30T16:10:21,
795,274,laptop,ulpUeHsB5O,2025-09-11T00:31:48,2025-09-11T01:46:48,
796,167,tablet,VIPVlVECkw,2025-11-20T16:41:49,2025-11-20T17:53:49,
797,57,laptop,7ldyZWXZvZ,2025-11-22T10:53:08,2025-11-22T12:09:08,
798,294,laptop,WsQxCUHcrK,2025-06-23T02:12:47,2025-06-23T04:08:47,6420
799,482,laptop,VS4t9FqNIa,2025-06-15T15:09:48,2025-06-15T15:28:48,28110
800,771,phone,55wnyRTSgq,2025-06-11T06:44:33,2025-06-11T06:45:33,
801,782,tablet,nVVUYJ9sDc,2025-06-11T04:31:48,2025-06-11T04:46:48,
802,339,laptop,rHBmx25JoC,2025-07-21T03:56:40,2025-07-21T05:51:40,38948
803,465,tablet,R9oUYetIpq,2025-06-04T21:09:54,2025-06-04T22:22:54,38320
804,50,phone,9IKP6kU2tI,2025-08-26T10:30:14,2025-08-26T11:37:14,80355
805,949,laptop,Gi3yF38J58,2025-08-07T03:15:15,2025-08-07T04:18:15,
806,86,tablet,5PMBQzGbK6,2025-06-05T09:25:59,2025-06-05T10:46:59,
807,620,laptop,OLncvgkvTC,2025-07-10T18:44:10,2025-07-10T19:42:10,
808,390,laptop,BF7JX7ABIs,2025-07-01T05:25:32,2025-07-01T06:03:32,
809,864,tablet,XqQWzVdiGq,2025-11-18T07:04:48,2025-11-18T08:41:48,
810,387,laptop,gIbG94COT8,2025-11-18T11:41:55,2025-11-18T11:41:55,
811,299,tablet,X3fbZnyvAB,2025-11-26T06:52:08,2025-11-26T08:32:08,
812,746,phone,GcNdOlwlHy,2025-11-25T01:49:35,2025-11-25T01:55:35,
813,836,phone,DYXccp62bQ,2025-08-30T17:28:25,2025-08-30T19:06:25,
814,476,tablet,NnoFpEgPzH,2025-09-19T13:51:15,2025-09-19T14:51:15,
815,292,phone,9x9R23i9Dr,2025-09-15T15:31:12,2025-09-15T16:12:12,23501
816,285,tablet,FIKT1Ybccd,2025-07-02T23:04:17,2025-07-02T23:52:17,
817,563,tablet,zqqIgYGuh5,2025-07-01T09:39:20,2025-07-01T11:36:20,5882
818,951,laptop,UCMoeBsKzw,2025-08-10T13:45:50,2025-08-10T14:16:50,68437
819,45,laptop,1D9ow04xXN,2025-06-28T15:06:22,2025-06-28T16:29:22,
820,232,phone,BFQkfyGgTi,2025-07-19T21:23:07,2025-07-19T22:12:07,
821,467,laptop,O6g5qiTkCh,2025-08-06T01:23:01,2025-08-06T01:32:01,91062
822,428,tablet,LglxJAXrCD,2025-09-11T05:43:30,2025-09-11T07:41:30,
823,438,laptop,sm7E3HU9gZ,2025-10-16T13:59:04,2025-10-16T14:06:04,
824,983,laptop,Mk4KcGF3UQ,2025-10-13T03:07:15,2025-10-13T04:13:15,
825,136,tablet,Pe38YkfqQt,2025-10-28T22:47:32,2025-10-28T23:50:32,20784
826,126,phone,3WEczrhadH,2025-09-15T06:34:37,2025-09-15T07:40:37,
827,388,phone,l0nkCP62C1,2025-09-18T00:02:33,2025-09-18T00:02:33,61029
828,992,laptop,KfwSkG5NnV,2025-10-10T16:03:38,2025-10-10T16:27:38,
829,22,tablet,9zZBFCa40G,2025-10-31T02:20:39,2025-10-31T02:36:39,
830,524,phone,IPtwPvBWZr,2025-11-11T07:35:43,2025-11-11T09:14:43,
831,496,laptop,GapuBj1lID,2025-07-12T16:38:36,2025-07-12T17:50:36,57806
832,580,phone,UYEr6X81fc,2025-08-16T14:23:38,2025-08-16T15:51:38,74232
833,765,phone,R1cOYqhIPJ,2025-08-14T23:19:39,2025-08-14T23:56:39,
834,508,laptop,sLI69y61cq,2025-08-27T10:42:08,2025-08-27T12:17:08,7392
835,267,tablet,63xbNouQxO,2025-10-26T09:29:34,2025-10-26T10:29:34,
836,171,tablet,GDQlZvOrYC,2025-06-10T18:27:05,2025-06-10T18:45:05,
837,411,tablet,iMjFioXxqe,2025-07-05T01:02:25,2025-07-05T01:41:25,
838,320,laptop,WYH11RTCvJ,2025-08-02T01:36:45,2025-08-02T01:45:45,
839,574,tablet,WTNFPLHkod,2025-06-18T02:14:13,2025-06-18T03:54:13,
840,654,phone,0pPRm5VgoT,2025-10-25T20:52:26,2025-10-25T22:16:26,
841,239,tablet,DQp4Ky9QRl,2025-08-11T10:59:53,2025-08-11T11:42:53,
842,748,laptop,72yfNPr1aN,2025-08-09T02:34:54,2025-08-09T03:46:54,
843,853,phone,hHczgIZgFY,2025-06-20T21:41:47,2025-06-20T22:30:47,
844,946,tablet,Lr7QM9PUiD,2025-11-22T20:59:51,2025-11-22T22:26:51,
845,659,tablet,oWjKcVO8Oq,2025-10-30T03:17:28,2025-10-30T03:24:28,
846,821,tablet,0DMA4ioOsG,2025-06-13T20:59:31,2025-06-13T22:24:31,
847,206,phone,t6rsTjenp4,2025-10-06T17:10:36,2025-10-06T17:42:36,
848,808,laptop,HGqPm5ErbL,2025-09-26T19:38:15,2025-09-26T19:53:15,57511
849,702,phone,SIFdOxrnMW,2025-11-14T23:58:34,2025-11-15T00:06:34,
850,737,laptop,ctwOjB2mvB,2025-08-28T23:42:00,2025-08-29T00:57:00,
851,912,phone,89nyvlZww9,2025-06-21T10:00:51,2025-06-21T11:53:51,
852,37,phone,hj8NjRmSSQ,2025-09-30T20:02:25,2025-09-30T20:36:25,
853,336,phone,SQH9a95HB3,2025-09-06T15:43:30,2025-09-06T15:54:30,31733
854,431,phone,8Hh2OPXUMu,2025-08-04T13:25:42,2025-08-04T14:31:42,97337
855,281,phone,MhQaAchrAe,2025-09-27T13:50:13,2025-09-27T14:33:13,71151
856,837,phone,EgPYOgJe6e,2025-11-05T19:36:39,2025-11-05T19:56:39,
857,133,phone,6RFwXnO6US,2025-09-08T02:16:40,2025-09-08T03:41:40,
858,849,tablet,0Q9GJRKb07,2025-06-12T12:04:27,2025-06-12T12:44:27,
859,868,laptop,Oa7Gi6MHvY,2025-08-20T16:32:14,2025-08-20T16:33:14,71271
860,408,laptop,c3d6Xu6JIF,2025-06-11T07:27:28,2025-06-11T08:48:28,60794
861,123,phone,zcetWw5k7F,2025-10-29T16:34:28,2025-10-29T18:06:28,
862,861,phone,IYLT63CznX,2025-10-31T10:09:45,2025-10-31T10:40:45,26524
863,925,phone,XLDzshVgNQ,2025-10-07T07:26:40,2025-10-07T08:10:40,
864,605,phone,2KzoJoy9hi,2025-07-29T09:31:40,2025-07-29T10:06:40,38621
865,940,tablet,KnJM3QjnQQ,2025-06-15T05:39:43,2025-06-15T05:52:43,49295
866,535,phone,lAn3ngXWzZ,2025-11-19T09:48:41,2025-11-19T11:06:41,
867,249,tablet,ge2s9lKASw,2025-10-11T00:41:57,2025-10-11T01:46:57,
868,582,laptop,LqmrpF22gY,2025-06-13T03:53:11,2025-06-13T04:56:11,
869,153,laptop,mExTWciTiS,2025-07-27T09:11:36,2025-07-27T09:38:36,
870,904,phone,QEscgBAJFM,2025-11-19T22:33:54,2025-11-19T23:42:54,
871,453,phone,e0KqAiVZlE,2025-09-05T21:28:32,2025-09-05T22:13:32,
872,110,laptop,XoFS0lTqK9,2025-08-17T18:21:13,2025-08-17T18:35:13,
873,835,phone,Phy9R5nNgV,2025-08-02T16:31:35,2025-08-02T17:36:35,
874,490,phone,K8b2mNR5Ph,2025-09-22T02:50:53,2025-09-22T03:25:53,81499
875,457,laptop,lywvEZxn5I,2025-10-20T23:56:43,2025-10-21T00:52:43,50163
876,111,laptop,W1N9R43F1N,2025-10-12T16:09:19,2025-10-12T17:57:19,95958
877,27,laptop,Twfkoein83,2025-10-18T01:34:43,2025-10-18T02:30:43,
878,741,tablet,GYYGnQgPhC,2025-09-30T03:51:46,2025-09-30T04:09:46,39003
879,384,phone,iv5KXgu0jy,2025-11-25T21:16:36,2025-11-25T22:49:36,
880,476,laptop,KmRhQHcPcE,2025-07-17T07:21:06,2025-07-17T08:27:06,
881,754,phone,kGbIpCcVXs,2025-07-14T22:29:48,2025-07-14T22:57:48,
882,582,phone,WcEiloIuCS,2025-06-11T05:12:28,2025-06-11T06:15:28,
883,335,phone,TLH7VrLuaP,2025-10-13T11:48:19,2025-10-13T12:50:19,85241
884,937,laptop,daW6rhAcXq,2025-07-24T04:40:40,2025-07-24T06:17:40,
885,654,phone,hHWBG694UD,2025-09-20T04:35:55,2025-09-20T06:21:55,30769
886,113,tablet,rVNLCZ8a28,2025-07-14T01:16:48,2025-07-14T02:59:48,21339
887,25,phone,p2HvslMqUT,2025-07-15T10:53:52,2025-07-15T12:28:52,68762
888,808,laptop,4e83GNpBeW,2025-11-06T01:31:10,2025-11-06T01:55:10,
889,465,phone,RPRV624clw,2025-06-20T16:04:28,2025-06-20T16:44:28,
890,987,tablet,LLMrrNB20Y,2025-11-05T20:06:01,2025-11-05T22:06:01,
891,206,tablet,VD52yTQdbx,2025-11-06T04:50:07,2025-11-06T06:04:07,60997
892,240,laptop,EEDuqzKxAd,2025-09-24T00:46:53,2025-09-24T02:27:53,
893,902,tablet,xMdL0gmVUJ,2025-10-27T10:26:04,2025-10-27T11:09:04,14164
894,388,tablet,XiBmdBRoBN,2025-07-02T09:40:57,2025-07-02T10:53:57,25760
895,444,tablet,reNVdXBZeS,2025-09-03T01:23:02,2025-09-03T03:17:02,12786
896,153,phone,uL58fztQVW,2025-09-29T03:40:50,2025-09-29T05:38:50,74611
897,656,phone,vT8XCBazxi,2025-09-15T10:15:13,2025-09-15T10:58:13,
898,610,tablet,kXu8Bb8Y6Z,2025-10-19T12:07:42,2025-10-19T13:33:42,
899,399,phone,9FV1fbsZqO,2025-08-04T07:59:33,2025-08-04T09:29:33,
900,861,tablet,zZxBBHo7ea,2025-06-02T21:59:18,2025-06-02T22:42:18,96391
901,647,tablet,5j8mxlmvlg,2025-08-18T22:29:43,2025-08-18T22:44:43,42524
902,666,phone,hPI7RcHJJn,2025-11-08T00:05:56,2025-11-08T00:18:56,
903,820,laptop,L3mkEQokHE,2025-08-14T03:20:54,2025-08-14T05:01:54,
904,212,laptop,K9YyGN5mXG,2025-07-13T05:12:56,2025-07-13T05:30:56,24076
905,290,laptop,aycazX56ur,2025-06-28T16:45:27,2025-06-28T18:07:27,67992
906,683,phone,D28vb6oN6H,2025-10-12T22:52:04,2025-10-13T00:05:04,
907,480,tablet,1tP5guRzCB,2025-06-25T08:06:13,2025-06-25T08:47:13,23671
908,259,phone,z3NeAbqyL9,2025-06-07T19:19:54,2025-06-07T21:13:54,
909,287,phone,lW1WPoWiV3,2025-11-04T02:53:08,2025-11-04T04:51:08,19124
910,340,tablet,2vJvENtxuG,2025-09-05T09:01:05,2025-09-05T10:17:05,35888
911,456,phone,ja8laIqosx,2025-10-04T02:14:37,2025-10-04T02:14:37,
912,202,phone,08kC8tH4q2,2025-09-27T03:07:50,2025-09-27T03:43:50,54280
913,672,laptop,DlYasvzE3m,2025-11-15T11:23:21,2025-11-15T11:26:21,
914,18,phone,HIGCqz1n54,2025-08-06T21:17:50,2025-08-06T21:37:50,
915,96,laptop,IbV953sCKP,2025-08-20T06:46:39,2025-08-20T08:41:39,82472
916,273,laptop,GNRtaPW2bP,2025-09-13T02:28:05,2025-09-13T04:10:05,97155
917,573,phone,in3TlQ2khL,2025-07-13T10:15:46,2025-07-13T12:15:46,93214
918,352,laptop,O8KbeM5XwE,2025-11-17T12:45:57,2025-11-17T13:09:57,88240
919,191,laptop,s0lTZZ3Zj9,2025-11-13T02:27:04,2025-11-13T02:59:04,18108
920,460,phone,AKEaKBSXx9,2025-10-06T00:35:21,2025-10-06T00:55:21,
921,709,phone,gEW5pOMN3z,2025-08-03T05:04:41,2025-08-03T07:02:41,
922,214,laptop,Szb0uxBdDc,2025-11-12T03:23:58,2025-11-12T04:30:58,
923,829,phone,j2dr4MY8kT,2025-06-29T07:43:28,2025-06-29T09:05:28,
924,700,laptop,8tXkrCsOTg,2025-05-31T05:25:11,2025-05-31T05:46:11,
925,677,laptop,2M87XtTy9p,2025-07-29T04:54:28,2025-07-29T06:02:28,
926,629,laptop,alMp8ir28W,2025-10-21T09:50:42,2025-10-21T11:36:42,
927,45,phone,T1kqFEndAy,2025-06-26T06:06:24,2025-06-26T06:56:24,25014
928,832,laptop,piIpBih6CE,2025-08-15T00:28:11,2025-08-15T01:38:11,
929,25,phone,vaDZ4Gik2J,2025-11-18T00:01:02,2025-11-18T00:43:02,77281
930,354,laptop,6cRRR1mrZW,2025-08-10T00:05:05,2025-08-10T00:05:05,
931,731,phone,vmOCJ1Vu1a,2025-07-08T04:41:19,2025-07-08T05:51:19,98884
932,646,phone,fMI0te4bpG,2025-09-12T06:16:51,2025-09-12T06:39:51,56437
933,781,phone,T0oll0xIuv,2025-07-26T05:31:23,2025-07-26T07:03:23,
934,932,tablet,eLD0lMxXEa,2025-06-14T03:43:45,2025-06-14T03:52:45,
935,731,laptop,0RTgebRtOS,2025-06-21T17:49:49,2025-06-21T19:22:49,
936,453,phone,ycel0GPUI4,2025-11-01T18:38:25,2025-11-01T18:54:25,
937,786,laptop,60lGXloaQC,2025-10-01T22:37:10,2025-10-02T00:02:10,49681
938,527,tablet,YDKgY51wIB,2025-10-05T17:43:51,2025-10-05T18:32:51,
939,867,phone,V2WpR5UZth,2025-06-26T07:56:46,2025-06-26T09:40:46,
940,196,phone,6VhgdATCHJ,2025-11-06T06:43:59,2025-11-06T08:28:59,96353
941,207,laptop,agjwgyNDdM,2025-08-28T16:09:26,2025-08-28T16:36:26,
942,697,tablet,bEb1iy60rz,2025-07-07T09:40:03,2025-07-07T10:17:03,
943,743,laptop,4jDdfArWV2,2025-09-15T10:57:34,2025-09-15T11:42:34,
944,347,tablet,5D0V0ZQ7sM,2025-08-08T09:32:24,2025-08-08T10:43:24,53772
945,12,laptop,T18ljTlZ4T,2025-09-24T10:22:25,2025-09-24T12:04:25,44746
946,924,laptop,ULyVx8lRwe,2025-08-28T14:57:17,2025-08-28T16:01:17,
947,126,laptop,oL3CbDtYWl,2025-11-01T02:25:18,2025-11-01T03:21:18,38171
948,919,laptop,73snzfu8YO,2025-06-29T14:49:25,2025-06-29T15:19:25,
949,484,phone,GnoYVIUhYV,2025-08-10T13:23:18,2025-08-10T13:51:18,
950,401,phone,QiMbsU3izz,2025-09-18T05:27:37,2025-09-18T07:22:37,
951,701,phone,fj144NYzVI,2025-10-04T01:45:52,2025-10-04T01:52:52,
952,444,laptop,1pNGtybyzb,2025-09-02T11:32:15,2025-09-02T13:18:15,
953,720,tablet,oVaUua5sqf,2025-10-25T08:31:41,2025-10-25T09:50:41,
954,267,laptop,gO77SUEond,2025-10-06T19:27:29,2025-10-06T19:50:29,14056
955,486,phone,UXL3iDbcM0,2025-09-11T23:07:25,2025-09-12T00:26:25,
956,345,tablet,gud23HR6Pu,2025-11-05T07:24:59,2025-11-05T07:45:59,
957,731,laptop,JCdKS48JJ6,2025-08-17T13:51:06,2025-08-17T15:19:06,
958,358,laptop,wck1r7IHjk,2025-06-14T01:25:01,2025-06-14T03:14:01,
959,557,tablet,aEoqxeENCx,2025-08-23T04:54:11,2025-08-23T05:00:11,
960,546,laptop,iiLwlm8mM0,2025-07-09T04:21:36,2025-07-09T05:48:36,
961,915,tablet,tzN2wQPxKE,2025-10-25T08:44:01,2025-10-25T10:15:01,
962,420,tablet,wxVo3IkWHA,2025-09-08T11:26:04,2025-09-08T13:26:04,71251
963,215,tablet,TiNVfpN0VC,2025-09-25T11:24:32,2025-09-25T12:27:32,
964,753,phone,HGiYnylahN,2025-06-05T21:35:58,2025-06-05T23:25:58,
965,894,tablet,uiBaBsyQA0,2025-11-17T06:55:19,2025-11-17T08:27:19,
966,331,laptop,EbsZaa8D6X,2025-10-20T12:56:18,2025-10-20T13:11:18,
967,8,tablet,Re04i3iKGj,2025-10-08T06:55:28,2025-10-08T08:50:28,
968,678,tablet,BJ7G5W2KKJ,2025-10-05T03:25:24,2025-10-05T04:51:24,
969,273,phone,PslK4SrwPU,2025-09-13T22:18:27,2025-09-13T22:18:27,
970,742,laptop,8T51k150yX,2025-08-07T02:24:08,2025-08-07T03:49:08,63669
971,231,laptop,G22wMlOo5c,2025-06-15T13:10:36,2025-06-15T14:50:36,
972,924,phone,zWtfWyGT96,2025-08-11T03:37:40,2025-08-11T03:38:40,8365
973,279,phone,ITsEfsKWh0,2025-08-23T06:24:00,2025-08-23T08:05:00,69078
974,869,laptop,F0tJxrkfg2,2025-06-12T22:20:13,2025-06-12T23:33:13,
975,202,tablet,HwnKWo7G5R,2025-08-07T21:05:44,2025-08-07T22:47:44,
976,850,phone,cIkpwGotRH,2025-09-01T01:21:44,2025-09-01T02:40:44,25180
977,944,phone,70OzNwsFC7,2025-11-20T02:51:19,2025-11-20T03:23:19,56234
978,161,phone,22AGtcx8Yd,2025-10-10T23:53:01,2025-10-11T01:38:01,
979,836,laptop,AUiU95y0Ki,2025-06-09T02:37:54,2025-06-09T03:46:54,37531
980,348,tablet,vT4Pz1hca4,2025-06-27T09:50:40,2025-06-27T10:45:40,90284
981,809,phone,OBRm1CU2sP,2025-07-02T15:32:23,2025-07-02T16:37:23,22871
982,479,laptop,tHN2slGYqW,2025-08-23T05:02:30,2025-08-23T05:35:30,
983,379,tablet,QL9OUk7P6T,2025-10-18T04:54:06,2025-10-18T05:44:06,22826
984,848,phone,D2Gjw0rqnw,2025-08-17T22:27:50,2025-08-17T22:51:50,
985,596,tablet,r3rJPzDZQz,2025-07-24T19:03:11,2025-07-24T21:00:11,
986,83,laptop,uC7Wn4FyCO,2025-09-17T14:40:37,2025-09-17T15:56:37,10657
987,539,tablet,j7YDFpIDCJ,2025-08-30T12:08:01,2025-08-30T12:19:01,
988,834,tablet,huG9J7xJq1,2025-07-30T21:05:35,2025-07-30T22:40:35,
989,188,laptop,41ZhCxaRy9,2025-08-28T22:09:22,2025-08-28T22:42:22,85257
990,916,phone,2hhMo8xmdd,2025-09-20T12:57:37,2025-09-20T13:46:37,28635
991,980,phone,Pd5Gs0c7bR,2025-10-05T09:28:41,2025-10-05T10:13:41,2134
992,114,phone,qzMgLh3kei,2025-07-17T16:05:02,2025-07-17T17:51:02,52920
993,441,tablet,BQEpXNSLgw,2025-07-04T11:22:16,2025-07-04T11:44:16,
994,502,phone,ePebtREPuQ,2025-11-10T21:53:29,2025-11-10T23:27:29,56220
995,352,tablet,9Q4a3ZcYz0,2025-07-21T04:03:32,2025-07-21T05:41:32,
996,847,tablet,5ybgHQYa6T,2025-08-18T11:27:04,2025-08-18T11:33:04,82006
997,941,tablet,bEmNEAB3sD,2025-07-31T22:41:37,2025-07-31T23:37:37,
998,133,phone,VTf3JzoNjO,2025-10-30T13:38:57,2025-10-30T14:56:57,
999,966,phone,rqZjsmwWpX,2025-07-11T13:17:43,2025-07-11T13:48:43,
1000,485,tablet,OlmNuC2xyd,2025-10-11T07:10:43,2025-10-11T07:18:43,15857
1001,967,laptop,tgMsv5MLKm,2025-07-27T10:36:58,2025-07-27T11:39:58,
1002,464,phone,MX1Z77rTHG,2025-08-14T16:32:13,2025-08-14T16:32:13,53143
1003,164,laptop,BTIiCDIfU3,2025-10-05T15:50:37,2025-10-05T17:13:37,82696
1004,716,laptop,JxE3uRjnxY,2025-11-24T17:21:16,2025-11-24T18:21:16,
1005,53,tablet,9WVmxTuW7q,2025-08-03T23:23:23,2025-08-04T00:12:23,4699
1006,265,phone,DoE2KQtgGy,2025-06-16T16:44:49,2025-06-16T18:00:49,
1007,497,phone,inOYebhZkw,2025-11-19T00:53:01,2025-11-19T02:43:01,16055
1008,608,tablet,9wznYBVtvZ,2025-09-24T01:42:08,2025-09-24T02:04:08,
1009,580,laptop,bTSkpWHifE,2025-09-24T05:04:53,2025-09-24T06:20:53,6976
1010,495,tablet,OE73YP8TSF,2025-09-15T15:33:17,2025-09-15T15:42:17,5982
1011,100,tablet,ZuQPxzovGg,2025-10-12T10:09:49,2025-10-12T11:28:49,
1012,701,tablet,WwJj5oarCI,2025-07-31T13:53:21,2025-07-31T14:51:21,
1013,24,phone,lxK8CGjCyH,2025-07-02T01:44:45,2025-07-02T02:42:45,83317
1014,801,tablet,mTMJMTX3YL,2025-08-29T22:29:04,2025-08-30T00:17:04,
1015,877,tablet,hPHvhvWYU2,2025-11-05T21:09:29,2025-11-05T22:43:29,68976
1016,786,phone,gfoaBxb3bW,2025-08-17T01:28:48,2025-08-17T01:44:48,
1017,508,laptop,HhJAH9JAgf,2025-11-23T22:56:46,2025-11-24T00:36:46,
1018,48,phone,eQGupKvLMg,2025-09-11T06:01:48,2025-09-11T07:20:48,
1019,195,phone,a9zoyBoTEZ,2025-10-08T14:51:54,2025-10-08T16:25:54,
1020,474,laptop,CrTcqfPket,2025-09-09T00:02:59,2025-09-09T00:20:59,
1021,81,tablet,aVNRG7ewzq,2025-08-19T17:03:34,2025-08-19T17:25:34,67447
1022,31,laptop,zVzzC0NeF0,2025-07-12T15:06:03,2025-07-12T16:55:03,36533
1023,620,tablet,A7cQNf0cUW,2025-08-28T04:21:25,2025-08-28T04:33:25,
1024,513,tablet,vj9Bdpd6sh,2025-07-02T12:24:59,2025-07-02T12:52:59,
1025,487,laptop,ncVGhtp9n1,2025-08-20T17:30:11,2025-08-20T18:16:11,90082
1026,356,tablet,HjWKBoiIPL,2025-09-01T12:48:26,2025-09-01T13:44:26,
1027,31,tablet,MJ8Njmxb9O,2025-07-04T00:58:14,2025-07-04T01:44:14,
1028,949,phone,Obib25v7Va,2025-11-08T14:10:38,2025-11-08T14:14:38,
1029,11,laptop,Q3EREAobKk,2025-10-19T22:54:58,2025-10-20T00:06:58,
1030,717,laptop,UlhLf5kxIm,2025-10-29T20:23:42,2025-10-29T21:56:42,
1031,952,phone,VjdAsX2WQv,2025-08-05T01:09:06,2025-08-05T02:46:06,
1032,740,phone,ipEBHgT6QD,2025-07-11T06:16:04,2025-07-11T07:54:04,98847
1033,778,phone,Hei0h1JwXu,2025-06-14T00:27:41,2025-06-14T02:10:41,31316
1034,375,laptop,NoHqTjq05a,2025-08-07T11:31:25,2025-08-07T12:29:25,
1035,761,laptop,mnqogwY9Dz,2025-09-25T18:07:19,2025-09-25T18:46:19,
1036,248,laptop,UzM58jWnY8,2025-08-26T02:10:51,2025-08-26T03:03:51,
1037,471,tablet,JEZJWmWA6s,2025-10-14T11:04:31,2025-10-14T11:27:31,81981
1038,590,phone,excvhsRuPp,2025-10-29T04:41:25,2025-10-29T05:29:25,69929
1039,165,phone,wNYahS1QPk,2025-11-10T07:28:36,2025-11-10T08:48:36,
1040,24,tablet,zboijVuahy,2025-09-26T21:30:03,2025-09-26T22:46:03,
1041,598,laptop,pxtLdWe1yZ,2025-11-16T23:29:45,2025-11-17T01:23:45,
1042,733,laptop,ptCwtqX8Va,2025-07-13T02:21:30,2025-07-13T04:12:30,
1043,203,laptop,05JNvDW7Uc,2025-11-05T23:53:08,2025-11-06T00:37:08,
1044,784,laptop,Q5WaBy79le,2025-11-20T18:52:50,2025-11-20T19:58:50,
1045,410,phone,xymtjD7AIO,2025-06-27T15:25:12,2025-06-27T17:23:12,75196
1046,57,phone,3JuWWx1oDM,2025-11-14T22:37:50,2025-11-14T23:35:50,
1047,619,laptop,y3TqBTBvCN,2025-06-25T10:20:31,2025-06-25T11:36:31,84952
1048,77,tablet,gGtRYG9RlA,2025-11-13T08:18:21,2025-11-13T09:26:21,
1049,503,phone,r79krSK9kN,2025-11-03T21:33:16,2025-11-03T22:12:16,83638
1050,979,laptop,2x2JcrYrV0,2025-10-15T23:43:28,2025-10-16T01:18:28,70790
1051,588,laptop,Q25BXRkQ3s,2025-11-05T10:48:28,2025-11-05T11:53:28,
1052,140,laptop,Vr7BYw3CrQ,2025-08-20T23:08:56,2025-08-20T23:49:56,
1053,127,laptop,OGyiNXdsKX,2025-09-01T02:52:03,2025-09-01T04:01:03,
1054,702,tablet,Q0SBdVmsCR,2025-09-07T05:35:23,2025-09-07T07:09:23,
1055,884,phone,hBNFZTD6AN,2025-11-09T18:11:40,2025-11-09T19:58:40,
1056,715,tablet,PvzCBA3oRk,2025-11-22T15:00:03,2025-11-22T16:44:03,26263
1057,203,tablet,fXkyhI2jmC,2025-06-18T23:21:58,2025-06-18T23:53:58,
1058,880,laptop,3x6J5taVD3,2025-11-13T12:21:00,2025-11-13T12:32:00,20869
1059,486,tablet,pbPrcqYqoo,2025-09-12T22:58:30,2025-09-12T22:58:30,39617
1060,170,laptop,QptOtrD3f5,2025-06-15T21:53:07,2025-06-15T23:40:07,
1061,986,tablet,ofaZ3rV0rA,2025-06-24T11:53:37,2025-06-24T12:06:37,
1062,801,laptop,sNAPitcNW0,2025-07-03T23:28:57,2025-07-04T00:31:57,
1063,447,laptop,DG0w50C4UJ,2025-08-17T04:01:11,2025-08-17T04:41:11,
1064,504,phone,WinmM962Ve,2025-11-21T01:13:27,2025-11-21T02:28:27,
1065,81,tablet,9k55TxH1wh,2025-08-15T10:06:53,2025-08-15T11:23:53,24653
1066,624,phone,NK9SlyKt3a,2025-10-28T04:47:06,2025-10-28T05:54:06,6305
1067,559,laptop,p7m80vZ6lf,2025-06-06T15:03:14,2025-06-06T16:21:14,60577
1068,123,phone,adn4F9krkZ,2025-11-15T21:02:48,2025-11-15T22:20:48,
1069,518,tablet,NRSYux7JwJ,2025-09-08T12:02:06,2025-09-08T12:30:06,
1070,870,laptop,wsDU8eKlhQ,2025-09-01T08:52:31,2025-09-01T09:03:31,
1071,349,phone,YBdV5MqSxB,2025-07-12T23:09:31,2025-07-12T23:53:31,27541
1072,222,tablet,YxJRJuU621,2025-09-26T05:40:18,2025-09-26T06:51:18,
1073,563,laptop,oxT5CMDvvy,2025-08-01T08:24:29,2025-08-01T09:55:29,90062
1074,384,tablet,baFZ5RNAH3,2025-07-16T11:23:47,2025-07-16T13:16:47,
1075,462,laptop,TRBWVvh6sn,2025-07-04T19:07:02,2025-07-04T20:10:02,31881
1076,483,phone,89eu3yTnP1,2025-10-15T19:33:40,2025-10-15T19:49:40,
1077,539,laptop,oj6r1Rta1q,2025-09-23T10:16:22,2025-09-23T11:46:22,
1078,270,laptop,cVHetBBHRy,2025-08-31T06:32:51,2025-08-31T07:24:51,
1079,274,phone,yHJZXw6SDV,2025-11-22T05:37:52,2025-11-22T07:05:52,
1080,91,laptop,rhvWAcCKTE,2025-09-01T00:45:03,2025-09-01T02:40:03,
1081,325,phone,8a8Cahz0lx,2025-07-25T14:36:42,2025-07-25T15:53:42,46264
1082,885,laptop,8X5bYjotyY,2025-11-23T00:01:44,2025-11-23T00:07:44,
1083,838,tablet,uSFH0DiZYN,2025-06-07T05:37:51,2025-06-07T06:07:51,22921
1084,707,phone,scj7y9QuFd,2025-06-18T16:17:57,2025-06-18T16:32:57,
1085,179,tablet,eY0yLQID22,2025-06-16T00:08:54,2025-06-16T01:46:54,
1086,311,phone,oEPYl8GoL5,2025-08-29T02:13:20,2025-08-29T04:06:20,59274
1087,167,laptop,4bIRGSfCB2,2025-10-01T16:57:31,2025-10-01T17:53:31,
1088,564,laptop,l4xaRDcUWU,2025-06-29T04:11:51,2025-06-29T05:10:51,
1089,147,laptop,lj0UhmLSJL,2025-09-21T06:42:57,2025-09-21T07:46:57,25044
1090,585,phone,9GY35VjIF2,2025-07-06T01:03:46,2025-07-06T01:35:46,
1091,864,phone,UsCWSVFX6G,2025-06-06T11:44:44,2025-06-06T13:42:44,
1092,886,phone,GiRci2rshW,2025-09-24T12:17:15,2025-09-24T12:18:15,
1093,565,phone,p7XcjK9eEU,2025-07-12T19:30:55,2025-07-12T20:08:55,
1094,492,phone,Z4rRIWqESc,2025-09-16T08:40:47,2025-09-16T08:44:47,82885
1095,678,tablet,smdZ6LcG3M,2025-11-01T21:21:48,2025-11-01T22:58:48,
1096,667,laptop,xVrI9NtxHY,2025-11-17T23:24:56,2025-11-18T00:14:56,
1097,675,laptop,XnwNI7YsUY,2025-05-30T16:58:22,2025-05-30T16:59:22,
1098,955,tablet,LH6FeXsUdt,2025-08-26T19:11:36,2025-08-26T20:54:36,
1099,258,laptop,vdPNoZYl37,2025-09-17T16:05:30,2025-09-17T17:53:30,19252
1100,72,tablet,taWhyFh580,2025-09-01T05:16:45,2025-09-01T06:20:45,58392
1101,586,laptop,I6FhLZMvG8,2025-06-15T03:24:40,2025-06-15T04:26:40,24581
1102,171,phone,gdWrAxXD4O,2025-10-18T22:04:57,2025-10-18T23:44:57,57739
1103,725,laptop,aLkCAaTflD,2025-10-04T22:21:30,2025-10-04T22:57:30,40240
1104,600,laptop,aJRMXEH5Zw,2025-07-17T06:50:02,2025-07-17T08:31:02,
1105,712,phone,tFKnSj1SsX,2025-06-25T15:38:01,2025-06-25T16:10:01,68823
1106,619,laptop,AMC9903iWp,2025-09-06T11:51:24,2025-09-06T13:18:24,
1107,942,tablet,rx9jBXSNXL,2025-07-13T08:06:12,2025-07-13T08:42:12,52996
1108,547,tablet,aV4xm4Wt1p,2025-08-07T02:50:34,2025-08-07T03:26:34,
1109,6,phone,qaKkUT1E3f,2025-09-18T18:45:05,2025-09-18T19:21:05,
1110,29,phone,Zo5mfX3wOR,2025-07-12T12:54:45,2025-07-12T13:56:45,18100
1111,934,tablet,yY5i9OyAvV,2025-07-24T08:20:39,2025-07-24T08:58:39,74267
1112,755,laptop,pivJcSCuHn,2025-10-17T18:52:32,2025-10-17T20:50:32,72385
1113,168,phone,Z6caMkRnJr,2025-09-21T03:51:57,2025-09-21T04:46:57,
1114,204,phone,Jq0M7h2NHM,2025-07-29T18:02:09,2025-07-29T18:54:09,
1115,500,laptop,tvvR3FZpII,2025-09-07T23:25:05,2025-09-08T01:04:05,24363
1116,828,tablet,s54Vg4zvnJ,2025-11-08T20:11:22,2025-11-08T21:02:22,11044
1117,798,laptop,9uDJolLimt,2025-07-11T05:07:28,2025-07-11T06:19:28,
1118,83,laptop,zFf8FJLvzH,2025-11-07T05:35:28,2025-11-07T06:00:28,
1119,968,laptop,CTgjzcaxrf,2025-10-19T10:07:33,2025-10-19T12:07:33,
1120,37,tablet,knt7G0rBBX,2025-07-06T06:59:33,2025-07-06T07:25:33,6128
1121,474,phone,hFvxJXcNJj,2025-08-03T12:40:17,2025-08-03T13:45:17,
1122,874,phone,aeNZaWd9eP,2025-08-05T08:21:13,2025-08-05T08:25:13,
1123,647,laptop,E1xATSQ2d1,2025-06-20T14:09:21,2025-06-20T15:19:21,
1124,286,laptop,90xKIGnlbb,2025-09-25T22:13:45,2025-09-25T23:49:45,21464
1125,411,phone,7lCi8VMvHe,2025-10-31T09:14:21,2025-10-31T10:48:21,
1126,291,phone,NRtA4GJuHW,2025-06-23T13:16:06,2025-06-23T14:15:06,7495
1127,139,tablet,FfWz3duKOQ,2025-10-12T11:35:29,2025-10-12T11:41:29,
1128,680,tablet,Gpq26k6JxM,2025-11-20T01:25:47,2025-11-20T01:45:47,
1129,774,tablet,Qnr3Xe80uR,2025-10-28T07:44:27,2025-10-28T08:50:27,
1130,932,phone,lEWyIxoKY1,2025-09-28T13:23:10,2025-09-28T15:18:10,
1131,117,laptop,NSu6hOT4dg,2025-09-22T06:20:40,2025-09-22T07:07:40,
1132,444,tablet,vDHEiut8Jd,2025-06-27T16:03:48,2025-06-27T16:34:48,
1133,33,phone,ZdoqJuH1Qy,2025-08-02T10:11:40,2025-08-02T11:20:40,
1134,811,tablet,lGABRBZWz8,2025-10-02T09:09:33,2025-10-02T10:52:33,54139
1135,846,tablet,Inia3JZSv2,2025-08-12T23:06:32,2025-08-13T00:36:32,
1136,963,phone,R7troTL19p,2025-10-19T07:19:38,2025-10-19T08:33:38,73988
1137,236,laptop,PsDGyxBwGI,2025-11-01T11:26:56,2025-11-01T11:28:56,
1138,627,phone,7F4IbNVf50,2025-08-31T14:02:33,2025-08-31T15:24:33,
1139,107,tablet,pVzhGsWTRz,2025-10-09T10:55:18,2025-10-09T11:18:18,
1140,768,phone,4YD6Skop2a,2025-07-29T08:23:55,2025-07-29T09:32:55,6783
1141,735,laptop,bGIiKV6Hbb,2025-07-01T06:10:41,2025-07-01T06:14:41,
1142,445,tablet,ak0Rp3dy8v,2025-10-04T12:32:29,2025-10-04T13:12:29,
1143,825,tablet,dFe2R5LyTO,2025-11-01T16:28:43,2025-11-01T16:41:43,
1144,380,tablet,cKtF3jSUCO,2025-07-22T10:48:35,2025-07-22T12:14:35,27644
1145,78,laptop,KND1jF8Dy6,2025-06-17T02:44:30,2025-06-17T04:16:30,
1146,530,tablet,cOCnNmZYhs,2025-06-01T08:04:55,2025-06-01T09:45:55,
1147,669,phone,I1EaFaiqkU,2025-11-17T10:30:46,2025-11-17T11:31:46,
1148,710,phone,2SVh1PrZZK,2025-08-23T14:01:52,2025-08-23T14:30:52,
1149,551,phone,vR9fE4RoO0,2025-10-11T11:59:55,2025-10-11T13:18:55,
1150,629,phone,F7EA6nCHhU,2025-08-31T15:26:49,2025-08-31T17:20:49,
1151,80,tablet,r7XY98q7xf,2025-11-08T20:23:44,2025-11-08T21:55:44,
1152,302,phone,MkbYhqR1lN,2025-07-30T17:43:24,2025-07-30T17:59:24,
1153,476,laptop,DWrvY0A67R,2025-09-13T16:55:27,2025-09-13T17:30:27,
1154,927,phone,fbQ8JXUW5n,2025-09-09T01:48:02,2025-09-09T02:07:02,
1155,309,phone,kVGmtPjmvC,2025-09-05T11:44:24,2025-09-05T11:53:24,
1156,626,tablet,TZAcWyd7DG,2025-07-16T09:57:20,2025-07-16T10:49:20,89204
1157,676,tablet,dFJwylUTRJ,2025-10-23T14:12:49,2025-10-23T14:57:49,
1158,479,phone,hkOLsZA5zp,2025-09-18T22:58:53,2025-09-19T00:42:53,
1159,34,tablet,LgV6MD2TVl,2025-07-01T16:41:04,2025-07-01T18:31:04,
1160,926,tablet,EF0ueF6RF9,2025-09-27T16:49:42,2025-09-27T18:15:42,
1161,995,laptop,NmInTYc4iR,2025-06-17T09:06:07,2025-06-17T09:45:07,72719
1162,176,laptop,4VBou0QvKi,2025-10-26T19:15:59,2025-10-26T19:51:59,
1163,91,phone,C9oObpQQYN,2025-06-09T08:48:13,2025-06-09T10:34:13,23812
1164,702,laptop,j2NCvwRxCD,2025-10-11T10:17:41,2025-10-11T11:14:41,40676
1165,282,tablet,1WQAPzm4tF,2025-07-19T04:54:38,2025-07-19T06:12:38,46490
1166,384,laptop,nGhwYGDi7m,2025-09-07T10:59:08,2025-09-07T11:02:08,
1167,593,phone,skxEHDNtgC,2025-10-30T14:04:01,2025-10-30T15:33:01,58884
1168,152,laptop,VyfelqvGY0,2025-11-01T23:42:05,2025-11-02T01:32:05,
1169,700,tablet,0doMoMf6y2,2025-09-07T21:10:03,2025-09-07T21:43:03,
1170,783,laptop,fb7Mxnscky,2025-08-02T18:58:40,2025-08-02T19:50:40,54812
1171,101,phone,NMJrsIbRBM,2025-08-13T15:48:02,2025-08-13T17:27:02,58920
1172,339,phone,hPi3zLzvyo,2025-08-08T15:19:06,2025-08-08T15:22:06,
1173,222,tablet,sub7L3pAgt,2025-07-25T23:47:32,2025-07-26T01:05:32,
1174,548,tablet,UZWiuuAY8u,2025-06-20T21:38:28,2025-06-20T22:19:28,
1175,457,tablet,muU8cOdZWD,2025-07-14T02:37:44,2025-07-14T02:39:44,
1176,629,tablet,oSo1XrQ0vx,2025-08-07T07:25:32,2025-08-07T08:06:32,18611
1177,278,phone,XCuO0DQVDV,2025-08-13T13:34:34,2025-08-13T13:53:34,
1178,122,phone,Pnj1cdWRnj,2025-07-10T07:47:47,2025-07-10T08:57:47,
1179,873,laptop,ICGtDVal9J,2025-10-18T11:25:31,2025-10-18T12:36:31,
1180,407,laptop,cU2BZpyDpd,2025-11-12T06:21:19,2025-11-12T06:56:19,33311
1181,12,phone,kPXYUn9q0x,2025-07-29T20:46:55,2025-07-29T20:58:55,
1182,71,tablet,AIpMV0yCWf,2025-11-26T04:19:52,2025-11-26T04:51:52,
1183,388,tablet,boXvFU43Im,2025-11-11T17:41:48,2025-11-11T17:46:48,
1184,159,laptop,cmu0c8fSyg,2025-08-04T14:47:44,2025-08-04T15:37:44,
1185,854,tablet,XzUvah4UyY,2025-08-09T22:34:40,2025-08-10T00:31:40,94803
1186,243,laptop,nNvXq51di1,2025-09-20T21:41:05,2025-09-20T22:09:05,34547
1187,77,tablet,5PGCmc6ulK,2025-07-28T18:05:35,2025-07-28T18:33:35,
1188,521,laptop,2XNFdDkzNr,2025-10-07T02:21:48,2025-10-07T03:37:48,
1189,755,phone,r5DXHoUp9i,2025-09-20T19:02:14,2025-09-20T20:34:14,
1190,272,tablet,ackBT4unDO,2025-09-15T23:13:35,2025-09-15T23:42:35,36613
1191,919,tablet,Nf4Axe4ESO,2025-08-01T17:30:35,2025-08-01T17:57:35,
1192,502,laptop,4wT4dBMSei,2025-11-12T22:18:03,2025-11-12T22:26:03,
1193,179,phone,7n4cfNuh7l,2025-08-04T14:29:32,2025-08-04T16:24:32,24832
1194,69,phone,uplgOPSvnx,2025-07-25T02:55:18,2025-07-25T04:09:18,33979
1195,372,tablet,x27b2eg5GE,2025-06-02T20:32:03,2025-06-02T22:03:03,
1196,811,phone,b0Rj5ji26N,2025-07-07T10:50:55,2025-07-07T11:31:55,83098
1197,351,laptop,HrJyjDeICu,2025-08-06T05:20:00,2025-08-06T06:31:00,57561
1198,456,phone,AwDTKphq1y,2025-11-26T06:30:16,2025-11-26T06:50:16,56842
1199,664,phone,1A2TbY3lpQ,2025-06-09T08:03:47,2025-06-09T08:47:47,10848
1200,156,tablet,tpfYnWEeK0,2025-09-17T08:44:16,2025-09-17T09:28:16,
1201,14,laptop,3PdeXmEWrB,2025-07-13T23:20:54,2025-07-14T00:08:54,41713
1202,175,tablet,7nBJYvkWL3,2025-11-24T23:20:50,2025-11-25T00:22:50,
1203,18,tablet,NB1OmBRZKo,2025-09-07T16:51:43,2025-09-07T18:21:43,61696
1204,306,phone,mF41ivFNQc,2025-08-14T20:39:44,2025-08-14T22:04:44,
1205,242,laptop,GTQvCknx3u,2025-08-28T03:17:32,2025-08-28T04:50:32,
1206,920,tablet,sE2JTbt0QD,2025-10-18T07:13:08,2025-10-18T09:07:08,56373
1207,155,tablet,bbaP1c0DfF,2025-10-20T09:14:17,2025-10-20T10:42:17,23043
1208,55,laptop,Resmrmz9KK,2025-07-19T05:32:58,2025-07-19T06:09:58,
1209,832,laptop,pr3g0vBMnf,2025-09-30T13:32:41,2025-09-30T14:43:41,48060
1210,459,laptop,ZFhzKTUDub,2025-07-01T11:50:50,2025-07-01T12:33:50,91518
1211,956,tablet,Ek7Daft2Bk,2025-11-05T00:13:44,2025-11-05T00:30:44,
1212,315,phone,d8DSkYdTsF,2025-07-11T06:02:06,2025-07-11T07:43:06,82010
1213,382,tablet,s63zVEno95,2025-05-31T03:30:31,2025-05-31T04:08:31,
1214,931,tablet,B2atJL6nEV,2025-10-18T08:36:48,2025-10-18T09:06:48,
1215,886,tablet,96T4hicpG2,2025-10-22T02:39:10,2025-10-22T02:53:10,65376
1216,166,tablet,8N2jPXuHcI,2025-06-15T05:47:45,2025-06-15T07:07:45,94537
1217,693,phone,tTSgvpkdCo,2025-06-09T07:10:49,2025-06-09T07:38:49,
1218,608,tablet,9d5vhOqjp8,2025-10-21T04:05:31,2025-10-21T05:20:31,
1219,257,laptop,nOkUa6kHmF,2025-11-18T20:38:09,2025-11-18T21:54:09,
1220,228,tablet,esaRols94M,2025-10-16T01:34:10,2025-10-16T02:35:10,
1221,642,laptop,zBaLpQEjwo,2025-10-27T16:05:15,2025-10-27T17:43:15,
1222,469,phone,32VHQ9B6gp,2025-08-12T18:59:21,2025-08-12T20:28:21,72073
1223,806,tablet,ZBRlKieQep,2025-07-24T12:57:07,2025-07-24T12:58:07,
1224,193,laptop,kcHt94j4hi,2025-06-26T19:38:44,2025-06-26T21:06:44,
1225,839,laptop,tuFtIGCDDW,2025-09-06T06:23:23,2025-09-06T07:50:23,
1226,55,tablet,lJ7JVcNGei,2025-09-01T23:09:05,2025-09-02T00:21:05,
1227,466,tablet,tgdKVaImVW,2025-10-30T20:12:18,2025-10-30T21:26:18,
1228,538,tablet,MVVGZYpJ0d,2025-09-05T03:56:58,2025-09-05T05:22:58,83322
1229,59,laptop,6a2FnnENQa,2025-09-10T22:49:47,2025-09-10T23:33:47,
1230,703,laptop,1HVdjQuygE,2025-11-21T16:25:57,2025-11-21T17:17:57,
1231,19,tablet,SOP95CTuYD,2025-08-12T06:08:02,2025-08-12T06:49:02,
1232,833,tablet,KaqgsPGLtA,2025-08-01T23:38:44,2025-08-02T01:16:44,
1233,479,tablet,Z3CSvFbLNV,2025-11-16T05:03:26,2025-11-16T06:51:26,
1234,286,phone,w17FwNalUG,2025-09-12T20:00:18,2025-09-12T21:22:18,
1235,288,tablet,vRQSHhiHHA,2025-09-27T07:44:24,2025-09-27T09:37:24,
1236,60,laptop,ekrrU4K5KE,2025-10-04T15:43:54,2025-10-04T16:26:54,
1237,140,laptop,lDvlEjW4aB,2025-09-07T17:12:15,2025-09-07T17:16:15,
1238,868,laptop,0NgTj4eKsl,2025-11-07T04:11:50,2025-11-07T05:21:50,30784
1239,775,tablet,99UvRoqOn9,2025-06-11T07:37:34,2025-06-11T08:05:34,29169
1240,326,phone,mw5DaVBxFv,2025-08-30T03:37:35,2025-08-30T04:24:35,79042
1241,740,phone,zyj3ZAyU1E,2025-09-02T00:07:01,2025-09-02T00:20:01,
1242,746,phone,RMZh8fpGkT,2025-09-09T22:50:15,2025-09-09T23:20:15,32394
1243,939,laptop,EH3ShFFt16,2025-09-09T06:48:45,2025-09-09T06:49:45,28320
1244,820,tablet,i431Tslh2J,2025-06-21T22:46:41,2025-06-22T00:32:41,76572
1245,1,laptop,ATRdQuJVmt,2025-07-30T18:09:10,2025-07-30T18:12:10,62832
1246,791,tablet,F3eY9Sw7B4,2025-09-22T19:44:08,2025-09-22T21:44:08,
1247,388,tablet,B9uQb8opqY,2025-07-27T14:03:18,2025-07-27T15:32:18,97637
1248,91,tablet,SEvjO2WOIQ,2025-06-15T06:12:54,2025-06-15T07:17:54,67550
1249,624,tablet,gEcHpNXGWA,2025-10-15T11:21:50,2025-10-15T12:45:50,
1250,822,laptop,76BoE9TLM8,2025-06-24T04:26:54,2025-06-24T05:05:54,95180
1251,230,phone,AeJGZcrlLH,2025-11-03T22:51:29,2025-11-03T23:30:29,5068
1252,929,laptop,P6qmI7PYJJ,2025-10-10T18:34:15,2025-10-10T19:56:15,
1253,457,phone,V0vUO1uVqD,2025-10-16T00:38:46,2025-10-16T02:11:46,
1254,895,laptop,bKMpBkRVZ3,2025-06-23T19:08:54,2025-06-23T19:12:54,8037
1255,33,laptop,dAH7hm6zbP,2025-10-09T16:48:13,2025-10-09T18:43:13,
1256,398,tablet,7LL76yw4ec,2025-10-01T23:03:10,2025-10-01T23:22:10,35340
1257,43,tablet,m5Apj7Yn3z,2025-07-04T13:23:55,2025-07-04T14:06:55,45278
1258,172,laptop,tv9WDSbt1N,2025-11-14T04:23:57,2025-11-14T04:32:57,59598
1259,496,tablet,pCmVmZU9tm,2025-06-13T02:08:56,2025-06-13T03:32:56,
1260,741,tablet,oy6RB4Pu65,2025-07-27T05:28:51,2025-07-27T05:40:51,97429
1261,748,laptop,TdHENImZg5,2025-06-10T01:15:51,2025-06-10T03:01:51,15349
1262,973,phone,GyZDf7LZpN,2025-08-20T10:19:29,2025-08-20T11:12:29,84958
1263,201,laptop,5izmBTGkWX,2025-07-28T01:25:27,2025-07-28T03:23:27,96320
1264,784,phone,32IxOf9DRm,2025-10-28T05:55:23,2025-10-28T06:45:23,
1265,506,laptop,ise7bjQmA1,2025-10-14T07:03:12,2025-10-14T07:37:12,
1266,697,phone,9yCJhry9qG,2025-10-30T21:54:06,2025-10-30T22:57:06,
1267,699,phone,lRq3DOweET,2025-11-22T03:17:41,2025-11-22T04:59:41,
1268,265,laptop,MIyzpTdg9t,2025-07-22T19:23:42,2025-07-22T21:08:42,
1269,87,phone,FkYzqwnOie,2025-11-22T19:37:27,2025-11-22T20:16:27,25081
1270,265,laptop,OvaEl9RX8l,2025-09-19T02:00:47,2025-09-19T03:11:47,
1271,199,phone,ML0dXNNYvp,2025-06-04T02:21:24,2025-06-04T03:29:24,53930
1272,834,tablet,bXXdztSd0e,2025-07-13T11:00:10,2025-07-13T12:53:10,59680
1273,726,phone,BbxTbqbbci,2025-09-09T12:48:01,2025-09-09T12:55:01,
1274,560,laptop,7viz9qK3Yf,2025-07-07T04:18:13,2025-07-07T05:57:13,
1275,304,laptop,WQGBuZ0VYu,2025-08-22T09:30:14,2025-08-22T10:18:14,62529
1276,440,tablet,iAuI3CiPzM,2025-06-06T11:19:13,2025-06-06T12:58:13,
1277,619,laptop,6MkiaMnGw9,2025-09-05T20:54:33,2025-09-05T22:48:33,79346
1278,442,phone,3DwlKFopsG,2025-11-24T16:34:45,2025-11-24T16:51:45,66475
1279,450,laptop,G1gvbX4Kp5,2025-08-22T21:43:35,2025-08-22T22:37:35,
1280,787,tablet,NVXgP7GNEl,2025-10-01T03:17:12,2025-10-01T03:25:12,44647
1281,232,tablet,5OCwsT1qHG,2025-11-27T06:46:46,2025-11-27T07:25:46,
1282,188,phone,Uf8xU4Hiq9,2025-06-08T01:47:27,2025-06-08T03:03:27,
1283,327,laptop,ixh1BdzWBz,2025-09-25T14:10:22,2025-09-25T14:46:22,4891
1284,685,laptop,6vj6qnMzH7,2025-09-24T04:26:01,2025-09-24T05:10:01,97604
1285,598,tablet,0FFvuzoKTi,2025-11-02T06:02:38,2025-11-02T06:48:38,
1286,17,phone,CRYvkix7jA,2025-07-16T01:51:17,2025-07-16T03:11:17,
1287,381,tablet,pR20cNbC9A,2025-06-28T05:59:40,2025-06-28T06:10:40,3858
1288,370,tablet,0RSWytVsM4,2025-10-06T21:32:04,2025-10-06T21:39:04,
1289,978,laptop,2vGaMS6UlS,2025-10-31T21:04:11,2025-10-31T22:51:11,
1290,519,tablet,KIAWUhfDUq,2025-08-26T21:25:03,2025-08-26T22:40:03,36108
1291,16,phone,y6w3sFm0gJ,2025-09-26T21:35:33,2025-09-26T22:49:33,34711
1292,329,phone,QzSNkpTEHp,2025-08-24T01:12:29,2025-08-24T03:02:29,
1293,331,phone,7mzPcVdLLC,2025-11-18T06:06:42,2025-11-18T06:35:42,4627
1294,929,phone,difIDBC2Ii,2025-09-07T16:05:39,2025-09-07T16:49:39,
1295,699,tablet,gvyJfeC2Jx,2025-09-17T14:15:42,2025-09-17T14:47:42,19968
1296,912,tablet,bucE1aF8nc,2025-07-08T19:30:37,2025-07-08T21:06:37,
1297,11,laptop,9W0e9Sh186,2025-09-14T21:19:48,2025-09-14T22:52:48,57032
1298,112,tablet,PImhcghDUC,2025-06-28T02:52:41,2025-06-28T03:54:41,
1299,120,phone,rJrnJzVvVa,2025-06-04T22:40:23,2025-06-05T00:34:23,50982
1300,812,tablet,9tDTkkKNr9,2025-07-28T23:42:04,2025-07-29T00:07:04,
1301,340,tablet,mi4Udi9uF5,2025-07-29T01:36:41,2025-07-29T02:04:41,17151
1302,718,laptop,OPU5btRRtn,2025-11-22T18:02:21,2025-11-22T18:32:21,36651
1303,888,phone,unSPlVGD82,2025-06-20T14:46:39,2025-06-20T16:19:39,
1304,741,tablet,pLrOlanyjl,2025-06-06T04:35:58,2025-06-06T05:36:58,
1305,498,laptop,9LqOFwrT5k,2025-06-09T05:01:39,2025-06-09T06:42:39,31485
1306,334,laptop,58D27YuQC8,2025-06-13T00:44:18,2025-06-13T02:11:18,
1307,418,laptop,i6P7YYpMub,2025-07-12T03:50:56,2025-07-12T04:09:56,14309
1308,319,phone,IpC1pE3UTH,2025-09-04T21:27:48,2025-09-04T22:59:48,
1309,71,laptop,9tleSbbHfz,2025-07-05T11:23:51,2025-07-05T11:52:51,66008
1310,90,phone,8Lq53CcPY1,2025-10-06T12:56:00,2025-10-06T13:12:00,
1311,249,phone,RQ1hFokROL,2025-09-01T07:25:46,2025-09-01T08:00:46,
1312,77,phone,IGTgEZmKcS,2025-10-31T07:24:48,2025-10-31T07:44:48,
1313,601,phone,ETzFYjAKfb,2025-09-04T11:25:11,2025-09-04T12:45:11,
1314,209,laptop,svnhD1FPp6,2025-10-31T10:44:35,2025-10-31T12:32:35,57659
1315,25,phone,SxqKT7TSOJ,2025-06-03T07:10:43,2025-06-03T07:52:43,
1316,149,tablet,vVujzg7sgN,2025-09-05T23:37:14,2025-09-06T00:22:14,97698
1317,213,tablet,aK3TdLqb5Z,2025-08-25T04:42:06,2025-08-25T06:26:06,
1318,557,laptop,ihdHAunY1x,2025-06-08T13:49:08,2025-06-08T15:33:08,83610
1319,203,tablet,TXucP5BJnw,2025-07-23T22:06:14,2025-07-23T22:58:14,81301
1320,211,tablet,oKgOW1qxNf,2025-06-09T19:00:28,2025-06-09T20:44:28,
1321,494,phone,71HP0DwzvN,2025-06-01T13:36:46,2025-06-01T14:25:46,88902
1322,172,tablet,5VXa19tWpf,2025-10-06T06:29:53,2025-10-06T08:29:53,
1323,579,tablet,CcZvYEYS5s,2025-07-28T21:26:59,2025-07-28T22:36:59,
1324,915,laptop,w1TBFH9RkZ,2025-10-28T15:54:59,2025-10-28T16:09:59,
1325,196,laptop,zU8QvJfK8k,2025-09-28T03:28:39,2025-09-28T04:05:39,44946
1326,315,laptop,hA8R34v8L7,2025-08-08T02:13:47,2025-08-08T02:17:47,52745
1327,252,tablet,SQ3a1J8Z8y,2025-06-25T08:45:19,2025-06-25T10:21:19,
1328,289,phone,Q3AvUoNNK3,2025-10-21T06:26:48,2025-10-21T06:47:48,
1329,275,phone,41KgiH7mLK,2025-07-06T16:54:48,2025-07-06T18:15:48,
1330,962,phone,LyBr321sNK,2025-11-16T22:57:31,2025-11-17T00:04:31,
1331,864,laptop,koGPJlqMuq,2025-08-22T16:02:41,2025-08-22T16:19:41,83612
1332,45,phone,fDIsaLpR6y,2025-09-21T02:17:50,2025-09-21T02:48:50,
1333,58,tablet,LRqBmHwZYU,2025-10-10T13:11:19,2025-10-10T14:51:19,
1334,252,laptop,6UUW4tqp4f,2025-09-18T02:02:23,2025-09-18T02:10:23,88336
1335,892,tablet,TURLj4Jg9s,2025-10-23T01:21:44,2025-10-23T02:40:44,29930
1336,216,tablet,2rAs6hlQC1,2025-11-17T18:06:23,2025-11-17T18:36:23,
1337,146,laptop,MIwW0o1k8U,2025-08-25T01:06:05,2025-08-25T01:48:05,
1338,803,tablet,ukNOdAYLTj,2025-10-17T22:57:11,2025-10-18T00:04:11,
1339,941,laptop,56EOW77rqU,2025-09-16T17:16:33,2025-09-16T19:00:33,34551
1340,286,laptop,RyHu05qHWx,2025-07-27T15:59:10,2025-07-27T16:30:10,
1341,926,laptop,6y6wTk6NPt,2025-08-08T13:16:36,2025-08-08T15:07:36,
1342,547,tablet,3KALYrxvvm,2025-11-22T09:17:15,2025-11-22T09:41:15,63785
1343,284,phone,xJQeu3itSd,2025-07-24T02:39:54,2025-07-24T03:50:54,78323
1344,529,phone,HG5twz3uW7,2025-08-24T05:14:53,2025-08-24T07:07:53,53759
1345,109,phone,aE1CR6JUXQ,2025-10-05T06:54:19,2025-10-05T06:58:19,97315
1346,135,tablet,UAs3PD5nHY,2025-10-15T14:34:49,2025-10-15T16:11:49,
1347,331,tablet,0FOs2g25yW,2025-06-18T20:40:16,2025-06-18T20:49:16,
1348,628,tablet,Em7Ck1xpWv,2025-10-16T19:10:45,2025-10-16T20:13:45,
1349,327,laptop,1EeRMTqmR7,2025-09-12T08:52:15,2025-09-12T10:43:15,97843
1350,395,laptop,0hSPsMlQtK,2025-11-18T00:43:41,2025-11-18T02:37:41,
1351,403,phone,RQIak5EFIe,2025-07-02T05:13:16,2025-07-02T05:43:16,2897
1352,714,laptop,AoWrbGW7Lx,2025-11-06T23:50:07,2025-11-07T00:12:07,28086
1353,328,phone,S2G3MdStS2,2025-10-16T08:33:42,2025-10-16T10:29:42,
1354,812,phone,pciTp0SdZI,2025-09-04T01:18:30,2025-09-04T02:38:30,
1355,558,laptop,aGm9Nhh6NK,2025-06-17T22:13:44,2025-06-17T22:37:44,30825
1356,591,phone,3eykZfpcda,2025-08-14T12:51:31,2025-08-14T14:04:31,
1357,99,laptop,IZZ5eUo0fS,2025-07-26T22:52:21,2025-07-26T23:38:21,47991
1358,718,tablet,3S0Kx2NL5z,2025-06-13T00:07:19,2025-06-13T01:36:19,44814
1359,632,laptop,drLdg2q9p2,2025-08-13T12:50:39,2025-08-13T13:22:39,
1360,198,laptop,vX99jEraKb,2025-11-18T07:48:46,2025-11-18T08:49:46,
1361,603,tablet,pN5TyMyUYZ,2025-07-27T17:56:34,2025-07-27T18:28:34,
1362,282,tablet,mY83UAwQpY,2025-09-04T05:10:58,2025-09-04T06:41:58,
1363,953,phone,TZWbZktaeP,2025-07-13T04:31:52,2025-07-13T05:42:52,3863
1364,997,laptop,Ijffl4SyqX,2025-07-04T18:37:01,2025-07-04T19:15:01,
1365,710,laptop,xK9zxIDG6i,2025-07-09T23:06:42,2025-07-10T00:50:42,1604
1366,475,laptop,V29u8oawIo,2025-07-20T08:08:10,2025-07-20T09:12:10,
1367,453,phone,pJ20whCS6J,2025-06-16T10:12:14,2025-06-16T11:46:14,
1368,518,laptop,FipaqhTfIE,2025-05-31T17:30:49,2025-05-31T18:03:49,
1369,32,laptop,o1muiBlNTW,2025-07-30T08:05:33,2025-07-30T09:11:33,
1370,262,phone,qu790QrUA6,2025-06-23T08:50:22,2025-06-23T08:59:22,52752
1371,645,phone,Hm0bzxNFTg,2025-08-26T04:31:51,2025-08-26T05:50:51,75611
1372,418,phone,SMbOz5NEK1,2025-10-15T17:43:04,2025-10-15T19:36:04,
1373,671,phone,Z5vxmW2G3X,2025-09-26T04:45:26,2025-09-26T06:37:26,
1374,110,tablet,bOOdiTiNBx,2025-10-31T10:12:07,2025-10-31T10:52:07,
1375,428,tablet,0I7RT5RrZ1,2025-07-29T10:20:58,2025-07-29T11:25:58,88465
1376,891,laptop,kN7LpcRYFr,2025-06-13T17:19:30,2025-06-13T18:56:30,82205
1377,522,phone,5cMSJieYx6,2025-07-18T17:16:17,2025-07-18T17:19:17,
1378,946,phone,cNz3aF8Xj1,2025-07-08T13:35:08,2025-07-08T15:27:08,
1379,202,laptop,YxL0XjxhT6,2025-09-01T11:54:03,2025-09-01T12:27:03,
1380,190,tablet,waDV90KWHy,2025-09-05T21:10:51,2025-09-05T21:27:51,
1381,60,tablet,xh3rWK68AS,2025-10-24T03:16:33,2025-10-24T03:48:33,20685
1382,678,tablet,06HwcmzYUd,2025-11-06T13:26:50,2025-11-06T15:01:50,
1383,177,phone,3Ca0zroruU,2025-05-31T09:25:16,2025-05-31T10:15:16,95334
1384,20,laptop,I6YWFY1Chw,2025-11-10T19:02:00,2025-11-10T19:31:00,
1385,561,phone,g0Ijrrylak,2025-08-04T13:35:39,2025-08-04T14:04:39,27740
1386,993,tablet,gEeqYPRw9C,2025-06-19T17:07:21,2025-06-19T18:41:21,37556
1387,314,phone,qQ09CZRpaM,2025-07-15T23:40:30,2025-07-15T23:49:30,
1388,628,phone,34t0kIElvb,2025-06-25T08:07:49,2025-06-25T09:35:49,65470
1389,410,tablet,nZZGUf41jk,2025-08-23T19:03:55,2025-08-23T20:58:55,
1390,912,tablet,hvRaKM8kjU,2025-10-27T20:24:44,2025-10-27T22:22:44,
1391,641,tablet,bBjfEUTakO,2025-08-14T18:10:38,2025-08-14T18:29:38,
1392,659,phone,0beoEv7fEd,2025-11-11T10:06:01,2025-11-11T11:08:01,
1393,301,phone,KZNVByQpVy,2025-08-21T16:43:00,2025-08-21T18:38:00,
1394,762,phone,VfXMXifrIl,2025-11-17T11:17:41,2025-11-17T12:27:41,
1395,662,laptop,xPBxcQPT6A,2025-06-05T08:49:04,2025-06-05T10:10:04,
1396,476,laptop,Rauk1YXHbh,2025-08-17T09:11:56,2025-08-17T10:39:56,
1397,62,laptop,WegAEckvW0,2025-07-15T17:58:29,2025-07-15T19:57:29,
1398,174,laptop,hf4xHkPiBl,2025-11-14T07:47:54,2025-11-14T08:07:54,
1399,217,tablet,0bkoC5Nnqg,2025-08-27T12:02:00,2025-08-27T12:48:00,
1400,225,tablet,VvX5g1a6Ee,2025-10-06T19:32:16,2025-10-06T20:42:16,
1401,544,phone,YItg2GJopo,2025-10-31T07:48:06,2025-10-31T08:50:06,67458
1402,100,laptop,DZQQ3nudHP,2025-07-22T11:22:10,2025-07-22T13:03:10,37870
1403,816,laptop,RaQv81Va3s,2025-11-13T09:12:51,2025-11-13T09:17:51,
1404,666,phone,34JyyTrOrd,2025-08-20T07:00:15,2025-08-20T07:24:15,70443
1405,905,phone,xJ8zco1pnH,2025-11-13T09:28:24,2025-11-13T10:49:24,
1406,132,phone,wGpFOn99Yc,2025-08-27T09:08:43,2025-08-27T10:40:43,
1407,195,laptop,PsLBYVpaaB,2025-10-20T21:02:58,2025-10-20T22:38:58,14212
1408,936,tablet,kS6FpbJqv7,2025-08-31T12:23:52,2025-08-31T12:57:52,37131
1409,746,laptop,zogxyCaVHu,2025-07-03T15:02:38,2025-07-03T15:54:38,
1410,923,laptop,IpwlUdQeZA,2025-07-25T10:19:08,2025-07-25T12:09:08,
1411,918,laptop,CajygXhuVu,2025-10-07T23:29:46,2025-10-08T00:01:46,51887
1412,226,laptop,k8D61bQrhc,2025-08-22T22:42:15,2025-08-22T23:25:15,57779
1413,728,laptop,EkPi5VVOMD,2025-10-01T11:00:47,2025-10-01T11:12:47,2624
1414,421,tablet,QSSelTVf3P,2025-07-26T04:54:23,2025-07-26T06:04:23,46889
1415,133,phone,tlwIb9hFHl,2025-06-18T14:41:44,2025-06-18T15:10:44,
1416,465,tablet,tTHzFGWbaW,2025-07-23T07:03:42,2025-07-23T08:29:42,99548
1417,766,tablet,nFapHZItXk,2025-07-09T14:51:35,2025-07-09T15:25:35,
1418,203,tablet,2ZLAyr9eU9,2025-06-05T00:21:16,2025-06-05T02:07:16,58932
1419,731,tablet,UhHk0KtVuM,2025-06-14T14:36:13,2025-06-14T14:47:13,
1420,508,laptop,GuLDBZRlFr,2025-10-22T01:24:49,2025-10-22T02:24:49,
1421,285,tablet,JEnIYIU9gM,2025-09-01T17:56:47,2025-09-01T18:10:47,
1422,831,tablet,tDbvP5QRpf,2025-06-15T06:13:57,2025-06-15T07:02:57,
1423,55,phone,7qJRNagZ6T,2025-06-30T16:27:00,2025-06-30T16:50:00,55991
1424,407,tablet,dyMTK5JbW9,2025-08-08T00:04:20,2025-08-08T01:16:20,
1425,745,laptop,m5ywXWsm2d,2025-10-19T19:49:34,2025-10-19T21:25:34,
1426,22,tablet,oCVcWsyGSH,2025-11-03T02:13:40,2025-11-03T03:42:40,
1427,215,tablet,ZWV4zKtVJ0,2025-11-11T10:20:42,2025-11-11T10:40:42,34372
1428,680,tablet,P3G5LqGDZQ,2025-07-16T09:03:58,2025-07-16T10:45:58,
1429,402,laptop,N4CrK2tEAB,2025-06-07T08:31:24,2025-06-07T09:21:24,
1430,275,tablet,MWLOPs8jRH,2025-09-20T21:46:31,2025-09-20T22:46:31,
1431,906,laptop,brxkIWHSUs,2025-09-02T22:26:48,2025-09-03T00:23:48,59373
1432,406,tablet,PMkUhSkkCO,2025-08-07T22:38:59,2025-08-07T23:06:59,
1433,514,phone,gFOcMlHC36,2025-09-18T17:52:50,2025-09-18T19:26:50,79710
1434,735,tablet,PZ3juLOFus,2025-06-30T03:56:06,2025-06-30T05:01:06,83627
1435,539,laptop,4ro9yA2O3c,2025-10-29T14:52:32,2025-10-29T15:03:32,5743
1436,414,tablet,alGuWrkiRo,2025-07-17T23:27:06,2025-07-17T23:47:06,52299
1437,675,laptop,6s7hckNBsK,2025-11-22T07:56:10,2025-11-22T09:37:10,
1438,322,tablet,qbtspYvQ5U,2025-07-03T05:54:13,2025-07-03T06:47:13,
1439,42,laptop,8aAQgNQCTP,2025-11-22T08:19:23,2025-11-22T10:01:23,42355
1440,562,tablet,Kso5p5RvRz,2025-11-04T18:39:14,2025-11-04T19:17:14,21257
1441,287,tablet,haPaHYO24o,2025-10-04T03:55:41,2025-10-04T04:46:41,
1442,183,tablet,jktSD1fxTG,2025-07-22T00:41:17,2025-07-22T01:36:17,
1443,371,tablet,Uxblsilx5l,2025-11-27T04:39:35,2025-11-27T05:42:35,
1444,679,laptop,3XgJRqSPSI,2025-06-13T01:22:09,2025-06-13T02:11:09,
1445,17,tablet,7dZh4LsVgG,2025-10-28T08:19:21,2025-10-28T10:19:21,69363
1446,402,phone,a5Ygl2E6W3,2025-11-16T07:42:27,2025-11-16T09:01:27,
1447,251,laptop,pZRwu92FXV,2025-10-12T10:46:09,2025-10-12T12:05:09,
1448,433,phone,HoUADCtHDn,2025-11-26T03:37:45,2025-11-26T04:39:45,74877
1449,884,tablet,zF4jJPtA3u,2025-06-02T13:01:11,2025-06-02T14:12:11,
1450,753,tablet,RmxhF1la48,2025-09-17T18:38:56,2025-09-17T19:15:56,
1451,950,phone,q9vRXEy3Er,2025-09-09T20:47:26,2025-09-09T22:08:26,99181
1452,734,laptop,R6sCUUk6Ej,2025-08-17T10:31:00,2025-08-17T12:04:00,61832
1453,73,laptop,gLBS0q7IYn,2025-09-08T05:14:40,2025-09-08T05:21:40,17240
1454,152,laptop,F3LIogO4bw,2025-09-18T04:45:44,2025-09-18T06:14:44,74408
1455,209,tablet,GuzDy6t1nt,2025-07-08T15:21:47,2025-07-08T15:44:47,
1456,234,laptop,lH1vm7x9le,2025-08-07T02:52:13,2025-08-07T04:50:13,
1457,648,phone,inmiZK6m8b,2025-09-18T21:17:08,2025-09-18T21:59:08,
1458,907,laptop,ny1ZPCmtje,2025-06-15T18:48:53,2025-06-15T19:36:53,52281
1459,605,tablet,oWKk0xWgIz,2025-09-21T03:48:22,2025-09-21T04:35:22,90718
1460,672,laptop,6tiinntU84,2025-09-24T05:17:07,2025-09-24T06:32:07,37514
1461,677,phone,VfeiBaK2qy,2025-06-18T08:53:36,2025-06-18T09:05:36,
1462,382,laptop,n4lBIzNnzG,2025-07-16T21:44:12,2025-07-16T22:21:12,
1463,499,laptop,LqqEJOeI9c,2025-11-22T21:45:32,2025-11-22T23:19:32,
1464,616,laptop,WwR4eaQGzz,2025-06-14T03:19:45,2025-06-14T04:24:45,
1465,215,laptop,zIxio2X65H,2025-07-09T11:29:16,2025-07-09T11:37:16,11865
1466,471,tablet,0jyU7E1UBN,2025-11-07T02:51:26,2025-11-07T04:30:26,9994
1467,353,tablet,k76oSomzXJ,2025-08-11T06:04:41,2025-08-11T06:22:41,67512
1468,914,tablet,L1qPT9sezp,2025-10-24T12:31:57,2025-10-24T13:50:57,61871
1469,420,laptop,Zx9HdXfW81,2025-06-28T07:50:02,2025-06-28T08:22:02,
1470,930,phone,GIJx6ouAlh,2025-07-26T08:16:50,2025-07-26T09:11:50,4947
1471,539,phone,fQlnmNxu66,2025-09-21T22:12:07,2025-09-21T22:31:07,
1472,910,laptop,tliHwfB63A,2025-09-07T03:12:13,2025-09-07T04:44:13,54781
1473,62,phone,CStzhIQF12,2025-11-24T12:35:50,2025-11-24T13:16:50,
1474,750,tablet,5fG30s8OiV,2025-11-24T11:57:36,2025-11-24T13:42:36,
1475,808,tablet,ZyD7VpTFZV,2025-06-09T18:58:32,2025-06-09T19:27:32,31328
1476,810,tablet,ZDwCLiiMCf,2025-10-28T02:27:13,2025-10-28T03:32:13,27040
1477,334,tablet,kxVGU6dsQS,2025-07-26T20:16:51,2025-07-26T20:55:51,47282
1478,595,tablet,tdupUlsCb9,2025-08-14T05:19:58,2025-08-14T06:11:58,
1479,982,tablet,JxUlqAumEi,2025-11-13T15:06:39,2025-11-13T16:07:39,
1480,759,phone,APtucrUZ2f,2025-07-12T16:12:51,2025-07-12T18:11:51,80369
1481,621,phone,HLWnkFRAq5,2025-07-25T06:56:25,2025-07-25T08:05:25,
1482,913,tablet,Dqnsx7vCc3,2025-06-05T11:14:15,2025-06-05T12:59:15,
1483,10,phone,D3T6HRQ8OT,2025-10-25T01:58:33,2025-10-25T03:42:33,
1484,275,tablet,0twE589OZI,2025-10-07T01:36:22,2025-10-07T03:25:22,
1485,611,laptop,1pENi0iZ5c,2025-07-07T01:51:05,2025-07-07T02:48:05,
1486,80,tablet,84C6nSkXdo,2025-07-03T11:47:10,2025-07-03T13:47:10,7132
1487,349,tablet,yfOClhM1eL,2025-11-26T22:05:13,2025-11-26T23:44:13,
1488,202,laptop,riuJJsnPhD,2025-06-27T16:03:22,2025-06-27T16:48:22,
1489,196,tablet,0aiyXfM9sw,2025-11-09T10:39:55,2025-11-09T11:42:55,
1490,371,phone,ybQ7zNCGSl,2025-09-28T03:15:11,2025-09-28T03:35:11,
1491,449,tablet,cj98csxn2R,2025-11-01T05:02:58,2025-11-01T06:03:58,
1492,967,laptop,DHDnWz6YJI,2025-06-06T16:50:37,2025-06-06T17:47:37,19691
1493,188,phone,pFs7Y2DIHq,2025-06-27T10:00:51,2025-06-27T10:58:51,54539
1494,758,laptop,OmYyhIOjG9,2025-08-25T00:49:56,2025-08-25T02:29:56,
1495,168,laptop,AGSXJlCCAh,2025-08-26T02:34:29,2025-08-26T02:45:29,
1496,342,tablet,arK6lNhPnj,2025-09-12T13:32:39,2025-09-12T14:28:39,27668
1497,576,phone,JvE4wz1u4H,2025-09-13T03:46:14,2025-09-13T04:52:14,
1498,300,laptop,FQFPPesSGe,2025-09-19T20:59:29,2025-09-19T22:56:29,59418
1499,904,tablet,lOfKyYgP9v,2025-07-12T16:02:39,2025-07-12T17:46:39,
1500,520,laptop,Eif7BMcDrb,2025-08-24T09:32:41,2025-08-24T09:35:41,
1501,246,phone,NncjC0LNUD,2025-09-25T00:28:11,2025-09-25T00:55:11,70214
1502,909,phone,lAAQkNo4nE,2025-11-02T03:30:32,2025-11-02T03:54:32,
1503,169,phone,YYBR83vdMW,2025-09-22T06:56:36,2025-09-22T08:17:36,
1504,890,tablet,6PHGz1OPvc,2025-11-27T06:36:00,2025-11-27T08:11:00,7458
1505,718,phone,4fT1AKu7Dj,2025-10-28T19:48:01,2025-10-28T20:03:01,87804
1506,303,phone,zMvxgeotT1,2025-09-30T18:06:03,2025-09-30T19:18:03,
1507,499,laptop,54eQAsov9L,2025-11-14T20:07:22,2025-11-14T21:08:22,216
1508,828,tablet,lN0zUJbRBR,2025-10-02T12:04:04,2025-10-02T12:27:04,
1509,481,phone,OvqQcyp7sB,2025-10-12T10:45:51,2025-10-12T12:30:51,
1510,3,tablet,rSKZsceNsD,2025-06-09T13:57:47,2025-06-09T14:00:47,55434
1511,439,phone,9ihvbYMo2m,2025-05-31T23:04:45,2025-05-31T23:35:45,37736
1512,252,phone,xYbdFGom6U,2025-11-04T22:11:53,2025-11-04T22:40:53,
1513,239,phone,I5s4W2BKzG,2025-09-23T01:21:56,2025-09-23T02:37:56,88585
1514,838,laptop,yL3m7EMJCq,2025-09-01T03:09:32,2025-09-01T04:09:32,
1515,754,phone,R032HeH57u,2025-06-25T13:34:11,2025-06-25T13:42:11,10044
1516,546,laptop,im3kVjpLgu,2025-06-03T16:01:51,2025-06-03T16:04:51,35938
1517,781,laptop,u2yhhi8Unc,2025-06-14T21:26:03,2025-06-14T21:27:03,651
1518,238,tablet,Rz58AM5xAi,2025-07-19T01:26:21,2025-07-19T01:41:21,
1519,607,laptop,RCuqltufwr,2025-11-27T04:08:24,2025-11-27T04:42:24,
1520,925,tablet,UvkziKZwbH,2025-06-06T08:53:58,2025-06-06T09:40:58,
1521,840,phone,T5dPtgmCQL,2025-08-06T13:50:09,2025-08-06T13:52:09,21243
1522,857,laptop,e0KfwTUlQg,2025-09-15T19:50:30,2025-09-15T20:53:30,
1523,261,phone,akiEo1FlSK,2025-10-08T09:24:10,2025-10-08T10:00:10,42657
1524,340,laptop,yuYWvCVmTH,2025-08-15T14:23:28,2025-08-15T15:06:28,
1525,756,tablet,4IlmoSRE8h,2025-11-01T00:42:33,2025-11-01T02:02:33,
1526,939,laptop,1yJTwijRZs,2025-10-09T22:10:26,2025-10-09T22:45:26,36054
1527,353,laptop,v1ZsfEn3ST,2025-09-10T06:32:22,2025-09-10T08:06:22,
1528,144,laptop,K90yfE5bCD,2025-09-09T17:22:46,2025-09-09T17:30:46,
1529,207,phone,2QJtOPBY6o,2025-09-27T13:56:26,2025-09-27T15:34:26,
1530,30,laptop,PK6OhtcLuu,2025-11-11T04:40:13,2025-11-11T05:32:13,
1531,744,laptop,fhDBAtIKiU,2025-10-31T14:58:42,2025-10-31T16:49:42,
1532,483,tablet,ksG53D6ipb,2025-08-29T07:33:32,2025-08-29T07:42:32,11766
1533,170,laptop,vodL2byPan,2025-11-23T09:59:40,2025-11-23T10:08:40,37561
1534,968,phone,YTOB7tNGo8,2025-09-17T11:42:32,2025-09-17T12:28:32,
1535,955,laptop,1gNXJzfYUm,2025-09-25T03:30:00,2025-09-25T05:00:00,
1536,808,tablet,q2spDcSlyJ,2025-06-16T00:56:43,2025-06-16T01:47:43,31970
1537,617,phone,yUG1ch0alZ,2025-08-02T04:13:35,2025-08-02T04:43:35,10803
1538,228,laptop,sRg9gdeNy5,2025-09-29T00:44:52,2025-09-29T01:59:52,18482
1539,577,tablet,K4mWCqBI4f,2025-09-19T00:47:22,2025-09-19T01:01:22,
1540,348,tablet,sl6sMMitW4,2025-08-02T07:30:55,2025-08-02T08:43:55,
1541,908,laptop,OmmXuOtmma,2025-10-24T18:06:52,2025-10-24T18:59:52,
1542,584,phone,OG7MFvSWr9,2025-10-20T21:45:52,2025-10-20T22:17:52,
1543,554,laptop,ciUIjIbD5H,2025-06-23T00:22:52,2025-06-23T02:07:52,
1544,348,tablet,GJlNvYYrdM,2025-11-09T09:21:50,2025-11-09T10:11:50,
1545,438,laptop,YMZz7WLBnu,2025-09-01T04:42:05,2025-09-01T04:55:05,12045
1546,706,laptop,TVNeyt455v,2025-11-02T17:55:18,2025-11-02T18:45:18,
1547,60,laptop,gOjHXsKpEU,2025-07-20T05:52:53,2025-07-20T07:01:53,
1548,378,tablet,UhZ8lw8f9d,2025-11-11T21:55:50,2025-11-11T22:38:50,
1549,255,tablet,exBcr0juvR,2025-10-25T01:56:46,2025-10-25T02:02:46,21708
1550,424,tablet,AzpKINMtUe,2025-10-12T00:11:39,2025-10-12T00:48:39,
1551,303,phone,Zim3u1KND0,2025-07-15T01:22:58,2025-07-15T01:49:58,52926
1552,310,tablet,gLGIXODzuC,2025-11-10T02:55:04,2025-11-10T04:14:04,22647
1553,462,laptop,mPsABSumZi,2025-10-24T13:15:52,2025-10-24T15:12:52,
1554,956,laptop,wsDxZ2dSHp,2025-11-19T00:40:38,2025-11-19T01:20:38,
1555,375,tablet,pd87tBXQkn,2025-08-20T02:37:42,2025-08-20T03:31:42,35461
1556,175,tablet,JPWm8ifS2E,2025-11-09T01:33:58,2025-11-09T03:20:58,14786
1557,791,tablet,RUpLqba09I,2025-10-31T08:34:43,2025-10-31T10:28:43,51284
1558,2,laptop,ePGVdWoglT,2025-09-06T14:09:54,2025-09-06T15:35:54,
1559,122,tablet,yiHVdojL9P,2025-10-11T03:25:15,2025-10-11T04:32:15,59443
1560,413,phone,jsfjKo4ThB,2025-06-02T00:43:31,2025-06-02T02:14:31,11462
1561,578,laptop,ZFXPmT95xd,2025-11-20T13:03:55,2025-11-20T13:11:55,91699
1562,23,laptop,ZpNVcZKOP8,2025-06-25T11:22:36,2025-06-25T13:02:36,64910
1563,327,phone,XAThvi6Mf6,2025-11-22T04:21:34,2025-11-22T04:50:34,
1564,185,tablet,4m3ACQ6ByI,2025-07-06T08:34:47,2025-07-06T08:59:47,
1565,292,laptop,lj3IZStU4i,2025-08-03T07:11:52,2025-08-03T07:37:52,81902
1566,335,tablet,caDA85HaNa,2025-06-06T05:38:17,2025-06-06T07:23:17,15116
1567,627,tablet,00YVlA4WOD,2025-11-05T17:52:09,2025-11-05T18:55:09,40828
1568,33,tablet,Kki8MJ2ghl,2025-06-04T21:59:17,2025-06-04T22:48:17,
1569,229,laptop,Wjwkr44nVZ,2025-09-15T10:21:48,2025-09-15T10:26:48,27517
1570,215,tablet,zziTy83h2T,2025-07-21T07:54:03,2025-07-21T09:36:03,
1571,778,laptop,kQeotRm5RF,2025-06-29T13:09:59,2025-06-29T13:55:59,
1572,562,tablet,rOIh0V5Ahe,2025-10-28T23:42:15,2025-10-29T01:37:15,
1573,442,laptop,CLm3oeVYo0,2025-09-23T16:14:59,2025-09-23T18:07:59,
1574,576,phone,FNnxJeboe9,2025-09-15T23:22:59,2025-09-15T23:42:59,
1575,76,tablet,2tfSiQW7kS,2025-07-27T20:47:23,2025-07-27T21:59:23,
1576,180,phone,3FbVPzYxv8,2025-09-18T23:24:08,2025-09-19T00:21:08,
1577,35,phone,UP1QEG1ooy,2025-07-29T16:46:45,2025-07-29T18:40:45,
1578,937,laptop,ULuzA8FbKR,2025-07-29T06:49:10,2025-07-29T08:24:10,
1579,397,tablet,5E6H05XcPz,2025-11-03T23:25:53,2025-11-03T23:36:53,70420
1580,802,tablet,g5uIm19T0M,2025-10-05T06:20:40,2025-10-05T07:46:40,5705
1581,580,laptop,xoePPsfSM1,2025-07-01T00:56:02,2025-07-01T02:05:02,73625
1582,686,tablet,eRwEACgkwb,2025-10-21T11:25:50,2025-10-21T11:36:50,
1583,601,tablet,BhGCaXGXTt,2025-06-27T12:13:10,2025-06-27T13:12:10,82956
1584,370,phone,PZc81Hj6Af,2025-07-11T05:55:31,2025-07-11T07:12:31,
1585,281,laptop,7zhFGCbxHA,2025-11-06T06:58:13,2025-11-06T08:29:13,
1586,564,phone,bZ5sz7EQyU,2025-07-31T02:05:26,2025-07-31T02:49:26,5957
1587,354,laptop,KUmMQ9TVgB,2025-06-03T13:52:59,2025-06-03T15:29:59,2634
1588,459,phone,hcwBXK0ha7,2025-08-31T11:34:29,2025-08-31T12:44:29,58571
1589,620,tablet,GgayU9akhl,2025-09-19T20:51:10,2025-09-19T21:34:10,
1590,138,tablet,xRynSNWHGl,2025-11-11T06:11:23,2025-11-11T07:51:23,41768
1591,78,phone,6nh78OG9FG,2025-07-25T19:47:37,2025-07-25T21:37:37,
1592,11,phone,LxHq9RGeYa,2025-08-24T03:29:50,2025-08-24T05:01:50,
1593,930,laptop,JvP4VrQ1EZ,2025-10-21T22:47:52,2025-10-21T23:49:52,33677
1594,266,phone,FoCbCaxk5a,2025-07-29T14:09:05,2025-07-29T15:43:05,
1595,534,tablet,08KRRCBSA2,2025-09-02T21:35:48,2025-09-02T21:57:48,
1596,900,tablet,7wNIjT7uCb,2025-07-09T05:05:44,2025-07-09T06:04:44,24497
1597,42,phone,EXSlzyAxdO,2025-06-19T15:24:16,2025-06-19T16:05:16,
1598,46,laptop,urTnCo1ha4,2025-07-26T14:00:07,2025-07-26T14:41:07,74000
1599,390,phone,Y4xmpHMvkz,2025-06-17T06:12:30,2025-06-17T06:16:30,
1600,46,phone,9frbW0zpfX,2025-08-09T08:58:34,2025-08-09T09:26:34,10996
1601,928,laptop,Wcdk5PeMcQ,2025-07-11T04:46:53,2025-07-11T04:46:53,
1602,920,phone,2MO3Voyn5x,2025-06-10T05:18:59,2025-06-10T07:12:59,
1603,726,tablet,2PwdQ5zxY3,2025-08-16T09:03:08,2025-08-16T10:36:08,37061
1604,938,laptop,nXlzvM9sNi,2025-08-27T05:39:12,2025-08-27T07:34:12,
1605,329,phone,LbrPyaF8mX,2025-09-17T15:38:27,2025-09-17T16:42:27,39009
1606,329,laptop,oxWmPRKUj7,2025-10-03T23:36:06,2025-10-04T00:13:06,
1607,550,phone,qAVHnELo4y,2025-10-04T19:30:02,2025-10-04T21:18:02,82754
1608,638,laptop,nDIg77Z2Wc,2025-11-20T20:22:21,2025-11-20T21:01:21,
1609,394,phone,yEnb5JWzJF,2025-07-17T05:49:56,2025-07-17T05:52:56,5022
1610,317,laptop,w9KIKuzAxC,2025-08-31T05:39:14,2025-08-31T06:57:14,23030
1611,448,phone,rqCRhNwMD6,2025-10-09T13:42:43,2025-10-09T14:25:43,66220
1612,471,tablet,QGYxe5H9Le,2025-06-15T22:13:06,2025-06-15T22:29:06,
1613,571,tablet,Q34Z0nWJYQ,2025-10-12T06:22:33,2025-10-12T07:51:33,13872
1614,145,laptop,CH3g9olNlB,2025-10-10T19:14:36,2025-10-10T20:40:36,
1615,15,laptop,QslxKaXU4G,2025-09-02T22:50:59,2025-09-03T00:48:59,
1616,733,laptop,wgwhfm3aVg,2025-11-08T10:38:05,2025-11-08T12:13:05,
1617,839,phone,IhsK3rLy0T,2025-09-19T12:09:47,2025-09-19T12:45:47,32090
1618,294,tablet,mjI5cwKFsI,2025-08-28T19:51:50,2025-08-28T21:16:50,
1619,688,phone,nCfPJEI5Yj,2025-09-03T07:16:16,2025-09-03T07:50:16,40003
1620,643,laptop,wzegDnnkE1,2025-11-04T03:16:11,2025-11-04T03:46:11,86213
1621,84,laptop,SoNor1DCCB,2025-10-02T21:24:08,2025-10-02T22:24:08,32851
1622,290,laptop,EMd9gzMBbU,2025-08-16T19:10:23,2025-08-16T20:41:23,69571
1623,1000,laptop,6BvkAcnsUO,2025-10-26T18:19:15,2025-10-26T20:13:15,
1624,290,laptop,Qp0K2lfYrs,2025-10-31T23:31:40,2025-11-01T01:30:40,
1625,711,laptop,V4tNhC34ho,2025-06-29T02:01:33,2025-06-29T03:27:33,
1626,455,phone,7FGNyQH2jJ,2025-09-23T05:39:40,2025-09-23T07:03:40,8971
1627,429,tablet,PVytxGjflj,2025-10-20T12:08:56,2025-10-20T12:20:56,
1628,764,phone,LRF3cJK4GL,2025-09-13T01:24:26,2025-09-13T02:11:26,45523
1629,801,tablet,EUljjd6tqy,2025-10-01T04:34:40,2025-10-01T04:59:40,
1630,728,tablet,0dnDNUQJFO,2025-07-03T04:29:46,2025-07-03T06:08:46,
1631,619,phone,AGXvi2WsVD,2025-10-24T04:17:51,2025-10-24T05:26:51,
1632,885,laptop,mbCj5siT9a,2025-07-09T16:34:09,2025-07-09T17:50:09,
1633,138,phone,klr1epgIQY,2025-05-30T09:38:13,2025-05-30T10:06:13,83255
1634,200,phone,uMV8OTasBL,2025-11-08T23:30:37,2025-11-09T00:57:37,
1635,583,laptop,nDyueh9tL5,2025-09-21T04:17:53,2025-09-21T04:46:53,63269
1636,74,laptop,GkuumUewXn,2025-08-27T10:15:27,2025-08-27T11:17:27,
1637,575,laptop,SbNWXhjcjS,2025-08-06T19:43:35,2025-08-06T20:15:35,
1638,623,phone,5iXDKhsPk2,2025-09-19T11:55:39,2025-09-19T13:51:39,18714
1639,906,phone,tXrrSNISop,2025-09-30T16:16:31,2025-09-30T16:25:31,
1640,888,phone,FbnFqt92VU,2025-09-05T03:38:58,2025-09-05T04:20:58,
1641,668,tablet,6CMj7yQ2e4,2025-07-29T13:58:16,2025-07-29T14:49:16,14181
1642,699,tablet,iHqajoPkyj,2025-09-11T17:18:11,2025-09-11T18:01:11,11708
1643,994,laptop,3LiLsvHG5l,2025-11-03T03:21:21,2025-11-03T05:12:21,
1644,847,phone,sk68c9SeFo,2025-11-25T05:29:43,2025-11-25T06:49:43,97817
1645,715,laptop,XjyJot529M,2025-08-31T13:24:12,2025-08-31T14:41:12,
1646,40,phone,QzeNasX8kK,2025-07-31T09:20:48,2025-07-31T09:36:48,87768
1647,158,tablet,0Kyxt62R9a,2025-11-25T20:28:49,2025-11-25T21:48:49,
1648,950,laptop,SOQFlAGgRW,2025-09-02T05:13:30,2025-09-02T06:55:30,
1649,440,phone,0yM8Xozxio,2025-10-12T02:04:06,2025-10-12T02:14:06,
1650,489,tablet,y83SuxKzwe,2025-10-16T05:56:58,2025-10-16T06:03:58,
1651,19,tablet,xEKnROM3LR,2025-11-14T21:27:57,2025-11-14T23:10:57,
1652,747,phone,ypFrmnvOub,2025-10-26T03:01:11,2025-10-26T03:10:11,
1653,839,tablet,4hhzfUEKt4,2025-06-21T19:07:54,2025-06-21T21:00:54,60744
1654,164,phone,PJlyYy5m4X,2025-06-06T06:01:43,2025-06-06T07:12:43,
1655,509,laptop,9jkkCVrMXc,2025-08-16T19:42:03,2025-08-16T21:25:03,68158
1656,552,tablet,41HrUyy3oA,2025-11-18T09:05:33,2025-11-18T09:47:33,
1657,579,phone,674UQB27RD,2025-11-20T06:59:24,2025-11-20T07:10:24,43088
1658,567,laptop,CAOk1two7S,2025-11-14T18:04:16,2025-11-14T19:59:16,69075
1659,251,phone,227OAbSgnw,2025-07-29T07:34:53,2025-07-29T09:07:53,67816
1660,346,laptop,Xb1xL1J3yN,2025-06-30T02:53:18,2025-06-30T04:43:18,
1661,988,phone,Tb16VVohZ1,2025-06-24T19:12:24,2025-06-24T20:14:24,
1662,782,laptop,GHLlE3uLIi,2025-09-06T10:01:18,2025-09-06T11:35:18,
1663,687,tablet,ozpFbtcvMJ,2025-08-10T10:14:12,2025-08-10T10:45:12,
1664,390,tablet,FeKzbk95Qn,2025-06-23T10:11:38,2025-06-23T10:18:38,
1665,386,laptop,hoHiz0n8QJ,2025-10-07T18:53:26,2025-10-07T19:00:26,69776
1666,742,laptop,7moa8kRH57,2025-09-15T18:09:06,2025-09-15T19:08:06,41754
1667,844,laptop,C3zKLE9PXn,2025-06-28T09:36:00,2025-06-28T10:21:00,2754
1668,224,phone,YfnIQCRLOX,2025-11-08T22:35:59,2025-11-09T00:32:59,
1669,519,phone,PloUUwGNtb,2025-10-26T00:22:07,2025-10-26T01:04:07,
1670,768,phone,ZM0zK8HU9G,2025-07-06T08:09:46,2025-07-06T10:05:46,
1671,659,laptop,mHSHk6Z9YP,2025-06-05T21:29:15,2025-06-05T22:40:15,
1672,686,tablet,HYyqWKZb5D,2025-06-06T03:33:47,2025-06-06T04:33:47,
1673,129,tablet,rrQastY3wl,2025-06-30T10:21:16,2025-06-30T10:32:16,75885
1674,119,tablet,Z45AI9i4VQ,2025-06-09T03:37:05,2025-06-09T04:44:05,
1675,907,tablet,6gchr1j1zX,2025-10-11T23:52:20,2025-10-12T00:19:20,
1676,771,phone,X9AIaVjtAQ,2025-11-01T02:14:39,2025-11-01T03:38:39,
1677,708,laptop,OrJTjlwE7H,2025-09-19T07:37:04,2025-09-19T07:58:04,
1678,139,laptop,hwIWv2WbYP,2025-09-12T10:07:29,2025-09-12T10:48:29,51657
1679,962,laptop,gfZF1v6Yxs,2025-08-06T03:19:52,2025-08-06T04:56:52,56137
1680,103,laptop,GVnqRkRYI1,2025-07-25T14:01:08,2025-07-25T15:04:08,19770
1681,345,tablet,PuN0W4oFOX,2025-10-26T06:26:03,2025-10-26T06:44:03,
1682,110,tablet,0CS1LLQA2y,2025-09-11T17:12:22,2025-09-11T19:01:22,
1683,506,tablet,AgWnpge0M0,2025-06-20T06:56:06,2025-06-20T08:08:06,
1684,578,tablet,YXDn0j5q1S,2025-06-19T08:06:21,2025-06-19T09:14:21,8248
1685,426,tablet,txkQeJRv2o,2025-06-28T14:32:04,2025-06-28T16:05:04,
1686,668,laptop,1P3unbFP00,2025-09-11T20:00:01,2025-09-11T21:37:01,
1687,252,tablet,ljzgbzjGhH,2025-11-20T19:59:48,2025-11-20T21:17:48,6692
1688,42,phone,OFl2FNZu6W,2025-10-31T06:54:18,2025-10-31T08:12:18,
1689,55,phone,Hpg8DWHYEA,2025-07-19T20:43:30,2025-07-19T20:50:30,
1690,569,tablet,fuwAdaTcr2,2025-10-06T20:51:16,2025-10-06T22:03:16,
1691,84,tablet,xfiF9kSwWx,2025-06-04T09:28:01,2025-06-04T10:09:01,
1692,184,laptop,VaY8kX09ON,2025-07-12T08:17:09,2025-07-12T08:58:09,33994
1693,372,phone,2eQBUv2ouF,2025-10-12T18:46:21,2025-10-12T20:02:21,
1694,675,tablet,qyXgzhIMU0,2025-09-21T03:17:59,2025-09-21T03:40:59,5048
1695,98,phone,ZW9EUvm58h,2025-09-23T09:33:28,2025-09-23T10:10:28,
1696,79,tablet,TiVu8gO0lg,2025-10-03T12:05:07,2025-10-03T12:17:07,
1697,179,laptop,anu6jf5e0Z,2025-09-07T12:23:39,2025-09-07T12:39:39,
1698,909,phone,cdJopm1HLe,2025-08-06T13:04:34,2025-08-06T14:35:34,
1699,73,tablet,OwzjCOInOy,2025-06-29T13:46:13,2025-06-29T14:09:13,
1700,461,laptop,avtHykkMl3,2025-10-04T12:48:32,2025-10-04T13:03:32,43337
1701,817,laptop,Yeg2RkZEXe,2025-06-25T12:13:17,2025-06-25T13:19:17,
1702,137,phone,u5rLZz3jNE,2025-09-17T23:15:04,2025-09-18T00:03:04,
1703,781,tablet,0oS208x5Ry,2025-10-29T05:46:26,2025-10-29T06:36:26,24182
1704,865,tablet,C3aePl94ik,2025-06-16T19:12:51,2025-06-16T19:41:51,
1705,189,laptop,8m3KcjfmuD,2025-09-12T18:42:10,2025-09-12T19:28:10,52899
1706,468,phone,xLWiAwPoMD,2025-10-04T16:43:36,2025-10-04T17:55:36,
1707,129,tablet,9FDpPGuJU6,2025-11-14T15:09:23,2025-11-14T16:13:23,
1708,21,phone,2BBEVhjyP3,2025-11-26T17:48:33,2025-11-26T17:54:33,
1709,176,laptop,wMVw5jjIPO,2025-09-18T16:22:52,2025-09-18T17:48:52,
1710,124,laptop,R9KfBPNosx,2025-06-17T13:00:38,2025-06-17T13:27:38,25788
1711,377,tablet,zToAFZFK5T,2025-08-29T15:34:17,2025-08-29T15:42:17,76505
1712,485,phone,Rz48vJwouZ,2025-08-02T15:19:12,2025-08-02T15:32:12,90703
1713,730,phone,mIyidmeRkI,2025-10-20T18:08:08,2025-10-20T18:24:08,
1714,800,laptop,weduz5aciZ,2025-10-14T18:16:56,2025-10-14T18:24:56,57100
1715,962,tablet,pvvUTzx0Wq,2025-09-23T04:18:41,2025-09-23T04:43:41,69907
1716,513,laptop,N7RxyWHvA6,2025-09-29T05:11:50,2025-09-29T06:19:50,80968
1717,470,tablet,UpSxRbCuVE,2025-07-15T08:02:09,2025-07-15T08:58:09,
1718,87,tablet,M6EPUfIcDl,2025-08-02T14:36:26,2025-08-02T16:19:26,32646
1719,653,tablet,3lWOxhNM0M,2025-11-10T12:40:26,2025-11-10T13:47:26,48540
1720,187,laptop,QOxNvQj4UT,2025-10-29T18:41:19,2025-10-29T20:23:19,
1721,208,tablet,t1Q2OiZ6z9,2025-11-14T08:10:31,2025-11-14T08:48:31,46145
1722,996,phone,fnwoCJOTG9,2025-07-29T05:42:39,2025-07-29T07:15:39,
1723,677,laptop,P1jsV9ohIh,2025-08-28T10:20:05,2025-08-28T11:38:05,53186
1724,641,laptop,1S3AJzFi5n,2025-09-16T20:12:44,2025-09-16T20:20:44,
1725,150,laptop,kRWU4zJM0Z,2025-10-18T10:35:01,2025-10-18T12:04:01,
1726,513,phone,cQn0VBVfSc,2025-10-04T06:30:49,2025-10-04T07:58:49,
1727,584,phone,vYN75IjOV5,2025-11-24T06:14:42,2025-11-24T06:26:42,
1728,10,laptop,x8UIqy3cFa,2025-09-06T10:05:15,2025-09-06T10:21:15,
1729,715,phone,mju0Xsfdlg,2025-11-14T13:45:45,2025-11-14T15:15:45,
1730,314,laptop,OqUWHsLFLX,2025-07-13T15:28:05,2025-07-13T16:25:05,35448
1731,528,phone,aTQ2kBxBN1,2025-10-10T20:58:12,2025-10-10T21:21:12,20130
1732,187,laptop,frzVaJhjyR,2025-06-01T14:41:48,2025-06-01T15:45:48,25804
1733,853,laptop,zGUW94zlUM,2025-08-13T18:32:32,2025-08-13T20:27:32,19916
1734,463,laptop,QCs3oUpFSA,2025-07-25T13:55:08,2025-07-25T14:06:08,
1735,819,phone,B1W8E8Cv1s,2025-10-08T11:49:13,2025-10-08T11:52:13,
1736,81,laptop,cXTo2QAItu,2025-11-18T06:25:35,2025-11-18T07:46:35,
1737,426,phone,5oExPvCPU2,2025-06-13T19:38:18,2025-06-13T21:08:18,96266
1738,257,phone,i7vcMpHcoy,2025-11-11T07:51:24,2025-11-11T09:44:24,
1739,755,tablet,Mtvo4Md4lL,2025-10-15T09:06:16,2025-10-15T09:36:16,
1740,9,tablet,LIKhWY26jl,2025-08-16T04:52:04,2025-08-16T06:15:04,91792
1741,791,tablet,iYW9hvWBgl,2025-06-26T19:36:57,2025-06-26T20:27:57,19489
1742,997,tablet,8EQBZKrAuu,2025-07-17T07:03:13,2025-07-17T08:12:13,82577
1743,893,tablet,HrC6V5QXev,2025-09-24T22:48:06,2025-09-24T23:05:06,34175
1744,519,phone,uodXEwYjGN,2025-09-08T20:52:36,2025-09-08T21:36:36,59946
1745,588,phone,aVTFAp05Cq,2025-08-18T11:31:17,2025-08-18T12:33:17,
1746,922,tablet,DElrnqSgWv,2025-08-15T19:39:41,2025-08-15T21:08:41,
1747,173,phone,xWYqDQpAm3,2025-10-22T17:04:01,2025-10-22T17:40:01,
1748,922,phone,bjQe4vJHDA,2025-05-31T22:45:57,2025-05-31T22:50:57,7500
1749,816,laptop,uDMjU3wOUL,2025-10-05T08:19:48,2025-10-05T09:46:48,
1750,714,phone,aOVVze6xS8,2025-08-31T13:52:22,2025-08-31T14:06:22,
1751,918,tablet,EG1hhk3cLB,2025-09-18T18:40:51,2025-09-18T18:51:51,50983
1752,794,tablet,5TNFktZvUG,2025-10-01T10:28:04,2025-10-01T11:47:04,44958
1753,222,phone,SaY9NCn78E,2025-10-16T06:15:08,2025-10-16T06:50:08,76313
1754,866,tablet,h5mptL5lnc,2025-08-26T08:23:17,2025-08-26T09:59:17,65971
1755,223,phone,g5MXmUoRRP,2025-08-22T05:36:47,2025-08-22T07:12:47,9276
1756,499,laptop,KgPrKNZFW4,2025-07-28T07:57:14,2025-07-28T08:17:14,
1757,472,tablet,CJgMtxYEjl,2025-08-25T00:58:15,2025-08-25T02:23:15,
1758,15,tablet,MY9SJLMA6K,2025-07-12T12:46:23,2025-07-12T12:54:23,
1759,87,tablet,Ybm9K3yxUS,2025-08-24T15:30:08,2025-08-24T15:33:08,41590
1760,974,laptop,X32LYJzpST,2025-11-15T03:46:55,2025-11-15T04:59:55,
1761,20,tablet,8WhX7Mqq95,2025-07-23T10:54:55,2025-07-23T10:58:55,
1762,520,phone,iiugbKt9ao,2025-09-05T14:53:49,2025-09-05T16:25:49,7380
1763,758,laptop,UG0RmLDgXe,2025-11-11T02:49:36,2025-11-11T04:28:36,
1764,925,phone,ennfzqs55V,2025-06-05T00:12:27,2025-06-05T00:49:27,79684
1765,862,laptop,PGt6kRinuC,2025-06-20T04:48:24,2025-06-20T06:43:24,
1766,618,tablet,VI9oK8flzs,2025-09-19T12:53:39,2025-09-19T14:46:39,
1767,4,laptop,4bWvcGu42o,2025-09-09T13:32:13,2025-09-09T13:44:13,20124
1768,977,laptop,X9Zn3N53Jl,2025-08-29T00:48:02,2025-08-29T01:59:02,44718
1769,342,phone,k7AXDN5eVs,2025-09-21T08:41:21,2025-09-21T10:38:21,
1770,194,phone,xCD5nWmT2Q,2025-09-30T15:31:46,2025-09-30T16:22:46,
1771,415,tablet,Iflpc8ixSK,2025-06-28T15:37:14,2025-06-28T16:17:14,
1772,568,tablet,jWzwWO1D51,2025-11-09T21:11:20,2025-11-09T21:24:20,
1773,142,phone,8oM2McCWj6,2025-08-26T07:19:09,2025-08-26T07:39:09,74437
1774,546,laptop,MH9Q7SS7yi,2025-06-27T19:58:54,2025-06-27T20:36:54,
1775,69,tablet,n1vueFyrdp,2025-08-18T17:59:08,2025-08-18T18:57:08,
1776,395,tablet,fxKT7F1XRM,2025-08-06T21:27:58,2025-08-06T21:38:58,
1777,857,laptop,qbab9TYDF4,2025-07-28T16:18:36,2025-07-28T17:51:36,77005
1778,672,laptop,x3yVbYacHw,2025-11-20T09:34:10,2025-11-20T10:35:10,
1779,223,phone,ZbE8g1sK54,2025-08-27T22:43:52,2025-08-27T23:54:52,
1780,824,laptop,4FuRjBpMZL,2025-10-08T22:15:14,2025-10-08T23:29:14,53840
1781,565,tablet,NLsgOC6UkH,2025-08-07T00:50:52,2025-08-07T02:33:52,
1782,813,laptop,1G2g52uqwa,2025-10-29T08:14:39,2025-10-29T09:15:39,
1783,242,laptop,0lDLDJ8zC3,2025-10-12T23:14:42,2025-10-12T23:15:42,
1784,388,phone,bgeIS2Zpdw,2025-06-22T18:13:46,2025-06-22T19:44:46,89071
1785,183,laptop,eepQA5IuFu,2025-07-26T01:10:23,2025-07-26T01:56:23,2569
1786,582,tablet,MuZdh6HrNH,2025-10-14T17:10:10,2025-10-14T18:07:10,
1787,555,tablet,06pXAgrXcC,2025-10-28T20:54:25,2025-10-28T22:23:25,47846
1788,701,phone,9wOukQvz7d,2025-06-10T03:24:42,2025-06-10T03:51:42,
1789,193,laptop,GxT8Kr4FH7,2025-11-26T09:31:52,2025-11-26T10:46:52,
1790,533,tablet,91w48FL6Tb,2025-06-18T23:41:00,2025-06-19T00:57:00,
1791,319,tablet,4DknFwjjkp,2025-07-05T00:43:49,2025-07-05T01:23:49,12782
1792,569,tablet,g7gnJhG0SR,2025-09-11T13:12:20,2025-09-11T13:49:20,
1793,516,laptop,9YqDgM7KdF,2025-11-21T01:43:59,2025-11-21T02:49:59,43783
1794,767,laptop,6F236ar9dr,2025-06-30T14:10:15,2025-06-30T14:23:15,7648
1795,328,tablet,epj4b7wyli,2025-07-18T14:14:33,2025-07-18T14:19:33,
1796,713,phone,MYAKsc97TU,2025-07-01T01:58:44,2025-07-01T02:07:44,85443
1797,302,phone,TqwGcEibqp,2025-09-11T19:01:59,2025-09-11T19:09:59,
1798,557,tablet,P4yRCWevka,2025-10-16T08:00:39,2025-10-16T08:53:39,
1799,437,tablet,9IXgDQb3JQ,2025-10-20T06:17:57,2025-10-20T06:44:57,
1800,645,phone,dqTM1IPe0Y,2025-07-03T10:19:30,2025-07-03T11:59:30,
1801,881,phone,ToUDSjSXkF,2025-10-14T04:34:03,2025-10-14T04:51:03,72451
1802,361,phone,UadUJfhHE1,2025-07-01T01:04:54,2025-07-01T01:44:54,17423
1803,559,tablet,DFRR55T4aP,2025-10-08T21:48:31,2025-10-08T22:41:31,
1804,169,phone,M45w454RX7,2025-10-23T07:13:53,2025-10-23T07:51:53,29441
1805,814,laptop,X6qqNFoOAW,2025-08-14T00:03:36,2025-08-14T00:53:36,
1806,767,phone,wfJP91RYSX,2025-09-28T17:16:18,2025-09-28T17:18:18,
1807,59,laptop,oXT4KqmfaJ,2025-08-08T06:36:43,2025-08-08T08:02:43,
1808,940,tablet,xIcMmOynQP,2025-10-10T16:24:53,2025-10-10T17:48:53,31756
1809,815,tablet,jaNCPTJUsW,2025-09-08T07:23:40,2025-09-08T07:54:40,59242
1810,789,laptop,MqNIthivyz,2025-10-12T11:12:17,2025-10-12T11:53:17,41047
1811,764,laptop,ZuzGYMexJP,2025-07-16T04:30:26,2025-07-16T05:25:26,
1812,6,tablet,RDXtOZQsMy,2025-06-27T00:34:26,2025-06-27T01:46:26,
1813,156,tablet,MNM4LpOHxp,2025-11-14T02:23:59,2025-11-14T03:34:59,
1814,359,laptop,itlC6vuIKg,2025-06-24T19:01:17,2025-06-24T19:57:17,17879
1815,366,phone,blE6OknDsA,2025-10-12T09:18:02,2025-10-12T09:37:02,
1816,488,laptop,qK7t9tdYq4,2025-08-20T02:27:55,2025-08-20T04:02:55,
1817,105,tablet,zdo032D2Kp,2025-11-07T23:48:02,2025-11-08T00:35:02,35788
1818,854,laptop,FTys4xzJyV,2025-11-21T21:50:52,2025-11-21T23:38:52,
1819,164,tablet,xnJBAJRc48,2025-10-14T10:08:12,2025-10-14T11:30:12,
1820,496,laptop,ZJXJnlhiuh,2025-06-09T16:16:27,2025-06-09T18:06:27,
1821,664,laptop,mneOuxhffs,2025-09-27T16:03:03,2025-09-27T17:28:03,20373
1822,494,laptop,anGRpEFbQ6,2025-10-29T11:57:41,2025-10-29T13:37:41,
1823,298,laptop,23s7hre1i4,2025-11-19T02:21:30,2025-11-19T03:21:30,11748
1824,307,laptop,VTV9wGSS1S,2025-07-23T10:57:29,2025-07-23T11:35:29,
1825,276,tablet,ciLe1zJB3C,2025-11-13T04:33:29,2025-11-13T04:44:29,23765
1826,601,tablet,Np6UiWQbj2,2025-06-20T15:55:10,2025-06-20T16:19:10,
1827,393,laptop,YPomnthKh3,2025-11-19T07:06:00,2025-11-19T08:06:00,229
1828,592,tablet,Q840HdbWw4,2025-07-29T19:44:16,2025-07-29T21:21:16,27482
1829,189,laptop,6dKBOmeqFI,2025-08-22T19:10:51,2025-08-22T20:21:51,74255
1830,981,phone,nUu1KM5Y2g,2025-08-30T22:16:11,2025-08-30T22:22:11,22220
1831,351,phone,JMtQOZbuoQ,2025-09-14T20:52:15,2025-09-14T21:08:15,
1832,100,laptop,5D6LKnKhtf,2025-06-21T00:51:37,2025-06-21T02:25:37,16613
1833,856,phone,ALsLObtoZg,2025-07-21T04:56:30,2025-07-21T05:43:30,
1834,364,tablet,YgsBfVsZZO,2025-07-10T14:45:34,2025-07-10T15:51:34,
1835,731,phone,PngjC2q22p,2025-08-08T01:09:59,2025-08-08T02:57:59,
1836,47,phone,BT267ALtBD,2025-06-06T04:31:45,2025-06-06T05:21:45,
1837,112,phone,lybqqGDwSO,2025-07-03T19:04:55,2025-07-03T19:16:55,
1838,813,tablet,adqewpjScf,2025-11-21T15:20:14,2025-11-21T17:09:14,2699
1839,185,laptop,ZBNZlSwXox,2025-08-27T16:34:12,2025-08-27T17:23:12,94141
1840,880,phone,MSIWrMsTQf,2025-07-10T21:08:18,2025-07-10T22:39:18,16192
1841,865,phone,WfQhjDDLNS,2025-10-04T07:41:11,2025-10-04T09:01:11,
1842,480,laptop,XnzAfvijJh,2025-06-30T16:53:07,2025-06-30T18:25:07,
1843,158,laptop,s2jqjHgBfI,2025-06-24T18:53:48,2025-06-24T20:39:48,61940
1844,275,tablet,zIR57WXaiN,2025-06-01T20:52:12,2025-06-01T22:07:12,50291
1845,598,phone,xYmRdPczhe,2025-07-13T19:18:25,2025-07-13T20:56:25,
1846,865,phone,lR5Zbfrgy0,2025-10-06T17:00:46,2025-10-06T18:32:46,30302
1847,949,tablet,4P1iV2Y9l1,2025-09-07T15:12:46,2025-09-07T16:36:46,
1848,511,laptop,ll1iQI8gik,2025-07-21T16:43:10,2025-07-21T17:54:10,
1849,925,laptop,mAKqQUlM4S,2025-07-15T11:32:20,2025-07-15T12:27:20,
1850,657,tablet,5MFNkMTlhN,2025-07-08T13:59:44,2025-07-08T15:35:44,
1851,273,phone,Kx5dM3z3d7,2025-07-30T00:22:30,2025-07-30T02:13:30,62315
1852,955,laptop,iT4yWkT4Ge,2025-07-15T05:19:02,2025-07-15T06:37:02,33247
1853,797,phone,fElNFrxpyF,2025-06-28T15:37:58,2025-06-28T17:29:58,
1854,972,laptop,0SswiQARGW,2025-08-09T03:14:58,2025-08-09T04:14:58,41367
1855,828,tablet,nE5vG5qgpQ,2025-09-09T08:29:34,2025-09-09T09:05:34,
1856,871,phone,7E1cRsmh4F,2025-08-13T10:14:49,2025-08-13T10:39:49,5038
1857,448,phone,XtA8ERJ7kL,2025-11-01T08:29:21,2025-11-01T09:02:21,77347
1858,654,phone,IRwf5eITV3,2025-10-29T06:45:07,2025-10-29T07:40:07,
1859,67,laptop,NIKvDGkDjw,2025-07-11T18:10:31,2025-07-11T19:51:31,37552
1860,105,phone,fndqNQSsdi,2025-11-26T14:05:07,2025-11-26T15:32:07,
1861,123,tablet,NlHaGnVYqx,2025-08-29T07:37:31,2025-08-29T08:31:31,
1862,201,laptop,g948EGhxuX,2025-08-07T17:44:40,2025-08-07T18:16:40,
1863,762,phone,COwMtiMG2X,2025-06-27T07:27:01,2025-06-27T07:37:01,
1864,464,laptop,reP9LYJqeo,2025-08-02T07:43:34,2025-08-02T09:34:34,24035
1865,68,tablet,iAh0fAwJVr,2025-09-14T00:42:09,2025-09-14T02:19:09,69052
1866,63,phone,10giv9vrMC,2025-07-16T02:58:06,2025-07-16T04:57:06,
1867,279,tablet,04jWamivmB,2025-11-04T11:22:15,2025-11-04T12:07:15,30449
1868,249,laptop,lUHjwoyWVB,2025-09-06T17:01:14,2025-09-06T18:02:14,
1869,857,phone,rWZEPTHOlA,2025-07-24T15:39:24,2025-07-24T15:49:24,
1870,343,tablet,0couZYLHt2,2025-06-24T20:01:45,2025-06-24T20:39:45,
1871,261,laptop,pZ4LGpvD9x,2025-10-22T04:08:06,2025-10-22T05:22:06,87826
1872,531,phone,pnYaA9FQku,2025-07-07T04:49:18,2025-07-07T05:55:18,
1873,615,phone,IvjCJht8qt,2025-07-11T17:56:51,2025-07-11T18:20:51,
1874,124,tablet,kylLJM0szH,2025-11-13T19:23:12,2025-11-13T19:52:12,96675
1875,491,laptop,ZeeWoeKDMF,2025-11-03T00:13:20,2025-11-03T00:46:20,
1876,135,tablet,BsUhliOmEW,2025-08-17T02:56:54,2025-08-17T03:44:54,13514
1877,69,laptop,TVWa8a4iri,2025-11-07T06:32:26,2025-11-07T08:02:26,36153
1878,302,phone,rLgKxKWKFa,2025-10-25T04:39:15,2025-10-25T04:53:15,
1879,712,tablet,jJWIdV52d8,2025-09-29T12:58:31,2025-09-29T13:21:31,
1880,103,laptop,RqnkPsS1Gf,2025-09-14T04:20:52,2025-09-14T06:04:52,
1881,659,phone,k5drkYxXWq,2025-11-05T13:06:46,2025-11-05T14:22:46,92293
1882,328,laptop,GJIFajkBPB,2025-11-10T02:06:33,2025-11-10T02:16:33,6774
1883,415,laptop,BqNzOeHCxA,2025-10-02T18:13:37,2025-10-02T19:35:37,
1884,761,tablet,eKvrW6PXfI,2025-08-29T23:29:29,2025-08-29T23:39:29,62096
1885,28,phone,a86uiLwz4D,2025-09-03T12:59:36,2025-09-03T13:28:36,
1886,423,laptop,KtcrBkWh97,2025-08-26T18:46:07,2025-08-26T20:18:07,
1887,848,phone,4JGkFSDp4r,2025-08-24T08:12:44,2025-08-24T09:04:44,60450
1888,905,phone,Hw6aFrGHRW,2025-11-14T18:31:27,2025-11-14T18:49:27,99472
1889,4,tablet,gPNB98DMpT,2025-09-04T18:58:03,2025-09-04T20:40:03,
1890,52,phone,6X3cH9mr1a,2025-07-19T07:22:53,2025-07-19T08:46:53,
1891,271,phone,JmEB6J9eRy,2025-11-06T07:23:37,2025-11-06T07:55:37,
1892,943,laptop,ye3rbVLfSd,2025-08-19T01:11:27,2025-08-19T02:09:27,84534
1893,251,laptop,IeHelvWx59,2025-09-20T05:45:06,2025-09-20T06:33:06,
1894,541,laptop,5BhtZibQWa,2025-07-19T09:58:29,2025-07-19T11:09:29,77161
1895,579,laptop,52DimCxUMJ,2025-08-10T23:37:36,2025-08-11T01:26:36,
1896,665,tablet,yyF2RRDdaL,2025-06-04T20:29:59,2025-06-04T21:26:59,54167
1897,15,laptop,bJLmoLd5lW,2025-08-07T03:22:12,2025-08-07T05:09:12,
1898,726,laptop,WXwCc8rfiz,2025-11-01T12:41:41,2025-11-01T13:19:41,
1899,47,laptop,XBdkX7wz57,2025-07-18T19:01:06,2025-07-18T19:49:06,
1900,119,tablet,0qN3yS6LXq,2025-09-08T22:56:28,2025-09-08T23:12:28,
1901,145,phone,BRCTuxfG2n,2025-10-21T03:07:18,2025-10-21T04:18:18,
1902,769,phone,l4SK4bPDAS,2025-08-11T18:44:37,2025-08-11T20:01:37,36958
1903,997,phone,Cv7eJDeBZZ,2025-07-13T08:53:39,2025-07-13T09:53:39,
1904,653,phone,cWlsNSBcDx,2025-06-08T14:01:46,2025-06-08T15:37:46,
1905,397,phone,5mbiFvob1S,2025-08-08T22:23:26,2025-08-08T23:42:26,90337
1906,429,phone,UDNKYLARZe,2025-08-02T02:44:06,2025-08-02T04:14:06,
1907,25,laptop,8aPuZF5V5H,2025-11-15T03:15:47,2025-11-15T03:33:47,
1908,743,tablet,V9F6f1O8nc,2025-09-12T17:27:41,2025-09-12T18:35:41,85194
1909,381,laptop,bi0FxzGHV3,2025-08-15T20:36:42,2025-08-15T21:36:42,
1910,348,laptop,8xfGiQHI7s,2025-10-17T13:42:53,2025-10-17T15:38:53,
1911,283,tablet,Qe8tEGU6Rp,2025-08-24T17:07:11,2025-08-24T17:17:11,614
1912,243,laptop,TZcrYW6QUn,2025-06-20T02:38:10,2025-06-20T03:46:10,
1913,883,phone,1CN6ZrrEC2,2025-09-22T13:25:29,2025-09-22T13:36:29,
1914,947,laptop,Ap7lb7SFcm,2025-08-08T04:50:20,2025-08-08T05:40:20,
1915,665,tablet,KeFNFnRbzp,2025-06-16T07:12:16,2025-06-16T08:02:16,
1916,492,laptop,r0mwqL5rdn,2025-11-21T09:31:38,2025-11-21T10:14:38,
1917,416,phone,NKQU0lE7fx,2025-11-15T17:07:21,2025-11-15T18:50:21,
1918,904,tablet,rbhrvW0Gij,2025-10-21T16:24:31,2025-10-21T16:34:31,
1919,601,phone,M94tlccrlX,2025-07-26T16:17:39,2025-07-26T17:16:39,50267
1920,69,tablet,EpnVA5tAda,2025-11-17T21:26:39,2025-11-17T22:45:39,34685
1921,387,tablet,DEOvO23Qot,2025-08-30T03:29:45,2025-08-30T04:35:45,96524
1922,360,laptop,6riQOrVfES,2025-06-22T12:36:44,2025-06-22T13:44:44,12598
1923,984,phone,pMXyTm7aTU,2025-10-20T21:38:53,2025-10-20T22:29:53,
1924,621,laptop,3FgWB28mVZ,2025-08-01T18:14:49,2025-08-01T19:50:49,
1925,72,tablet,HwSX0K0UkB,2025-06-12T18:25:54,2025-06-12T20:12:54,
1926,485,tablet,8fbijCmvTT,2025-07-13T23:32:19,2025-07-13T23:34:19,
1927,472,phone,mQYOnyYyLy,2025-09-20T12:04:35,2025-09-20T12:46:35,
1928,84,phone,ZHP94NXrQy,2025-08-03T21:31:16,2025-08-03T22:18:16,
1929,841,laptop,gImMpPQkHR,2025-07-22T09:15:26,2025-07-22T09:37:26,61022
1930,247,phone,HLVwqxBCZi,2025-06-15T19:38:35,2025-06-15T21:25:35,80546
1931,518,tablet,OhHUqpiN94,2025-08-31T04:30:01,2025-08-31T05:03:01,
1932,838,phone,XS4sFcyVo9,2025-08-13T09:10:51,2025-08-13T09:23:51,74910
1933,472,tablet,xsX71tOtvP,2025-08-21T17:14:32,2025-08-21T18:05:32,
1934,579,tablet,QoLeC5ld4F,2025-07-21T00:29:12,2025-07-21T01:49:12,
1935,761,laptop,L1qPUlcjLT,2025-10-03T14:59:34,2025-10-03T15:30:34,
1936,881,tablet,3aqixty0Jw,2025-10-11T17:45:04,2025-10-11T19:12:04,
1937,587,laptop,kicXwjJKHn,2025-06-28T13:56:51,2025-06-28T14:16:51,
1938,701,tablet,0jT05Ee1qJ,2025-09-21T11:26:41,2025-09-21T11:51:41,32418
1939,544,laptop,SnnAydcP3x,2025-08-25T14:30:04,2025-08-25T14:50:04,
1940,24,tablet,1Ivzv1was5,2025-10-24T15:16:30,2025-10-24T15:52:30,54445
1941,987,laptop,IgiW1nyKiz,2025-10-17T21:03:44,2025-10-17T21:08:44,77028
1942,515,phone,OwH5PcMT0o,2025-10-12T05:03:03,2025-10-12T06:05:03,23314
1943,875,laptop,pNmXncVarR,2025-11-14T13:31:01,2025-11-14T14:04:01,
1944,314,laptop,4xWZAnBle2,2025-08-30T23:34:46,2025-08-31T00:11:46,
1945,483,laptop,KkAPSRMZB4,2025-11-04T16:58:27,2025-11-04T18:33:27,56628
1946,968,laptop,392wRoDy8O,2025-10-14T03:56:30,2025-10-14T04:55:30,
1947,819,laptop,22XiqSI6ZN,2025-07-13T23:43:10,2025-07-14T00:35:10,62169
1948,646,tablet,SFY1ZNgKgQ,2025-08-21T15:25:59,2025-08-21T16:38:59,
1949,900,tablet,c9qgwOsj9q,2025-06-14T00:49:59,2025-06-14T01:56:59,
1950,650,tablet,GkYjwcuVXn,2025-10-25T20:29:10,2025-10-25T22:03:10,
1951,629,laptop,N5NIZ3YtR3,2025-11-10T00:24:14,2025-11-10T02:20:14,
1952,28,tablet,7aEyJHKmOU,2025-06-19T09:45:06,2025-06-19T10:56:06,
1953,187,tablet,rTjKErdSt7,2025-09-18T14:23:30,2025-09-18T15:10:30,
1954,21,phone,12b7pSlxgU,2025-11-27T06:17:44,2025-11-27T06:18:44,16563
1955,137,laptop,kPlmmdEVfZ,2025-07-14T05:35:51,2025-07-14T07:19:51,
1956,302,phone,drsesuLmIa,2025-09-05T22:27:29,2025-09-05T23:43:29,40932
1957,218,tablet,WQmrYS4vvs,2025-07-26T06:46:54,2025-07-26T07:40:54,
1958,943,tablet,g10tDT57xG,2025-10-06T05:56:04,2025-10-06T07:16:04,37696
1959,393,tablet,MwC6OttU5u,2025-08-28T13:29:44,2025-08-28T15:20:44,
1960,341,tablet,nqLjgMqZdr,2025-07-19T06:33:42,2025-07-19T07:24:42,
1961,568,tablet,2PMaW35Abi,2025-08-16T07:25:42,2025-08-16T07:29:42,
1962,520,phone,SXVKsl3iZc,2025-08-03T04:10:43,2025-08-03T04:25:43,55245
1963,408,laptop,LGo5mqZGqT,2025-07-21T07:25:46,2025-07-21T08:35:46,
1964,635,laptop,bwWpPxXkEF,2025-11-26T20:21:43,2025-11-26T22:09:43,
1965,807,phone,x40g1TTtS3,2025-09-26T17:45:46,2025-09-26T18:50:46,
1966,652,laptop,ddthFYaHly,2025-11-07T07:41:45,2025-11-07T08:32:45,
1967,356,tablet,sK6ApOFZEL,2025-06-28T20:21:38,2025-06-28T20:55:38,
1968,170,tablet,61jXZQXygm,2025-09-24T03:34:43,2025-09-24T04:29:43,
1969,599,phone,CQyyRsPqdK,2025-10-01T22:57:58,2025-10-02T00:03:58,
1970,200,laptop,5EsvbM51dV,2025-09-24T00:38:14,2025-09-24T02:00:14,61206
1971,907,tablet,MpRXReOovL,2025-11-17T02:00:10,2025-11-17T02:18:10,
1972,19,phone,TlNfQ9pEgR,2025-06-13T16:32:31,2025-06-13T17:10:31,
1973,467,tablet,FEwDvZig1P,2025-07-12T17:23:56,2025-07-12T17:42:56,
1974,195,phone,M2pba4VAHw,2025-07-09T06:59:17,2025-07-09T08:02:17,
1975,601,tablet,j1OFerCOsv,2025-10-19T02:40:32,2025-10-19T03:48:32,
1976,932,tablet,HSZbXIYeSR,2025-09-08T21:28:44,2025-09-08T21:34:44,50897
1977,745,phone,As4n0ILOai,2025-06-27T14:50:05,2025-06-27T16:03:05,
1978,251,tablet,ZxWW5j58XH,2025-07-21T23:36:18,2025-07-21T23:41:18,73151
1979,792,phone,cgffheVMfb,2025-10-02T16:20:39,2025-10-02T17:01:39,
1980,710,tablet,NxFevU24Sh,2025-06-09T17:28:47,2025-06-09T18:30:47,
1981,866,tablet,1GaNkgRnTy,2025-10-24T11:21:13,2025-10-24T13:20:13,
1982,847,phone,zgv5mEp2ei,2025-06-18T07:00:09,2025-06-18T07:32:09,
1983,163,tablet,l6iW99stoN,2025-06-02T14:37:16,2025-06-02T14:53:16,97132
1984,354,phone,aioVgCTtCr,2025-10-11T17:25:24,2025-10-11T19:25:24,32267
1985,746,tablet,aAmbUFNQfo,2025-09-07T07:42:30,2025-09-07T08:48:30,2484
1986,247,tablet,2DGfhfIUTT,2025-08-24T06:09:35,2025-08-24T06:12:35,
1987,131,phone,6IbOvVvivU,2025-07-08T09:49:45,2025-07-08T10:12:45,
1988,904,laptop,okY8zASq6M,2025-06-15T18:59:09,2025-06-15T19:51:09,
1989,151,tablet,JphaiTyB4G,2025-11-20T09:35:35,2025-11-20T10:12:35,67927
1990,182,laptop,5gTSoFV5tF,2025-08-18T04:27:17,2025-08-18T06:03:17,
1991,508,phone,DonKHJw5vO,2025-09-18T05:24:12,2025-09-18T06:16:12,
1992,671,laptop,cvBfJjKCgR,2025-07-28T20:52:01,2025-07-28T21:33:01,1050
1993,761,tablet,IvNchLGVl2,2025-10-31T06:48:20,2025-10-31T07:12:20,
1994,272,phone,DXBY8b0gaO,2025-08-24T21:52:25,2025-08-24T23:20:25,
1995,27,phone,oiINXwkVIn,2025-07-26T09:36:43,2025-07-26T10:19:43,
1996,299,phone,A2iW2xePND,2025-10-06T22:13:06,2025-10-06T23:57:06,
1997,313,laptop,jO2DE9LpA0,2025-11-17T04:01:59,2025-11-17T05:35:59,47221
1998,946,laptop,o5VKzfN95n,2025-10-31T04:04:33,2025-10-31T04:36:33,
1999,992,tablet,3kEBUwQdK3,2025-09-25T17:22:26,2025-09-25T17:42:26,5246
2000,340,phone,sr3A671LiP,2025-10-08T04:43:48,2025-10-08T06:34:48,
2001,566,phone,Fdvxne3aYK,2025-09-28T02:33:13,2025-09-28T04:28:13,
2002,108,laptop,LvS0ZJugPu,2025-09-14T06:56:42,2025-09-14T08:51:42,
2003,660,phone,j3NJQt4gzH,2025-09-27T07:55:26,2025-09-27T09:24:26,80533
2004,156,laptop,aghTULM0Um,2025-06-27T13:01:15,2025-06-27T13:19:15,48637
2005,542,phone,Cb1yrtoBGP,2025-08-23T06:53:13,2025-08-23T07:52:13,97974
2006,840,laptop,FNaSi6eESY,2025-06-23T15:06:53,2025-06-23T16:27:53,
2007,919,tablet,9otxMo0i92,2025-06-20T19:41:03,2025-06-20T19:41:03,
2008,185,tablet,cPoUmONAr0,2025-11-21T02:10:33,2025-11-21T03:47:33,
2009,644,laptop,wFD0WnVR3B,2025-10-01T06:25:54,2025-10-01T06:47:54,
2010,314,phone,tuQybVDdEW,2025-06-04T10:57:43,2025-06-04T12:49:43,
2011,161,phone,dzPpgK1dsD,2025-11-23T07:28:30,2025-11-23T08:32:30,
2012,686,tablet,bqX2jdQ8Wm,2025-06-20T06:43:48,2025-06-20T08:23:48,8769
2013,33,phone,ILvnRgYbl0,2025-06-11T18:47:09,2025-06-11T19:19:09,
2014,650,phone,0mJnFbXM3M,2025-06-22T08:05:51,2025-06-22T09:22:51,30127
2015,569,tablet,WPRA3VaJwG,2025-06-25T09:11:50,2025-06-25T10:10:50,
2016,880,phone,KDFdTVK1Qa,2025-10-07T13:48:05,2025-10-07T14:50:05,
2017,850,phone,VO4KJ5nyGL,2025-09-16T19:09:08,2025-09-16T20:46:08,
2018,517,phone,Xhoj5BGn3z,2025-06-09T00:40:15,2025-06-09T00:55:15,
2019,153,phone,4ST14dcQKs,2025-11-07T03:09:15,2025-11-07T03:25:15,
2020,790,tablet,S8atW3vMEB,2025-10-14T08:02:50,2025-10-14T09:57:50,
2021,547,phone,eEd6ZqumWr,2025-08-21T19:27:26,2025-08-21T19:35:26,
2022,181,laptop,2svoGJmzFD,2025-07-05T07:09:22,2025-07-05T09:09:22,
2023,296,phone,MP7yqzhqVX,2025-06-03T23:23:29,2025-06-04T00:21:29,
2024,612,tablet,FRpfthghSD,2025-08-21T00:51:41,2025-08-21T02:43:41,
2025,101,tablet,QUTgIV7FkS,2025-06-23T00:26:17,2025-06-23T00:50:17,
2026,336,tablet,wENCPJXBax,2025-10-19T08:44:59,2025-10-19T09:47:59,
2027,150,laptop,mH83NM5z20,2025-07-27T16:51:02,2025-07-27T17:52:02,
2028,831,phone,tTECBb5kSk,2025-06-18T17:54:43,2025-06-18T18:59:43,47233
2029,138,tablet,Oj48Rirpq8,2025-08-21T11:58:31,2025-08-21T12:58:31,
2030,156,laptop,pB46Zm2PRt,2025-07-19T05:26:15,2025-07-19T06:04:15,
2031,497,laptop,EZLI1drhyN,2025-08-04T13:56:08,2025-08-04T14:50:08,
2032,504,phone,mgNfVBKFxi,2025-09-24T14:29:45,2025-09-24T14:45:45,
2033,272,phone,gvCstNpVF1,2025-08-11T00:12:57,2025-08-11T00:48:57,
2034,431,laptop,0IcljMoZ5D,2025-08-04T13:49:46,2025-08-04T15:43:46,
2035,274,laptop,RAqTTZ3lQy,2025-10-23T21:19:26,2025-10-23T21:48:26,
2036,730,tablet,FdMNkq71v7,2025-07-18T15:52:36,2025-07-18T16:11:36,74965
2037,46,phone,nmOjIUY01w,2025-06-21T08:38:08,2025-06-21T09:21:08,
2038,17,laptop,q6a1PAT60b,2025-10-31T07:45:47,2025-10-31T09:00:47,
2039,60,tablet,skioA8v5Ay,2025-11-12T00:13:55,2025-11-12T00:38:55,27204
2040,979,tablet,NoMSvwPp9Z,2025-09-01T18:43:20,2025-09-01T19:54:20,86630
2041,520,phone,38ICnY8sWl,2025-11-05T04:11:14,2025-11-05T05:05:14,7751
2042,454,laptop,bP8AGj3KCN,2025-09-01T08:46:16,2025-09-01T10:06:16,75622
2043,94,phone,0bhBuQDeCz,2025-07-13T16:41:07,2025-07-13T18:38:07,
2044,135,tablet,s3reJS490R,2025-06-19T15:10:47,2025-06-19T15:31:47,82364
2045,541,tablet,JILlkQpsgh,2025-10-23T12:32:13,2025-10-23T13:55:13,
2046,119,tablet,HduWiW0GOd,2025-06-23T04:04:42,2025-06-23T04:46:42,
2047,772,phone,HOmjPc8Orh,2025-07-24T10:22:00,2025-07-24T11:17:00,
2048,179,phone,2NaEufQmMu,2025-11-01T02:46:37,2025-11-01T03:58:37,70619
2049,891,laptop,eIh6fYnNRF,2025-10-06T16:44:38,2025-10-06T18:28:38,13086
2050,835,laptop,DmjyoOASBs,2025-10-28T14:34:34,2025-10-28T15:38:34,
2051,586,phone,W4HZBmFhAl,2025-06-14T11:20:13,2025-06-14T11:23:13,
2052,224,phone,GGuHpXFM5E,2025-11-26T20:27:16,2025-11-26T22:01:16,
2053,23,laptop,QMrETLWbiW,2025-10-17T21:25:50,2025-10-17T22:50:50,45828
2054,945,phone,pehgJ8iLmO,2025-09-27T19:08:21,2025-09-27T20:50:21,
2055,102,laptop,YCwsU5HKQz,2025-08-18T14:19:26,2025-08-18T15:46:26,70770
2056,579,laptop,HlcppU7jUV,2025-06-09T23:43:13,2025-06-10T00:41:13,
2057,668,phone,yGZTo6ArXg,2025-11-12T14:14:29,2025-11-12T15:51:29,
2058,141,tablet,GX9EvnbHox,2025-10-21T01:06:04,2025-10-21T01:46:04,4673
2059,853,laptop,3x2IkHXS4Y,2025-07-26T16:49:10,2025-07-26T18:26:10,24814
2060,92,laptop,OrwKMdsC5D,2025-09-23T22:40:21,2025-09-23T23:44:21,
2061,751,laptop,MrzbtFBcbW,2025-09-10T02:04:58,2025-09-10T03:53:58,
2062,703,laptop,d4UUD1vQhJ,2025-08-19T02:22:19,2025-08-19T02:43:19,
2063,137,phone,XGTiZj2weI,2025-11-12T16:09:36,2025-11-12T17:05:36,90059
2064,962,laptop,uqKql6HpHE,2025-06-09T13:06:02,2025-06-09T13:29:02,
2065,628,tablet,4n6J6z9Lh4,2025-10-29T18:03:43,2025-10-29T18:41:43,
2066,709,tablet,vVlJF6EFKK,2025-06-06T09:33:15,2025-06-06T11:19:15,93860
2067,394,tablet,cU71nGK3ni,2025-10-25T11:43:28,2025-10-25T13:35:28,
2068,510,phone,QJUUJHaoaZ,2025-10-16T21:22:52,2025-10-16T22:35:52,
2069,361,tablet,vt7uTO1UK3,2025-07-02T06:59:39,2025-07-02T08:33:39,2065
2070,956,phone,rBNdR89aRT,2025-06-21T19:12:27,2025-06-21T20:29:27,
2071,628,phone,AkBZp42coL,2025-08-29T23:56:03,2025-08-30T01:45:03,60579
2072,700,tablet,2ruYkiv4lQ,2025-07-01T20:40:21,2025-07-01T21:48:21,67446
2073,920,tablet,TaNfcEhVQp,2025-10-24T17:00:13,2025-10-24T17:59:13,
2074,895,tablet,LAQdzWR6E9,2025-06-28T20:29:44,2025-06-28T21:06:44,37419
2075,989,phone,Ntd18Mqw3z,2025-10-03T12:23:12,2025-10-03T13:11:12,
2076,376,laptop,9EESTuN8aQ,2025-06-30T10:34:39,2025-06-30T12:09:39,13315
2077,922,phone,fcsL7CjQ25,2025-08-07T10:26:39,2025-08-07T10:32:39,
2078,201,phone,mOoBc7gQKA,2025-10-25T15:14:40,2025-10-25T17:10:40,
2079,514,laptop,Vk3Zkxa4cQ,2025-06-12T23:55:24,2025-06-13T00:00:24,7259
2080,412,tablet,zWHqWKsGkI,2025-11-07T06:05:29,2025-11-07T07:59:29,
2081,766,phone,sk00oBrkhl,2025-08-30T22:56:59,2025-08-30T23:15:59,638
2082,112,phone,guffkwt0bh,2025-09-01T05:09:38,2025-09-01T05:55:38,
2083,770,phone,HELdWMhtFb,2025-11-06T08:36:39,2025-11-06T09:31:39,
2084,534,phone,swdHY0NdEK,2025-10-08T18:22:19,2025-10-08T19:47:19,
2085,711,tablet,2HHGfPof7f,2025-10-30T09:15:55,2025-10-30T10:48:55,
2086,555,phone,vd7ZCQ1J7L,2025-08-12T00:50:33,2025-08-12T00:53:33,18574
2087,857,phone,PWxiXk86Wf,2025-07-25T15:27:03,2025-07-25T17:27:03,
2088,820,laptop,jlUfBE2Rcf,2025-09-04T22:24:32,2025-09-04T23:01:32,
2089,36,tablet,cS5Esmeeng,2025-07-16T10:53:44,2025-07-16T11:18:44,94908
2090,796,laptop,kzpqmOFoUW,2025-09-14T22:38:32,2025-09-15T00:28:32,27583
2091,498,tablet,1U52jIakUg,2025-10-14T14:45:42,2025-10-14T15:34:42,
2092,964,laptop,evEvIcvNDo,2025-09-21T09:14:04,2025-09-21T10:56:04,
2093,424,tablet,YVtGU7BAh8,2025-08-24T01:29:14,2025-08-24T02:16:14,
2094,754,phone,2VZ6cbFS2b,2025-09-22T19:56:58,2025-09-22T21:07:58,94400
2095,184,tablet,XJ2V2pFOVE,2025-10-08T05:13:44,2025-10-08T06:28:44,1164
2096,308,tablet,1zm0d9k5Hg,2025-11-21T04:18:38,2025-11-21T04:47:38,
2097,622,tablet,u2WcWfZkrb,2025-07-22T22:33:26,2025-07-22T22:44:26,
2098,656,phone,FETURvt58A,2025-09-15T21:04:03,2025-09-15T22:10:03,80104
2099,108,tablet,LOGwZcnYhL,2025-06-24T23:32:20,2025-06-25T00:30:20,
2100,938,laptop,zUyI7TcPqN,2025-08-24T07:57:09,2025-08-24T09:07:09,
2101,743,laptop,c8s8vZlOVC,2025-07-19T16:03:37,2025-07-19T16:26:37,
2102,567,laptop,HJLCWZNRKd,2025-09-15T17:49:39,2025-09-15T19:36:39,
2103,482,tablet,LUevJkVxvT,2025-09-22T18:27:51,2025-09-22T20:03:51,236
2104,608,phone,oBdK0ygQ3Q,2025-10-29T11:30:47,2025-10-29T11:33:47,68671
2105,963,tablet,gsUo6U0Eme,2025-07-01T13:27:15,2025-07-01T14:41:15,
2106,791,tablet,8oqzvbmXgS,2025-09-29T18:55:10,2025-09-29T18:56:10,18592
2107,498,laptop,vpPLbgnbMb,2025-07-14T18:10:20,2025-07-14T19:18:20,
2108,161,tablet,5KVhfJZ6Qt,2025-11-04T22:07:28,2025-11-04T22:58:28,79867
2109,931,laptop,xhuzHa9bYw,2025-09-25T16:04:19,2025-09-25T17:37:19,
2110,535,tablet,f5lhz4uyvN,2025-11-12T04:32:11,2025-11-12T06:11:11,
2111,703,tablet,M9S4vp3WBt,2025-11-04T19:16:17,2025-11-04T21:00:17,
2112,410,laptop,FdtQMuWU7A,2025-08-28T19:19:42,2025-08-28T20:10:42,
2113,616,tablet,Al4wfdyuWE,2025-07-09T02:44:22,2025-07-09T04:44:22,
2114,104,tablet,LG6AxAYBeF,2025-10-28T05:50:06,2025-10-28T06:38:06,
2115,809,phone,xo5pWSciM8,2025-07-27T23:34:10,2025-07-27T23:49:10,54630
2116,631,tablet,S2hhHDrRqC,2025-08-06T11:49:21,2025-08-06T12:44:21,64780
2117,831,tablet,XI8mqoXSGv,2025-09-07T18:46:25,2025-09-07T20:13:25,52367
2118,776,phone,qSRXb83ogU,2025-10-03T20:26:17,2025-10-03T21:01:17,
2119,668,laptop,bCGOFp8iEN,2025-06-24T10:40:46,2025-06-24T12:15:46,
2120,520,laptop,lvrAGlyPSm,2025-11-22T18:10:51,2025-11-22T18:45:51,
2121,237,phone,755O0NQVP7,2025-08-06T09:42:07,2025-08-06T11:04:07,
2122,941,phone,KlNXCpiZFN,2025-10-19T01:55:50,2025-10-19T02:56:50,
2123,809,laptop,4Gseg0B9Dp,2025-11-06T09:26:16,2025-11-06T11:08:16,
2124,927,laptop,2uy2ruNhxZ,2025-07-25T01:07:05,2025-07-25T01:13:05,41030
2125,222,laptop,EYxEqQcyoF,2025-09-07T11:46:17,2025-09-07T11:47:17,17097
2126,10,phone,SRnFo9LFIF,2025-06-10T14:36:45,2025-06-10T15:37:45,
2127,495,laptop,HgxeR0eixj,2025-07-31T14:28:51,2025-07-31T14:32:51,
2128,551,laptop,Ote2BuIs3m,2025-08-30T12:50:32,2025-08-30T13:58:32,86827
2129,625,phone,jpgIdoz7dn,2025-08-13T08:36:57,2025-08-13T10:20:57,
2130,27,phone,tA1AJgKqcU,2025-07-29T16:36:32,2025-07-29T18:14:32,5190
2131,960,phone,lcPKBLKw0J,2025-08-10T00:29:18,2025-08-10T01:36:18,
2132,664,phone,kTpcYhq2eo,2025-11-20T16:59:22,2025-11-20T18:17:22,85124
2133,759,laptop,DxTfNbpA9F,2025-11-18T11:43:14,2025-11-18T11:43:14,14334
2134,317,laptop,6Y9zAIcTC3,2025-09-03T18:21:47,2025-09-03T18:49:47,70760
2135,175,phone,50xzGHTDnp,2025-09-28T03:07:30,2025-09-28T04:02:30,
2136,77,tablet,FUI1CnJJgb,2025-08-19T19:01:18,2025-08-19T19:43:18,
2137,221,tablet,4adkLGPzma,2025-06-10T22:26:05,2025-06-10T23:59:05,
2138,946,laptop,ohQ9ontYV9,2025-11-05T11:51:05,2025-11-05T12:06:05,84606
2139,755,laptop,WmiBHVrz9n,2025-09-07T19:10:26,2025-09-07T19:26:26,
2140,221,phone,80zaNvK8qp,2025-09-30T01:09:34,2025-09-30T02:51:34,
2141,632,laptop,9KAmW64KKm,2025-07-21T19:31:03,2025-07-21T20:03:03,72618
2142,536,tablet,teh1vuZZt7,2025-06-08T09:39:31,2025-06-08T09:42:31,
2143,51,tablet,q9ZGTgZ73a,2025-10-17T01:53:27,2025-10-17T03:08:27,
2144,629,tablet,ofRMtlYseH,2025-08-29T14:53:15,2025-08-29T16:22:15,
2145,523,tablet,RrxiXZGdAP,2025-11-03T13:34:19,2025-11-03T14:36:19,7303
2146,189,tablet,BNLbrrnLb2,2025-09-17T01:45:07,2025-09-17T02:41:07,
2147,763,phone,uqYuXHtvKr,2025-07-24T15:35:15,2025-07-24T15:39:15,63213
2148,68,phone,0BI5rZWsud,2025-06-20T06:30:52,2025-06-20T06:58:52,
2149,350,phone,GF5ciwLcRy,2025-10-18T11:50:28,2025-10-18T13:42:28,
2150,667,tablet,1eftK9X22R,2025-06-30T08:15:58,2025-06-30T08:51:58,
2151,370,tablet,4pibQcl3BK,2025-10-28T00:05:23,2025-10-28T01:12:23,34225
2152,516,phone,ObZrCE1ooO,2025-07-01T19:01:42,2025-07-01T19:06:42,18766
2153,319,phone,OGzqmRF9HZ,2025-06-07T09:45:55,2025-06-07T09:57:55,
2154,552,laptop,wmAfTpLIt4,2025-08-17T18:49:40,2025-08-17T20:33:40,29454
2155,960,phone,SqFa0Eo1M8,2025-08-22T18:19:32,2025-08-22T18:42:32,7925
2156,544,tablet,6J4x3sdxQK,2025-07-27T05:45:02,2025-07-27T05:57:02,
2157,39,tablet,xNY4Q9Rzlg,2025-07-12T13:17:40,2025-07-12T13:23:40,
2158,390,tablet,2b2kk2k10R,2025-06-14T23:39:59,2025-06-15T01:36:59,2556
2159,987,tablet,WG0X1FPzyY,2025-06-23T19:53:40,2025-06-23T21:29:40,
2160,832,tablet,hrPiVFD2Pt,2025-09-30T07:12:13,2025-09-30T07:28:13,
2161,848,laptop,CWwA6nny28,2025-07-30T16:00:40,2025-07-30T16:43:40,
2162,837,laptop,AXe4p0UEJE,2025-08-25T00:19:01,2025-08-25T01:55:01,
2163,573,laptop,dtHS4am6Q6,2025-06-07T16:12:55,2025-06-07T16:12:55,73173
2164,551,tablet,SiaIeVBTH6,2025-07-29T06:21:38,2025-07-29T06:52:38,
2165,44,phone,ZluRPNv9dC,2025-08-17T00:59:37,2025-08-17T01:35:37,
2166,788,tablet,IaCsGj4E2Z,2025-08-07T12:33:38,2025-08-07T13:02:38,
2167,952,phone,B3TomGDZwN,2025-05-30T22:36:35,2025-05-30T23:45:35,56631
2168,195,phone,wuEDyB96LO,2025-07-10T03:52:12,2025-07-10T04:05:12,
2169,911,laptop,tN7NgwcPS6,2025-11-07T04:45:34,2025-11-07T05:54:34,
2170,12,laptop,cFrMMsKWie,2025-08-09T16:30:20,2025-08-09T16:39:20,
2171,936,phone,RmamhE6yzJ,2025-11-02T17:42:02,2025-11-02T19:37:02,88527
2172,114,tablet,JnZpCIOfYG,2025-10-03T21:31:50,2025-10-03T22:00:50,55578
2173,999,laptop,L4qPmjRmld,2025-09-08T08:05:27,2025-09-08T09:47:27,21682
2174,175,phone,VxALro6KgA,2025-07-03T09:58:34,2025-07-03T10:44:34,81894
2175,552,laptop,u8FqOsbR6h,2025-08-16T11:31:47,2025-08-16T12:37:47,59645
2176,161,laptop,2IMH0Vc75m,2025-11-06T07:05:21,2025-11-06T08:56:21,14227
2177,865,tablet,zZRXwkWCqo,2025-07-27T03:42:02,2025-07-27T04:07:02,96733
2178,920,laptop,My7PMWAD8L,2025-07-25T11:53:03,2025-07-25T12:00:03,57755
2179,620,phone,fkiqZRBJS5,2025-11-10T15:51:24,2025-11-10T16:44:24,
2180,133,laptop,nkOl1q1c8n,2025-06-06T17:39:49,2025-06-06T19:39:49,52660
2181,85,laptop,aBH3Ax0YlI,2025-08-27T01:42:48,2025-08-27T02:35:48,
2182,643,laptop,F6PE5LhfJS,2025-10-23T21:20:18,2025-10-23T23:19:18,
2183,254,tablet,daqrMLatGE,2025-10-01T18:26:28,2025-10-01T19:54:28,29765
2184,594,laptop,DCe51wVD81,2025-09-10T11:45:40,2025-09-10T12:51:40,28876
2185,733,laptop,YZoOLWfBWt,2025-10-18T15:27:21,2025-10-18T15:43:21,
2186,383,laptop,3J94rUgmon,2025-08-26T10:25:43,2025-08-26T11:28:43,95458
2187,122,tablet,myQJNlq0KW,2025-10-25T09:59:52,2025-10-25T11:39:52,
2188,141,tablet,MFTHx9EK0c,2025-08-05T23:32:43,2025-08-05T23:38:43,
2189,780,tablet,5rJK2RkvTs,2025-05-30T17:44:11,2025-05-30T17:47:11,
2190,154,tablet,cE0t0PACf7,2025-10-03T14:23:19,2025-10-03T14:29:19,11944
2191,444,phone,qXZQZDoM8B,2025-10-22T09:12:31,2025-10-22T09:44:31,
2192,727,tablet,noOjz6q2aj,2025-06-03T08:28:51,2025-06-03T09:44:51,
2193,556,phone,pobXhXwfTF,2025-06-11T02:20:09,2025-06-11T03:28:09,96568
2194,706,phone,W2N0TJbqW2,2025-11-09T13:41:11,2025-11-09T14:09:11,62547
2195,582,phone,fZmyTGeJVd,2025-10-08T11:46:39,2025-10-08T12:45:39,
2196,994,laptop,HR1jAdTqko,2025-07-04T02:34:54,2025-07-04T04:19:54,76982
2197,963,laptop,c6i4HxEO3O,2025-10-12T16:34:51,2025-10-12T17:18:51,
2198,950,phone,KJVFbSTR5z,2025-06-15T11:02:52,2025-06-15T12:08:52,
2199,417,tablet,ovYlL5dvQQ,2025-11-04T12:19:06,2025-11-04T13:14:06,23343
2200,437,laptop,G9j2VDEl94,2025-07-06T05:26:49,2025-07-06T06:57:49,
2201,616,phone,7gUYVrA4Ds,2025-10-02T08:07:11,2025-10-02T09:17:11,
2202,531,tablet,d0kvg3dxdN,2025-08-18T10:55:36,2025-08-18T11:23:36,
2203,508,phone,HKPpk2OewD,2025-10-15T04:34:16,2025-10-15T04:45:16,
2204,465,phone,BmWojWspPQ,2025-07-21T17:14:22,2025-07-21T18:12:22,
2205,688,phone,QQUoz4cSMv,2025-09-18T16:25:48,2025-09-18T17:46:48,
2206,107,tablet,TJTtLLp95n,2025-11-04T06:43:15,2025-11-04T06:47:15,26443
2207,524,phone,7BuLZYyNg5,2025-10-06T11:22:17,2025-10-06T11:55:17,43815
2208,567,laptop,BPkQGLnr4K,2025-10-02T04:52:43,2025-10-02T05:23:43,
2209,340,laptop,U3TRa4fKGj,2025-06-23T07:08:28,2025-06-23T08:18:28,
2210,522,phone,c6GELxM0Po,2025-07-10T00:16:03,2025-07-10T01:10:03,
2211,678,phone,A6yFudSqxB,2025-07-15T13:11:11,2025-07-15T13:53:11,36173
2212,175,tablet,4ggjxlzjw9,2025-06-15T16:19:02,2025-06-15T16:30:02,82548
2213,439,laptop,u1d7ypkOOD,2025-07-22T02:06:47,2025-07-22T04:04:47,
2214,828,laptop,Xkc2fbqaO0,2025-06-10T08:38:30,2025-06-10T10:25:30,
2215,750,laptop,3EsFPqXlhh,2025-07-08T14:05:44,2025-07-08T16:01:44,
2216,508,laptop,IFqzUN6yVT,2025-08-29T14:59:50,2025-08-29T15:49:50,
2217,630,laptop,UzQUc0tG2R,2025-07-07T14:52:57,2025-07-07T16:01:57,
2218,554,laptop,Q1iwnrc1dM,2025-09-17T10:08:00,2025-09-17T11:32:00,
2219,677,laptop,uPuHY0CTNd,2025-10-23T13:28:08,2025-10-23T14:17:08,
2220,491,tablet,ReroNIxRP8,2025-08-22T02:53:24,2025-08-22T04:39:24,
2221,738,tablet,XWyQKGKJXn,2025-06-17T11:29:50,2025-06-17T13:21:50,85380
2222,413,phone,EWQMxYPcoR,2025-09-08T09:11:54,2025-09-08T09:38:54,
2223,66,laptop,gxl2RBaxfx,2025-06-11T23:00:24,2025-06-11T23:39:24,5121
2224,136,phone,IlqsuwCs2T,2025-08-17T16:06:32,2025-08-17T16:44:32,20784
2225,641,laptop,xUEHq7aWIe,2025-07-05T07:50:24,2025-07-05T09:16:24,70873
2226,248,laptop,AuRCj83D5k,2025-07-02T16:48:47,2025-07-02T18:22:47,52493
2227,616,laptop,8b6J5wgcvb,2025-06-28T22:19:27,2025-06-28T23:35:27,29584
2228,613,tablet,f7ptuABVPU,2025-06-17T08:24:19,2025-06-17T09:02:19,2350
2229,619,phone,GxmT1iYut4,2025-08-05T16:17:44,2025-08-05T18:13:44,74226
2230,397,phone,5hV1B7D7uM,2025-10-12T23:40:15,2025-10-13T01:03:15,
2231,720,laptop,gYpzFZqlB7,2025-08-01T11:26:02,2025-08-01T12:07:02,11687
2232,113,tablet,v1tNY72R55,2025-06-13T10:52:36,2025-06-13T11:39:36,14236
2233,475,laptop,65vQSKd9pW,2025-08-02T01:05:00,2025-08-02T02:47:00,
2234,73,tablet,VuwFxOV1J7,2025-11-01T00:50:10,2025-11-01T00:53:10,6269
2235,543,phone,SlyVwOjm0U,2025-10-06T08:38:10,2025-10-06T09:45:10,54962
2236,21,phone,JpLeOSurhr,2025-06-28T13:31:33,2025-06-28T15:25:33,
2237,345,laptop,Vxgs0bP7rr,2025-08-07T06:11:12,2025-08-07T07:17:12,
2238,763,tablet,Jqf8BD7xc3,2025-09-07T11:25:31,2025-09-07T12:31:31,
2239,373,tablet,5MmYSXcKcp,2025-08-20T14:36:48,2025-08-20T15:36:48,1223
2240,982,tablet,prtnagd6ye,2025-10-22T02:29:52,2025-10-22T04:03:52,
2241,1000,laptop,0Xfm7FhQLF,2025-11-25T14:36:58,2025-11-25T15:54:58,81215
2242,547,tablet,kSi93uqce3,2025-06-23T14:02:46,2025-06-23T14:41:46,79390
2243,600,tablet,GEZPUnUqTY,2025-11-09T07:47:52,2025-11-09T07:47:52,27025
2244,138,phone,nuFr8yerJZ,2025-06-16T08:47:16,2025-06-16T10:14:16,
2245,153,laptop,R6a4NSPasn,2025-09-15T11:43:03,2025-09-15T13:39:03,
2246,703,laptop,yELKdlW5aI,2025-06-21T04:18:25,2025-06-21T05:37:25,
2247,688,tablet,I69TT5pLYG,2025-11-21T21:37:07,2025-11-21T22:28:07,16283
2248,640,phone,UiK6ZhDAmu,2025-11-22T19:59:09,2025-11-22T21:07:09,
2249,219,phone,goq9sjqqOi,2025-08-28T09:41:40,2025-08-28T10:22:40,40961
2250,452,tablet,2Yy1sTDGPd,2025-07-31T08:46:07,2025-07-31T10:22:07,
2251,440,laptop,dfCjmFrz9B,2025-08-24T11:09:09,2025-08-24T11:23:09,
2252,174,laptop,hzuIApDnFM,2025-11-21T22:42:01,2025-11-22T00:34:01,20260
2253,568,phone,tECw9Or9qY,2025-08-06T14:29:08,2025-08-06T16:16:08,61923
2254,273,laptop,wQ3NuTQBlH,2025-10-17T07:49:17,2025-10-17T08:37:17,78465
2255,320,laptop,iXiGKLMaIB,2025-06-04T11:04:15,2025-06-04T12:06:15,39333
2256,214,tablet,vTvQFMKrsN,2025-10-19T04:13:31,2025-10-19T05:18:31,
2257,473,laptop,tsXrB1FiKK,2025-11-12T03:54:15,2025-11-12T04:45:15,
2258,965,phone,4CpbmCX78a,2025-11-25T14:28:44,2025-11-25T15:41:44,5152
2259,630,tablet,886MERCWzt,2025-09-29T11:04:20,2025-09-29T12:40:20,
2260,663,phone,KeecmAkm60,2025-09-17T05:40:00,2025-09-17T07:04:00,
2261,986,laptop,4t9oqvoZMy,2025-11-23T12:39:26,2025-11-23T13:00:26,
2262,272,tablet,KkCaiPFrIt,2025-09-28T05:14:09,2025-09-28T06:56:09,
2263,328,phone,dFENDqDfyh,2025-10-11T20:58:37,2025-10-11T22:30:37,
2264,543,tablet,tPUZ22OWIb,2025-10-11T08:04:55,2025-10-11T09:15:55,60459
2265,521,tablet,W18EsbphNy,2025-10-07T09:00:06,2025-10-07T10:27:06,
2266,121,tablet,qvtTfKW9fN,2025-08-16T19:55:55,2025-08-16T20:45:55,
2267,198,phone,B6beTYeNjn,2025-07-12T11:06:42,2025-07-12T13:06:42,
2268,418,tablet,VQNyzfGFBo,2025-06-25T01:23:00,2025-06-25T02:15:00,
2269,694,tablet,84tuvnU6bi,2025-08-28T12:36:35,2025-08-28T13:45:35,
2270,39,laptop,kyUTNOjhnR,2025-10-17T01:10:22,2025-10-17T02:00:22,
2271,802,tablet,tjtCdhTAXe,2025-11-14T17:11:36,2025-11-14T18:32:36,
2272,731,laptop,EFJYiA20ru,2025-06-11T00:40:48,2025-06-11T02:15:48,7205
2273,169,phone,YNe3nUIpXd,2025-09-25T06:27:00,2025-09-25T08:05:00,57014
2274,867,laptop,NvjEOkU18E,2025-08-15T11:32:00,2025-08-15T11:55:00,
2275,463,tablet,ZznAyANt2U,2025-09-20T11:20:26,2025-09-20T11:29:26,
2276,502,tablet,aE0ATFmzHn,2025-11-16T18:26:09,2025-11-16T20:23:09,28754
2277,930,phone,gyFQd9TZ1I,2025-08-21T21:43:24,2025-08-21T23:03:24,
2278,122,laptop,I3hT7nsN5K,2025-06-12T09:52:56,2025-06-12T10:50:56,
2279,746,tablet,1CMVjfGlBj,2025-10-30T01:56:06,2025-10-30T02:40:06,75072
2280,758,laptop,Rq4kI7pDqI,2025-07-09T08:20:37,2025-07-09T10:05:37,78058
2281,423,tablet,N6762478GA,2025-07-15T06:06:30,2025-07-15T07:41:30,
2282,899,laptop,PlvkQvUvKj,2025-05-30T19:19:43,2025-05-30T20:37:43,85653
2283,80,phone,u5KdFy8Fa5,2025-06-20T09:13:37,2025-06-20T10:28:37,
2284,481,phone,JD51azG3Gm,2025-07-02T01:58:13,2025-07-02T03:53:13,
2285,175,laptop,QgeZGxekr5,2025-10-02T18:30:39,2025-10-02T19:34:39,6891
2286,902,phone,oQcA5qCRP2,2025-08-17T13:55:30,2025-08-17T15:03:30,74545
2287,538,laptop,86FYH0e3dB,2025-10-15T06:11:58,2025-10-15T06:32:58,45383
2288,50,tablet,JnslhXMaT6,2025-10-06T18:09:55,2025-10-06T19:10:55,
2289,875,tablet,2W0cUJah6p,2025-11-14T12:45:02,2025-11-14T13:33:02,22243
2290,151,laptop,HqsAYEcKIA,2025-05-30T21:50:31,2025-05-30T22:58:31,96481
2291,859,phone,PHgkOsFEOH,2025-08-16T13:33:38,2025-08-16T14:15:38,
2292,901,phone,M2SQA65cuW,2025-06-04T21:03:22,2025-06-04T22:03:22,88138
2293,47,phone,JmnNsFbUvL,2025-09-03T11:41:24,2025-09-03T13:18:24,84775
2294,477,tablet,5UGeyHH6yH,2025-08-20T17:10:22,2025-08-20T18:00:22,
2295,880,tablet,TTUp78KrZ6,2025-07-08T13:23:20,2025-07-08T14:31:20,45905
2296,358,tablet,R4ZTMaY1oZ,2025-06-02T09:07:13,2025-06-02T09:43:13,
2297,957,phone,E1IN11L5Mr,2025-10-19T06:36:54,2025-10-19T07:46:54,80532
2298,261,laptop,6wOyfT6Zsf,2025-06-27T12:12:20,2025-06-27T13:55:20,
2299,373,phone,ue6L4WrvI7,2025-11-05T13:25:45,2025-11-05T13:51:45,
2300,171,tablet,odZ3SEUQs8,2025-09-14T02:33:48,2025-09-14T03:11:48,16128
2301,981,laptop,WLAmhuX1k2,2025-07-01T03:39:22,2025-07-01T03:40:22,
2302,144,tablet,Ap6QXBP7pP,2025-10-09T23:17:58,2025-10-09T23:39:58,
2303,316,tablet,nQKEqLXTGn,2025-11-02T05:24:33,2025-11-02T06:01:33,
2304,923,phone,Zi09aMSCwy,2025-08-09T10:53:07,2025-08-09T11:30:07,
2305,25,tablet,vU0kGZ8OaK,2025-08-03T02:13:03,2025-08-03T02:56:03,
2306,51,phone,ClcktzDwib,2025-09-23T04:27:55,2025-09-23T06:14:55,29374
2307,899,tablet,16D3PXOpuO,2025-10-20T10:22:57,2025-10-20T10:56:57,
2308,638,phone,LIXIS8qzcv,2025-06-12T12:34:29,2025-06-12T13:52:29,
2309,482,laptop,FHY6AuAecW,2025-06-16T13:22:26,2025-06-16T14:43:26,
2310,38,tablet,3tOKUELnTI,2025-07-20T02:46:00,2025-07-20T03:35:00,58859
2311,220,phone,AZ77eZ532N,2025-06-26T08:23:10,2025-06-26T09:46:10,
2312,240,laptop,taxOGdjtsi,2025-09-16T06:29:15,2025-09-16T08:05:15,
2313,133,laptop,8gxsXZECfn,2025-10-26T19:10:11,2025-10-26T19:29:11,
2314,639,laptop,bleFa50Zbv,2025-08-10T16:45:11,2025-08-10T18:41:11,
2315,542,laptop,Cwn6vXJPyX,2025-08-25T04:31:51,2025-08-25T05:37:51,
2316,944,tablet,qApmUMvPTv,2025-06-18T09:13:00,2025-06-18T11:04:00,15534
2317,390,phone,4gRVXGs6p2,2025-08-15T04:10:03,2025-08-15T05:59:03,16426
2318,435,laptop,FbXxyViqkR,2025-09-19T20:41:56,2025-09-19T21:33:56,
2319,317,laptop,wUYYgk7J3T,2025-08-09T18:48:54,2025-08-09T20:25:54,
2320,977,phone,0k8lykwkaE,2025-08-31T17:02:48,2025-08-31T18:51:48,19919
2321,422,tablet,SvM3pyXON9,2025-06-07T03:32:11,2025-06-07T04:13:11,
2322,854,tablet,YPcQRxm0kz,2025-06-08T01:32:04,2025-06-08T02:23:04,
2323,539,tablet,n4sk8FKtOt,2025-09-24T21:39:45,2025-09-24T23:39:45,
2324,273,laptop,a9uYJTaIHy,2025-08-07T07:50:28,2025-08-07T09:45:28,
2325,77,tablet,AxpNbQTzf5,2025-11-27T05:30:56,2025-11-27T05:41:56,
2326,63,phone,6g0nad5Ixn,2025-07-25T14:59:30,2025-07-25T16:31:30,69070
2327,484,tablet,9BO3VmghMN,2025-07-21T04:24:43,2025-07-21T05:36:43,
2328,39,phone,7Fwn6yD06L,2025-09-20T20:01:05,2025-09-20T21:06:05,11343
2329,397,laptop,qcmhQtEzH9,2025-11-06T18:59:19,2025-11-06T20:25:19,
2330,782,phone,WzlmFH3H9N,2025-07-22T01:17:45,2025-07-22T01:25:45,34262
2331,876,tablet,r7IYQL3UPe,2025-08-01T14:06:26,2025-08-01T15:07:26,7529
2332,49,tablet,Tf2xihCmAP,2025-11-21T11:53:27,2025-11-21T13:07:27,
2333,2,phone,v4ZuUqZZjQ,2025-06-28T04:06:04,2025-06-28T05:23:04,
2334,483,tablet,wgrQIBNbpw,2025-11-05T00:34:39,2025-11-05T01:49:39,
2335,58,phone,65xAWjvYea,2025-11-21T02:00:16,2025-11-21T03:10:16,
2336,864,laptop,zXkvKZ2iqB,2025-07-01T23:42:19,2025-07-02T01:04:19,43633
2337,851,tablet,vEiFZDgJzq,2025-09-06T13:16:47,2025-09-06T15:13:47,
2338,255,phone,zZwcZQMRv4,2025-09-16T00:51:11,2025-09-16T02:06:11,
2339,881,laptop,PistCGynLs,2025-07-15T01:04:56,2025-07-15T02:05:56,
2340,702,phone,rZWFBeJsiw,2025-10-14T14:51:14,2025-10-14T16:16:14,
2341,115,phone,mZemMLmKbU,2025-08-31T23:37:07,2025-09-01T00:20:07,
2342,355,phone,iao2vckEkY,2025-09-29T13:58:37,2025-09-29T15:07:37,
2343,870,phone,d0isHbskxj,2025-07-21T13:37:15,2025-07-21T14:47:15,
2344,963,phone,wrlLgaX5nH,2025-06-22T10:03:05,2025-06-22T10:16:05,
2345,354,tablet,F61fi9EVyd,2025-07-30T04:13:19,2025-07-30T04:15:19,
2346,208,tablet,0VB12iXhYQ,2025-10-16T04:52:25,2025-10-16T05:31:25,
2347,12,tablet,edJnzMKsHF,2025-09-15T00:24:05,2025-09-15T01:56:05,
2348,73,tablet,N3dvze3wtE,2025-11-06T10:57:50,2025-11-06T11:51:50,
2349,257,laptop,MOo8Kv590S,2025-08-02T11:30:20,2025-08-02T11:34:20,99130
2350,768,laptop,8pic5oaWIk,2025-10-30T20:18:48,2025-10-30T21:15:48,97067
2351,426,phone,yIqhPrLZt7,2025-10-10T10:47:48,2025-10-10T11:31:48,15603
2352,734,laptop,5nIuvcq8jy,2025-07-22T03:22:06,2025-07-22T04:58:06,
2353,145,phone,vQl77hDnQc,2025-09-15T14:28:32,2025-09-15T16:08:32,51032
2354,390,laptop,yUWVoq69TP,2025-06-02T20:42:09,2025-06-02T21:29:09,46733
2355,304,phone,wm7rcoB9qG,2025-07-01T09:03:01,2025-07-01T10:14:01,12905
2356,749,laptop,OKvUiUfAVf,2025-10-13T21:32:50,2025-10-13T22:26:50,95762
2357,187,laptop,L2thn7sx8a,2025-10-20T09:25:47,2025-10-20T11:14:47,
2358,251,phone,S9P2vPItWv,2025-09-17T13:15:42,2025-09-17T15:04:42,6158
2359,446,phone,PQiZlYgwHJ,2025-11-01T18:13:57,2025-11-01T18:46:57,77003
2360,640,phone,KlftM4IHod,2025-07-18T07:48:49,2025-07-18T09:00:49,
2361,181,tablet,7dqOk6dfwL,2025-10-22T20:08:53,2025-10-22T21:27:53,56219
2362,358,tablet,WsCywhEuDY,2025-07-29T04:51:25,2025-07-29T05:12:25,
2363,320,phone,YPSll90sJp,2025-09-18T17:07:15,2025-09-18T17:39:15,
2364,460,tablet,8lJjbOJPzv,2025-07-29T09:54:09,2025-07-29T11:54:09,1481
2365,784,phone,uOEajZnoER,2025-09-21T03:05:23,2025-09-21T03:59:23,
2366,797,tablet,Q7pfMYJQQV,2025-10-09T22:17:50,2025-10-09T23:10:50,3403
2367,172,laptop,C31uCMMCsr,2025-07-24T06:17:54,2025-07-24T07:25:54,
2368,330,laptop,n0JN23B1T7,2025-08-31T05:50:30,2025-08-31T07:11:30,
2369,274,tablet,Pr464h9eVJ,2025-09-11T04:56:24,2025-09-11T06:18:24,
2370,59,tablet,9VFlc9z1Qm,2025-06-02T18:47:12,2025-06-02T19:17:12,88416
2371,678,laptop,JoxKNs0agI,2025-09-28T11:52:02,2025-09-28T12:49:02,45364
2372,680,tablet,5ip5xzO8J7,2025-06-22T13:22:28,2025-06-22T14:47:28,96059
2373,471,phone,R97TIEdG2y,2025-07-04T12:48:33,2025-07-04T13:59:33,
2374,137,tablet,8N6rAoIurv,2025-08-30T02:36:51,2025-08-30T03:36:51,
2375,80,laptop,pthaP1TqTb,2025-07-21T17:51:28,2025-07-21T18:37:28,61225
2376,789,tablet,aCDtAfvjqq,2025-09-07T21:27:38,2025-09-07T23:14:38,9498
2377,539,tablet,CONk499NdY,2025-08-15T09:25:06,2025-08-15T10:39:06,
2378,11,phone,lhcJrz0mHu,2025-08-09T20:50:23,2025-08-09T21:51:23,
2379,944,laptop,jIuebT0VcF,2025-09-12T07:45:04,2025-09-12T07:45:04,38777
2380,134,laptop,bezChpquKi,2025-06-06T23:37:28,2025-06-07T00:28:28,40651
2381,821,laptop,r7YHa5Orjz,2025-09-04T17:02:45,2025-09-04T18:59:45,
2382,482,laptop,KqBAjBn4Us,2025-07-19T14:24:07,2025-07-19T14:50:07,7109
2383,822,tablet,1RPRRYrjOI,2025-09-08T04:25:26,2025-09-08T04:26:26,18750
2384,137,laptop,ck0FNJRgU3,2025-06-20T02:23:17,2025-06-20T03:50:17,
2385,710,phone,DeEKAYe9Nc,2025-11-25T15:37:47,2025-11-25T16:31:47,
2386,334,phone,MwJdHq8vZN,2025-09-25T14:56:59,2025-09-25T16:54:59,78922
2387,380,phone,sCkjdMKdPI,2025-09-19T19:13:34,2025-09-19T19:55:34,
2388,784,laptop,1vB4YXTVMK,2025-07-17T00:44:18,2025-07-17T01:29:18,
2389,236,tablet,BbP1MgqgaS,2025-06-28T16:31:27,2025-06-28T17:58:27,
2390,480,tablet,RLKSYD4OTO,2025-11-17T06:11:03,2025-11-17T08:05:03,
2391,712,laptop,1GpQV1Lbz1,2025-11-11T22:46:39,2025-11-11T23:47:39,
2392,131,phone,8leFOLQIpB,2025-10-11T19:18:44,2025-10-11T21:05:44,6419
2393,674,phone,VtvrZ5JhY7,2025-11-04T10:30:52,2025-11-04T11:56:52,32582
2394,716,laptop,inOaqeavZh,2025-06-16T15:05:40,2025-06-16T15:25:40,62661
2395,570,laptop,zlBaS4TSlB,2025-11-03T06:45:19,2025-11-03T08:14:19,
2396,846,laptop,0ebECERFYk,2025-09-13T22:53:48,2025-09-13T22:56:48,41219
2397,934,laptop,sYipgnIEbb,2025-10-02T14:03:55,2025-10-02T15:03:55,84886
2398,721,tablet,wOdTXySe3M,2025-09-19T17:29:22,2025-09-19T18:24:22,
2399,27,tablet,BWURNr4xwY,2025-11-02T18:04:24,2025-11-02T18:06:24,99790
2400,172,tablet,t7cs56yeYA,2025-08-16T15:25:10,2025-08-16T15:34:10,
2401,979,phone,iNs23GsJPE,2025-07-07T10:59:49,2025-07-07T12:23:49,
2402,88,phone,J0pEnEDcOe,2025-08-27T01:30:17,2025-08-27T02:14:17,
2403,735,phone,vaVN2ZcqpK,2025-08-15T15:54:37,2025-08-15T17:23:37,
2404,275,laptop,kBrHKs0m0f,2025-05-30T21:55:06,2025-05-30T22:51:06,63713
2405,747,phone,xTTGzJ0Uc5,2025-08-11T15:12:50,2025-08-11T16:10:50,
2406,377,laptop,xlBFU918ju,2025-10-04T00:17:54,2025-10-04T00:42:54,
2407,955,laptop,LXiZ9MHzld,2025-05-31T01:18:15,2025-05-31T02:12:15,
2408,648,tablet,zbqGoXjDvv,2025-07-11T18:01:25,2025-07-11T18:08:25,
2409,58,laptop,1nxQX30s2i,2025-08-12T02:52:19,2025-08-12T03:53:19,
2410,591,laptop,QkHvgOSaaN,2025-06-14T20:46:41,2025-06-14T20:56:41,
2411,179,tablet,EU8N2NDTca,2025-07-14T12:52:37,2025-07-14T14:40:37,90919
2412,201,tablet,ElKSSYGhqv,2025-06-20T08:03:05,2025-06-20T09:48:05,
2413,752,phone,5IN3fwBbUW,2025-07-05T19:16:27,2025-07-05T20:05:27,42937
2414,371,laptop,Ek7LwHXCJ2,2025-08-10T16:31:04,2025-08-10T18:03:04,25934
2415,94,phone,q226IWR9Y8,2025-09-01T05:20:54,2025-09-01T05:38:54,
2416,182,phone,RpMzeomqDR,2025-08-02T01:25:07,2025-08-02T02:42:07,
2417,143,tablet,ZjVYKiP3Zd,2025-06-06T04:16:45,2025-06-06T06:06:45,
2418,207,tablet,oF9eQgJ30N,2025-11-07T15:57:48,2025-11-07T17:56:48,
2419,233,phone,q0w2dGXtSl,2025-10-31T18:54:32,2025-10-31T20:13:32,
2420,467,tablet,Vr4ubHt24j,2025-07-06T02:02:42,2025-07-06T03:32:42,
2421,541,laptop,wz2cjqwOdi,2025-11-14T10:31:14,2025-11-14T12:20:14,74404
2422,39,tablet,BebJ9uHGaN,2025-11-10T07:32:57,2025-11-10T08:21:57,
2423,272,phone,7DrJJu5IY0,2025-08-05T07:29:48,2025-08-05T09:11:48,
2424,85,phone,GMuLrrYd3I,2025-11-06T02:56:30,2025-11-06T04:45:30,91612
2425,518,phone,K4mIzqhp4b,2025-06-12T04:05:47,2025-06-12T05:55:47,
2426,563,tablet,nk8r8ROR2e,2025-11-17T07:15:22,2025-11-17T08:40:22,
2427,993,laptop,IOtvgE3CKP,2025-10-09T08:04:43,2025-10-09T09:34:43,66321
2428,659,tablet,wAnUPvxVwA,2025-06-11T15:15:43,2025-06-11T17:07:43,93038
2429,119,laptop,F76wZCav9r,2025-10-10T17:50:03,2025-10-10T19:12:03,
2430,438,laptop,MqnJJNwQsx,2025-08-20T08:25:48,2025-08-20T09:09:48,18198
2431,903,tablet,iS0mZT1ufJ,2025-08-26T17:28:47,2025-08-26T18:16:47,84069
2432,655,tablet,VXOXVtNcFV,2025-09-05T23:04:26,2025-09-06T01:02:26,
2433,342,tablet,aMhY4VlX3k,2025-10-25T01:45:46,2025-10-25T02:58:46,98056
2434,194,tablet,kuusW2erHq,2025-06-26T09:23:06,2025-06-26T11:15:06,
2435,731,laptop,gX3taI5LPB,2025-08-09T06:16:42,2025-08-09T07:26:42,
2436,129,phone,xzCecC1Q3c,2025-09-27T12:24:54,2025-09-27T13:58:54,25145
2437,254,phone,phIO0AIerj,2025-11-24T23:17:36,2025-11-24T23:41:36,
2438,535,laptop,xUHfp57cBR,2025-09-06T05:11:52,2025-09-06T05:58:52,89863
2439,20,tablet,7x6crxIDhg,2025-06-08T09:08:17,2025-06-08T10:33:17,16518
2440,451,laptop,2bzDB2zPDh,2025-11-26T16:23:39,2025-11-26T17:57:39,
2441,374,phone,U0NZznxbcT,2025-08-21T17:48:28,2025-08-21T19:09:28,
2442,497,tablet,tPy6tomzyf,2025-05-31T03:59:41,2025-05-31T05:57:41,63190
2443,614,phone,8vWCQIkbLg,2025-08-08T16:27:57,2025-08-08T16:35:57,81732
2444,527,tablet,SRya3OOLO8,2025-08-03T10:59:49,2025-08-03T12:05:49,
2445,687,phone,Px70P17tl4,2025-10-20T05:25:33,2025-10-20T06:25:33,
2446,306,tablet,h6PZKXnV73,2025-11-15T23:32:52,2025-11-16T01:15:52,
2447,966,phone,VH4gQTH9Fm,2025-08-04T00:56:09,2025-08-04T01:49:09,
2448,565,phone,dHufigsjow,2025-09-16T16:37:30,2025-09-16T18:18:30,
2449,602,phone,6KWI9WMTNS,2025-06-03T17:53:52,2025-06-03T19:46:52,88587
2450,180,laptop,exsLWpb4mG,2025-11-02T23:57:39,2025-11-03T01:29:39,
2451,711,phone,Nizt7qwU2G,2025-08-10T13:17:47,2025-08-10T14:04:47,
2452,653,laptop,M82KqhA0Ls,2025-10-27T06:55:45,2025-10-27T07:24:45,
2453,992,tablet,dKUHcu3gXt,2025-11-04T09:56:28,2025-11-04T11:39:28,
2454,438,laptop,rTHrYxQzrT,2025-07-24T19:59:32,2025-07-24T21:02:32,49064
2455,616,tablet,rGHFjEVhwi,2025-10-23T19:10:43,2025-10-23T19:23:43,65762
2456,952,tablet,8sv3YB2mA3,2025-09-20T16:24:27,2025-09-20T16:48:27,68614
2457,174,tablet,WIxm15DHak,2025-07-18T12:39:17,2025-07-18T14:30:17,76127
2458,379,phone,VDoxWnSmyn,2025-09-04T16:16:22,2025-09-04T17:28:22,
2459,622,laptop,CaxPS8SHDh,2025-06-08T04:39:57,2025-06-08T05:28:57,
2460,497,laptop,qqERC6TJSZ,2025-08-01T12:25:29,2025-08-01T14:19:29,
2461,881,laptop,qL77Qbya6U,2025-09-27T04:38:09,2025-09-27T04:49:09,55986
2462,473,laptop,rTHSjrNQSw,2025-11-13T16:33:07,2025-11-13T18:30:07,
2463,971,tablet,GKeW70QH1y,2025-10-12T13:48:41,2025-10-12T15:32:41,
2464,131,laptop,nplHR1xxC6,2025-08-03T05:12:21,2025-08-03T06:41:21,
2465,87,phone,JGyx4YaxuX,2025-07-07T19:48:21,2025-07-07T20:20:21,
2466,290,phone,kqBT6yKFzZ,2025-09-22T03:22:53,2025-09-22T04:19:53,
2467,255,laptop,HwXZiOkJXr,2025-06-21T14:58:01,2025-06-21T16:41:01,
2468,539,laptop,lcXlXCReuD,2025-06-13T20:18:25,2025-06-13T21:56:25,56884
2469,46,tablet,fh2uzaXcpS,2025-09-16T09:26:43,2025-09-16T10:01:43,74218
2470,369,phone,tWfotwfJI7,2025-10-18T23:16:37,2025-10-18T23:33:37,73127
2471,285,tablet,Bde0fD5oMs,2025-07-19T21:45:12,2025-07-19T23:19:12,
2472,815,tablet,MeIFjEqZCK,2025-10-26T20:27:52,2025-10-26T20:49:52,57878
2473,737,tablet,H7yvln2TSn,2025-06-05T10:29:17,2025-06-05T11:57:17,14584
2474,486,laptop,1uj2x9l4NB,2025-10-20T05:39:43,2025-10-20T07:15:43,
2475,276,tablet,BCcU14R37n,2025-10-06T02:26:01,2025-10-06T02:31:01,
2476,595,phone,GC6J6yx5Cv,2025-08-12T15:09:14,2025-08-12T15:24:14,61890
2477,505,tablet,fy94vCwJu4,2025-10-27T15:06:56,2025-10-27T15:54:56,
2478,736,tablet,VTqrNh53TN,2025-06-25T17:02:02,2025-06-25T17:20:02,
2479,248,tablet,5xkr7YbsuB,2025-07-15T04:45:20,2025-07-15T05:12:20,
2480,17,tablet,GD4kfG1sk3,2025-11-07T01:16:37,2025-11-07T01:46:37,
2481,772,phone,Ro9m0gbcwJ,2025-09-17T11:25:51,2025-09-17T12:12:51,
2482,568,tablet,pxhAlbEERy,2025-11-10T23:28:13,2025-11-11T00:54:13,
2483,856,laptop,0wJ4elWGJl,2025-09-19T11:23:13,2025-09-19T13:11:13,
2484,414,tablet,L4sOxU3vcL,2025-09-16T09:15:40,2025-09-16T10:51:40,56269
2485,190,tablet,i8Mim2Gxri,2025-09-25T19:30:27,2025-09-25T21:23:27,13350
2486,511,tablet,cgdmxzOaRe,2025-09-11T17:35:34,2025-09-11T18:25:34,
2487,18,tablet,k5g9ilaSko,2025-11-18T04:31:50,2025-11-18T04:47:50,
2488,748,phone,zvHd6crl5r,2025-11-01T17:29:35,2025-11-01T18:35:35,
2489,309,tablet,qaDJ3EzSnC,2025-07-10T14:41:14,2025-07-10T14:54:14,
2490,676,phone,l4QpLfSQmY,2025-10-29T04:36:13,2025-10-29T04:51:13,27538
2491,171,phone,WjRt4Gjjfc,2025-09-13T23:31:01,2025-09-14T01:20:01,
2492,731,phone,Z7gMFDa6AW,2025-07-23T04:37:06,2025-07-23T05:17:06,8808
2493,484,tablet,eqZKIjz9IZ,2025-08-18T19:31:41,2025-08-18T19:45:41,
2494,422,laptop,sxGyUslEgA,2025-10-15T15:37:26,2025-10-15T17:18:26,3998
2495,129,phone,h8mqz7tBD3,2025-11-27T04:49:32,2025-11-27T05:14:32,
2496,144,tablet,PomKGNnwWe,2025-09-06T21:31:35,2025-09-06T22:05:35,
2497,551,phone,IwVfAS54ph,2025-06-13T13:27:07,2025-06-13T14:46:07,
2498,685,phone,KLNH6csvpT,2025-08-07T23:37:08,2025-08-08T00:09:08,
2499,443,laptop,9KoIdZGsdo,2025-09-01T16:34:16,2025-09-01T17:44:16,87203
2500,542,tablet,ieeeEjPxWn,2025-11-16T02:45:05,2025-11-16T03:22:05,
2501,499,laptop,eU1N82uKOi,2025-08-06T09:47:19,2025-08-06T11:14:19,
2502,453,laptop,Kxf1PUddUU,2025-08-09T13:11:08,2025-08-09T15:06:08,
2503,30,laptop,tUzSfgJySl,2025-10-08T23:24:14,2025-10-09T00:09:14,49659
2504,892,phone,V5CbVv1YDw,2025-11-22T13:38:55,2025-11-22T15:04:55,5054
2505,501,phone,izrFn8aHSl,2025-09-03T10:37:09,2025-09-03T11:40:09,
2506,440,laptop,q2knWNtk5L,2025-09-25T06:10:14,2025-09-25T06:22:14,58262
2507,479,phone,cFmMsmdQvN,2025-07-14T20:16:10,2025-07-14T20:23:10,92466
2508,377,phone,8j7qlGQA9y,2025-11-25T06:12:31,2025-11-25T06:19:31,
2509,757,laptop,nVTyoaabTC,2025-06-17T14:11:08,2025-06-17T16:10:08,
2510,626,tablet,hK1rA6RtsB,2025-09-05T16:50:44,2025-09-05T17:57:44,1429
2511,590,laptop,Z9NXfmks1R,2025-08-05T00:33:27,2025-08-05T01:58:27,
2512,74,tablet,uO6u52DEMX,2025-10-05T20:59:16,2025-10-05T21:38:16,
2513,715,tablet,UTpAzhDnow,2025-10-18T19:02:10,2025-10-18T19:39:10,
2514,733,laptop,4f2I0GGpOG,2025-09-04T01:49:58,2025-09-04T03:48:58,7068
2515,269,tablet,zkqHCKporr,2025-10-13T14:53:14,2025-10-13T16:00:14,
2516,441,laptop,xF7S3beDfJ,2025-08-04T17:13:12,2025-08-04T17:59:12,
2517,66,tablet,jrWdl0cDpy,2025-10-30T15:22:13,2025-10-30T16:38:13,52485
2518,352,laptop,3bRD6DfJsY,2025-10-08T16:35:39,2025-10-08T16:39:39,
2519,356,laptop,JezmjOFKDL,2025-10-27T00:40:56,2025-10-27T01:21:56,
2520,555,laptop,9AXOdVi8DA,2025-06-16T16:42:46,2025-06-16T17:11:46,
2521,349,tablet,7wTh1YLDE6,2025-07-04T09:46:11,2025-07-04T11:44:11,13478
2522,136,tablet,3dkfRTECLH,2025-10-20T20:28:12,2025-10-20T21:51:12,21418
2523,584,phone,yBISkwuW7g,2025-07-20T06:50:29,2025-07-20T08:44:29,
2524,134,laptop,1YjISxUoXM,2025-06-03T16:10:06,2025-06-03T16:27:06,
2525,874,laptop,RMPQpjcXRX,2025-08-19T02:53:03,2025-08-19T03:04:03,
2526,628,phone,Icbq6NPgJ8,2025-08-28T06:01:32,2025-08-28T07:24:32,
2527,650,phone,w3zwGiIA8v,2025-06-13T21:57:51,2025-06-13T21:58:51,10846
2528,857,tablet,TSMhRvm5OQ,2025-11-19T22:06:17,2025-11-19T23:09:17,
2529,458,laptop,2aZpVFlSA2,2025-06-24T08:06:21,2025-06-24T09:48:21,
2530,102,phone,MgaNwKr8DW,2025-07-28T11:02:46,2025-07-28T11:12:46,
2531,425,laptop,mcYn0kw9fL,2025-09-28T02:39:37,2025-09-28T03:01:37,
2532,776,laptop,2c3vWNHk5a,2025-06-22T11:28:05,2025-06-22T12:40:05,87078
2533,891,tablet,h4ZkqBRYMy,2025-08-04T23:08:33,2025-08-04T23:11:33,
2534,144,phone,Zzi0AYwECM,2025-06-07T23:29:24,2025-06-08T00:57:24,
2535,933,phone,Sz5ixj8c6H,2025-07-30T00:26:36,2025-07-30T00:33:36,83887
2536,984,phone,Ml5auZRh8V,2025-09-04T22:01:38,2025-09-04T22:11:38,
2537,921,tablet,VCOPze1VS7,2025-10-04T20:44:37,2025-10-04T22:14:37,72028
2538,423,laptop,wuanYZIMuq,2025-08-19T10:47:46,2025-08-19T12:25:46,
2539,394,phone,tSivOWwoGD,2025-07-04T11:38:18,2025-07-04T13:01:18,
2540,7,tablet,fIHF1s8hTS,2025-06-08T02:58:17,2025-06-08T04:07:17,
2541,949,tablet,9gzaJHwV2K,2025-08-14T19:16:44,2025-08-14T20:18:44,73939
2542,643,phone,cQyv7DdJGS,2025-07-16T10:16:40,2025-07-16T10:29:40,15342
2543,85,laptop,kzDO8e5Ibt,2025-06-10T14:59:32,2025-06-10T15:17:32,4425
2544,214,laptop,c4iAqYjoE9,2025-07-10T06:38:41,2025-07-10T07:30:41,
2545,288,laptop,ZRHqtVV6HV,2025-08-21T02:46:26,2025-08-21T03:47:26,92414
2546,813,laptop,jSiElt62qM,2025-11-26T04:39:11,2025-11-26T06:11:11,
2547,280,tablet,9YVDKlizFD,2025-10-07T00:31:22,2025-10-07T02:20:22,
2548,820,tablet,ZU0nYWkCYd,2025-11-10T00:44:40,2025-11-10T02:18:40,
2549,777,laptop,vJEImAOuXx,2025-07-19T07:11:45,2025-07-19T08:23:45,
2550,132,laptop,wskHcAU1rQ,2025-09-17T08:39:51,2025-09-17T09:40:51,
2551,359,laptop,VDALDPTFw4,2025-10-13T19:32:44,2025-10-13T20:04:44,
2552,741,tablet,ikEGqz9ugh,2025-11-18T11:45:24,2025-11-18T12:47:24,98741
2553,185,laptop,gdb7C5X3HU,2025-10-07T22:50:45,2025-10-07T23:19:45,36696
2554,178,laptop,G4fWGQPRW8,2025-11-17T09:30:26,2025-11-17T10:42:26,
2555,428,tablet,pBABhVH0GM,2025-10-29T17:59:55,2025-10-29T19:47:55,
2556,846,laptop,t1q7XXFXMi,2025-08-30T16:58:22,2025-08-30T18:50:22,
2557,889,tablet,pjn11F2WtA,2025-06-28T05:15:28,2025-06-28T06:03:28,19808
2558,631,laptop,IOFpaTFVNP,2025-06-19T09:02:37,2025-06-19T10:07:37,50587
2559,462,phone,iLf5WY7cIJ,2025-07-05T13:17:48,2025-07-05T14:33:48,
2560,961,tablet,0PaKR3QCK7,2025-10-27T16:53:06,2025-10-27T18:36:06,79513
2561,335,phone,CdqyyHPS02,2025-06-09T22:44:40,2025-06-09T23:06:40,49429
2562,542,phone,3BDwtmpLFk,2025-10-03T22:51:08,2025-10-03T23:01:08,
2563,751,tablet,OwThoTHcc6,2025-11-23T10:58:21,2025-11-23T11:01:21,34506
2564,555,tablet,YiwDTJllis,2025-08-25T03:57:08,2025-08-25T05:33:08,12811
2565,499,laptop,SsGIJZUfwm,2025-11-14T06:52:41,2025-11-14T08:50:41,47892
2566,212,tablet,Yqz23crhP0,2025-07-15T20:21:18,2025-07-15T20:44:18,
2567,126,phone,RJ7tfuFfnA,2025-10-04T08:05:00,2025-10-04T09:05:00,
2568,349,laptop,M3WNH0aLgH,2025-07-20T06:22:05,2025-07-20T07:37:05,
2569,495,tablet,Llz5CignFi,2025-07-21T12:07:47,2025-07-21T13:35:47,62538
2570,533,phone,sk7fQus47I,2025-06-18T01:56:54,2025-06-18T03:35:54,
2571,327,laptop,aDNxLZlvs3,2025-10-16T20:12:51,2025-10-16T20:49:51,
2572,912,phone,Y0OWBaZSlV,2025-11-20T04:07:21,2025-11-20T05:20:21,
2573,434,tablet,VK5PwA2LfU,2025-09-10T03:14:17,2025-09-10T04:00:17,
2574,555,phone,T1BEaxnNnR,2025-10-13T15:22:53,2025-10-13T17:10:53,634
2575,850,laptop,SjU3u35iK9,2025-07-22T02:37:23,2025-07-22T04:17:23,
2576,466,tablet,MjToVqaDpR,2025-10-15T11:04:30,2025-10-15T12:38:30,
2577,606,laptop,HYbForDoZE,2025-11-13T17:53:16,2025-11-13T18:48:16,
2578,322,laptop,bL7eTkHdUd,2025-10-08T16:10:10,2025-10-08T17:13:10,
2579,18,tablet,eKhbaf2PNl,2025-07-17T01:00:52,2025-07-17T02:15:52,33664
2580,51,tablet,m2ALzigJeR,2025-07-14T10:03:55,2025-07-14T11:16:55,1558
2581,485,laptop,ZVtBN6durd,2025-09-07T03:15:26,2025-09-07T03:42:26,12772
2582,508,laptop,gVT5pBQhOM,2025-08-11T18:54:12,2025-08-11T20:27:12,
2583,667,laptop,K957cK6TFJ,2025-09-30T21:37:18,2025-09-30T21:52:18,
2584,609,tablet,EljlLLQgLF,2025-06-18T23:48:12,2025-06-19T00:50:12,11745
2585,695,tablet,NSLjD51ICr,2025-10-17T21:29:21,2025-10-17T23:08:21,
2586,483,phone,d4lYvAuxao,2025-10-25T18:33:23,2025-10-25T20:20:23,
2587,264,tablet,mnQcDPxgjq,2025-10-02T16:05:27,2025-10-02T16:16:27,64059
2588,198,laptop,Zuos7MXutK,2025-09-02T04:52:53,2025-09-02T05:52:53,82898
2589,459,phone,qpXcBFWKrY,2025-10-05T02:34:00,2025-10-05T02:36:00,92632
2590,466,phone,4vNlKiEnbr,2025-11-04T06:18:56,2025-11-04T08:04:56,79742
2591,382,laptop,Fe5TR8W4YK,2025-10-28T22:56:06,2025-10-29T00:36:06,
2592,921,phone,VcMsutTMGu,2025-11-11T04:17:02,2025-11-11T04:35:02,
2593,124,laptop,mGmjaK7Kyc,2025-07-13T02:10:45,2025-07-13T02:51:45,
2594,215,tablet,GjxOHjjS1F,2025-07-30T21:59:45,2025-07-30T22:46:45,
2595,751,phone,dGZR12rZfP,2025-10-18T23:06:02,2025-10-18T23:45:02,
2596,393,tablet,osGL9Uqo1W,2025-09-25T17:50:31,2025-09-25T18:16:31,17144
2597,177,phone,EqA3sL447W,2025-08-29T06:37:07,2025-08-29T07:52:07,
2598,726,phone,LkyEWKEOIZ,2025-07-11T01:24:38,2025-07-11T01:38:38,42399
2599,594,tablet,offWJxoKO9,2025-08-31T23:07:24,2025-08-31T23:15:24,4411
2600,120,phone,Mqf5LvsV0H,2025-07-03T06:13:48,2025-07-03T07:06:48,60374
2601,228,tablet,6O4fF4uK36,2025-10-01T06:04:24,2025-10-01T06:17:24,
2602,241,laptop,G94IpM8Gyv,2025-08-17T20:41:10,2025-08-17T20:49:10,54482
2603,293,phone,hRMVmcqd3g,2025-10-04T03:46:03,2025-10-04T05:37:03,
2604,601,phone,LJw71krPG9,2025-07-11T03:06:54,2025-07-11T03:42:54,82956
2605,766,phone,ikVTqtuflG,2025-07-13T14:18:57,2025-07-13T14:36:57,31456
2606,531,phone,SMl7ZudRCl,2025-08-14T06:18:18,2025-08-14T06:44:18,
2607,588,tablet,Wp3WnNwKqY,2025-10-10T12:18:16,2025-10-10T12:30:16,29619
2608,864,laptop,KVbp48aqXO,2025-06-20T14:43:10,2025-06-20T15:31:10,94767
2609,756,tablet,22LBeONOhU,2025-06-24T10:58:45,2025-06-24T12:04:45,34201
2610,897,phone,BJLTFDUK6j,2025-09-01T00:13:23,2025-09-01T00:38:23,67844
2611,124,tablet,6L0IlgAuNV,2025-06-21T06:22:18,2025-06-21T08:07:18,
2612,592,phone,xoTcDcpvic,2025-10-07T11:49:58,2025-10-07T13:16:58,48715
2613,321,tablet,fF6BvEc7ab,2025-08-12T12:52:02,2025-08-12T13:04:02,
2614,61,phone,8rtPfnNmdI,2025-08-01T16:19:23,2025-08-01T16:45:23,
2615,754,phone,8lLKvcDufG,2025-08-08T04:22:04,2025-08-08T05:58:04,91503
2616,277,tablet,gqZs9HstQz,2025-11-24T00:32:39,2025-11-24T01:35:39,
2617,8,laptop,A9gJzWKsYf,2025-06-14T13:30:38,2025-06-14T14:02:38,38535
2618,475,tablet,tBpb4ia38B,2025-10-19T09:30:37,2025-10-19T10:06:37,
2619,679,tablet,PRHiRiIlhn,2025-07-25T21:13:00,2025-07-25T22:09:00,
2620,105,phone,viXj29t6Cg,2025-06-16T12:30:31,2025-06-16T13:41:31,92994
2621,324,phone,UxuQPZjWEX,2025-06-07T13:49:44,2025-06-07T14:56:44,
2622,252,tablet,yL6mYSy9uh,2025-06-10T03:48:51,2025-06-10T05:25:51,
2623,402,phone,Xw9piQE3x9,2025-09-12T04:44:18,2025-09-12T05:52:18,8342
2624,164,laptop,LdR5CBduqt,2025-06-13T03:45:23,2025-06-13T03:47:23,
2625,9,tablet,POjpaEiF00,2025-10-21T22:41:10,2025-10-22T00:09:10,
2626,979,phone,cXMDUFI7Nr,2025-06-18T21:58:01,2025-06-18T22:30:01,
2627,735,tablet,V8dtXzBkSK,2025-11-07T07:32:48,2025-11-07T08:51:48,25046
2628,46,tablet,G2lga9QEWv,2025-10-16T01:01:03,2025-10-16T02:29:03,68975
2629,65,phone,UjYfG2WaVX,2025-10-07T11:45:28,2025-10-07T13:37:28,36236
2630,618,phone,meEneZMJng,2025-08-07T19:14:18,2025-08-07T20:22:18,
2631,945,phone,xNCxQK0XwF,2025-09-28T11:29:36,2025-09-28T12:31:36,28773
2632,471,tablet,VdRLeDC4rF,2025-09-07T16:04:50,2025-09-07T16:40:50,
2633,343,phone,CWXyKeEsny,2025-10-15T02:48:34,2025-10-15T03:14:34,
2634,571,phone,Go6PmGoOBE,2025-07-31T03:54:07,2025-07-31T05:15:07,49939
2635,777,phone,hOY0OVUBwv,2025-09-06T01:10:38,2025-09-06T02:37:38,70000
2636,125,laptop,JkjCp1XPlj,2025-09-04T04:54:21,2025-09-04T04:55:21,
2637,554,tablet,jMWRAijmvn,2025-08-05T17:14:03,2025-08-05T17:37:03,
2638,748,laptop,CsyT3iq6EY,2025-09-02T01:18:26,2025-09-02T02:35:26,
2639,492,phone,BggiFSKylr,2025-11-18T01:15:49,2025-11-18T01:25:49,35032
2640,87,phone,o5JPd8Bei8,2025-10-06T06:08:18,2025-10-06T07:11:18,37544
2641,231,tablet,InjWMxFYev,2025-07-09T11:47:14,2025-07-09T13:10:14,
2642,394,laptop,nuDdHIlLZ0,2025-06-27T12:19:25,2025-06-27T12:42:25,98601
2643,904,phone,g0vDbxtcq8,2025-11-08T01:04:20,2025-11-08T02:48:20,2055
2644,215,laptop,WeL0cswt4z,2025-08-11T02:10:03,2025-08-11T02:16:03,
2645,544,phone,NeHY8bRvJx,2025-07-04T00:04:18,2025-07-04T00:44:18,
2646,625,laptop,O9esIBGdiY,2025-08-21T17:48:03,2025-08-21T19:39:03,
2647,177,laptop,fV6B4IEsuA,2025-08-24T21:48:29,2025-08-24T23:19:29,73651
2648,650,phone,JFFux9NiHw,2025-06-29T15:05:44,2025-06-29T16:55:44,9608
2649,991,tablet,06BPfj0PSB,2025-09-16T18:45:43,2025-09-16T19:03:43,
2650,514,laptop,bgb8ZGwZGu,2025-06-14T08:53:35,2025-06-14T09:14:35,28823
2651,406,phone,RiDGDCPLAx,2025-10-14T08:47:56,2025-10-14T10:27:56,
2652,497,phone,MZUmcVL7E6,2025-06-25T06:54:57,2025-06-25T08:50:57,
2653,199,laptop,yDo6TRm3lU,2025-09-07T21:44:56,2025-09-07T22:35:56,96544
2654,798,laptop,RgG4M1OxGW,2025-07-17T16:53:55,2025-07-17T17:57:55,
2655,394,tablet,EOw4bSSTCX,2025-11-14T08:00:18,2025-11-14T08:54:18,
2656,321,phone,AluPyiAgYU,2025-07-15T17:57:07,2025-07-15T19:06:07,93246
2657,606,phone,sC9N4vWkgT,2025-06-30T18:00:17,2025-06-30T19:43:17,
2658,305,laptop,f55wyyOrSY,2025-10-18T06:46:32,2025-10-18T07:28:32,
2659,76,tablet,xoD3CuzxPM,2025-06-27T08:44:25,2025-06-27T10:41:25,
2660,655,tablet,p31Ju3ueq1,2025-06-07T22:00:39,2025-06-07T22:44:39,
2661,584,laptop,JOXpKydgQr,2025-11-21T23:10:51,2025-11-22T00:00:51,
2662,280,laptop,gJpmb87riu,2025-06-19T12:58:01,2025-06-19T14:48:01,53472
2663,341,laptop,7vYVbWWs7n,2025-11-09T21:21:00,2025-11-09T22:33:00,
2664,413,tablet,cpYoiUtKXP,2025-11-22T21:58:09,2025-11-22T23:19:09,
2665,487,laptop,GIWFjGTxNg,2025-08-12T19:28:20,2025-08-12T20:09:20,44677
2666,932,phone,lN5CiGaKnM,2025-10-15T19:53:50,2025-10-15T20:01:50,92899
2667,851,phone,6CEVmdD0bF,2025-11-17T18:42:16,2025-11-17T19:20:16,
2668,726,laptop,PW9xlpQfay,2025-10-13T17:12:20,2025-10-13T18:55:20,10778
2669,255,tablet,Vy7lV8F1OW,2025-11-09T07:30:50,2025-11-09T09:26:50,
2670,638,phone,UWNnXIHQPo,2025-08-09T09:57:04,2025-08-09T11:06:04,40518
2671,609,laptop,0wHDYshVmI,2025-08-29T09:07:42,2025-08-29T10:53:42,86755
2672,616,phone,G0HO0iHghv,2025-07-16T02:10:50,2025-07-16T03:54:50,65626
2673,428,tablet,K2RYuryBz7,2025-07-30T00:43:35,2025-07-30T01:58:35,
2674,393,tablet,qAQQkfvAWa,2025-08-04T02:52:36,2025-08-04T04:52:36,
2675,335,tablet,yJIoBI20ac,2025-10-12T01:53:32,2025-10-12T02:03:32,
2676,214,phone,XG9tVtdYUK,2025-11-05T17:05:22,2025-11-05T17:38:22,
2677,550,phone,NUaFxk7L9I,2025-06-25T18:08:42,2025-06-25T18:46:42,81306
2678,133,laptop,QQ7ACzFAnK,2025-09-18T08:09:09,2025-09-18T09:51:09,92689
2679,212,laptop,B2jOQ3wJ1q,2025-06-22T16:43:31,2025-06-22T18:43:31,99812
2680,904,phone,AO4PoeoL6y,2025-09-20T05:00:30,2025-09-20T06:39:30,53802
2681,233,tablet,BNkboNiMmz,2025-09-20T22:04:25,2025-09-20T22:57:25,49133
2682,686,phone,fTUC6iWGng,2025-05-31T18:33:59,2025-05-31T19:47:59,45277
2683,737,tablet,gKJ0x7BB3T,2025-11-25T14:55:16,2025-11-25T15:25:16,
2684,876,phone,rYXy7Eyf6c,2025-10-12T08:51:45,2025-10-12T10:29:45,
2685,301,laptop,nIEMd1YZ5o,2025-09-25T23:35:00,2025-09-26T00:23:00,
2686,834,tablet,pLQZvzMAxk,2025-07-06T14:51:11,2025-07-06T16:00:11,41650
2687,519,laptop,0edM2qLq3w,2025-07-03T19:17:06,2025-07-03T20:26:06,96265
2688,995,tablet,B1Pb2Cyoiu,2025-11-14T03:02:53,2025-11-14T04:14:53,
2689,364,tablet,sFJrdAhBSt,2025-09-07T11:28:22,2025-09-07T13:15:22,44455
2690,186,tablet,zBwTWvYPP9,2025-07-12T11:18:57,2025-07-12T11:27:57,
2691,597,tablet,vzy2L3RPrz,2025-06-15T01:44:16,2025-06-15T02:01:16,
2692,891,laptop,7BS1GX5qCg,2025-07-05T19:05:04,2025-07-05T19:54:04,31817
2693,234,phone,jwyMSRcaDk,2025-07-12T22:08:27,2025-07-13T00:02:27,
2694,933,tablet,Sm7Od5Z75Q,2025-07-03T12:48:57,2025-07-03T14:38:57,64688
2695,248,phone,rmxrlQ7PeC,2025-06-17T17:19:56,2025-06-17T18:37:56,68517
2696,982,phone,salvo5ddkC,2025-07-01T18:22:55,2025-07-01T19:10:55,
2697,763,phone,kL6mdpqycj,2025-08-22T10:29:54,2025-08-22T10:57:54,
2698,224,tablet,zqU9qs2HZx,2025-11-07T04:23:54,2025-11-07T05:54:54,
2699,602,phone,6oxE8TF9rF,2025-08-19T01:29:28,2025-08-19T02:01:28,
2700,820,phone,uMTEOmQrsp,2025-06-01T17:33:48,2025-06-01T19:10:48,87564
2701,353,phone,EXbcyu9MYK,2025-07-17T15:35:49,2025-07-17T17:17:49,
2702,781,phone,d1X4pd1wGv,2025-10-03T00:55:26,2025-10-03T02:19:26,26030
2703,849,laptop,0oavK6Xcjw,2025-10-12T13:11:02,2025-10-12T14:44:02,
2704,322,laptop,034iaApCUA,2025-09-01T13:57:28,2025-09-01T15:40:28,
2705,512,laptop,JYZ3YQzGig,2025-07-18T01:59:59,2025-07-18T03:17:59,1182
2706,391,laptop,2GPa8ASWWv,2025-09-30T17:20:39,2025-09-30T17:37:39,16064
2707,208,laptop,oHSB2kUUwc,2025-09-29T12:30:07,2025-09-29T14:28:07,
2708,549,laptop,VINd3ToJ05,2025-10-23T02:07:49,2025-10-23T03:17:49,29841
2709,827,phone,T8s1DY33qm,2025-10-07T17:49:46,2025-10-07T18:17:46,
2710,645,laptop,F7j9ehmwZa,2025-07-05T08:47:57,2025-07-05T09:31:57,
2711,645,tablet,ZqJdaAuYOi,2025-10-20T02:02:49,2025-10-20T03:17:49,
2712,42,laptop,iOxJ7xT2eR,2025-08-11T06:42:07,2025-08-11T08:01:07,
2713,124,phone,dUZJf9GrqP,2025-07-31T11:58:09,2025-07-31T12:25:09,
2714,158,tablet,h5UFiLEweX,2025-08-28T02:29:23,2025-08-28T03:54:23,61940
2715,743,laptop,1NbdIUKYcb,2025-09-27T15:15:15,2025-09-27T15:26:15,
2716,473,tablet,DgwCU3wd9y,2025-06-05T18:11:54,2025-06-05T19:45:54,33445
2717,488,laptop,0hMYXsDdLd,2025-11-06T16:46:08,2025-11-06T17:30:08,
2718,757,tablet,oE1iysPvPl,2025-08-29T04:34:52,2025-08-29T05:18:52,
2719,775,phone,XpV2Td9mnm,2025-11-18T08:12:03,2025-11-18T09:52:03,256
2720,355,tablet,dYrmVmBKC1,2025-11-22T00:50:01,2025-11-22T02:06:01,5748
2721,883,laptop,omsWwsdUpy,2025-08-18T14:21:11,2025-08-18T15:04:11,
2722,645,tablet,O1jh5IPAvy,2025-07-11T10:24:19,2025-07-11T12:03:19,98509
2723,161,laptop,H1F9MriBm2,2025-10-15T03:16:28,2025-10-15T05:09:28,
2724,594,phone,P7qt7WVIZr,2025-10-26T00:47:12,2025-10-26T02:05:12,
2725,835,phone,11ZdYgRqLR,2025-11-07T19:29:12,2025-11-07T21:02:12,82463
2726,275,tablet,tZGb0XJcd2,2025-09-30T21:56:03,2025-09-30T23:26:03,
2727,257,laptop,sSAhRxIqkd,2025-08-14T07:18:36,2025-08-14T09:17:36,
2728,101,laptop,p5EPqeX7KY,2025-08-24T14:04:42,2025-08-24T14:54:42,
2729,921,phone,s8LcrE5mAc,2025-09-14T08:17:34,2025-09-14T09:40:34,
2730,88,phone,gpcIftR4yT,2025-06-24T17:30:39,2025-06-24T19:26:39,34400
2731,224,tablet,NKXjN7TKj5,2025-08-12T16:34:23,2025-08-12T17:04:23,9187
2732,960,laptop,XUiDxQVUQ5,2025-09-22T02:27:20,2025-09-22T02:32:20,88344
2733,808,tablet,VTuUQW4lWu,2025-08-29T10:52:18,2025-08-29T10:55:18,
2734,408,phone,w1ZetbzMdW,2025-09-29T17:57:32,2025-09-29T18:19:32,62701
2735,20,tablet,DLYFFV3ZQT,2025-11-12T23:56:49,2025-11-13T00:04:49,
2736,586,phone,ZdRKGXP0ul,2025-07-01T18:24:55,2025-07-01T19:11:55,
2737,342,laptop,WDEhxKE9hE,2025-08-03T06:09:34,2025-08-03T06:31:34,
2738,397,phone,SnzLo1B1wS,2025-09-17T17:09:33,2025-09-17T17:15:33,17036
2739,396,tablet,JmokNBnreW,2025-09-09T15:52:00,2025-09-09T17:23:00,
2740,52,tablet,iHKRkq0BOi,2025-06-01T04:29:45,2025-06-01T06:21:45,
2741,379,laptop,lhWqfMK6mY,2025-10-02T18:33:05,2025-10-02T19:54:05,
2742,935,tablet,EM8E0NQVAP,2025-11-17T06:34:28,2025-11-17T07:48:28,
2743,721,laptop,X9eTmDIzRd,2025-06-18T08:59:36,2025-06-18T09:40:36,5498
2744,47,tablet,9KbrOBijI3,2025-07-14T05:47:52,2025-07-14T06:53:52,13491
2745,671,tablet,kIVItHtGan,2025-11-20T19:45:16,2025-11-20T20:30:16,
2746,263,phone,UbmnaORf1H,2025-06-17T01:32:35,2025-06-17T01:51:35,
2747,385,tablet,A12RSh0FDJ,2025-10-01T07:43:05,2025-10-01T08:30:05,
2748,424,tablet,tSKCJCVyNx,2025-07-27T21:25:53,2025-07-27T23:13:53,98693
2749,13,laptop,FZTZOz9W8M,2025-11-04T00:41:45,2025-11-04T01:15:45,
2750,145,tablet,xivaVJcfe5,2025-11-01T20:15:55,2025-11-01T21:13:55,
2751,854,laptop,S7WZxaXfYK,2025-10-06T02:34:00,2025-10-06T03:02:00,
2752,419,phone,o8bwdqke4y,2025-09-06T15:42:00,2025-09-06T15:56:00,
2753,238,phone,1GIvATe2T0,2025-05-31T13:32:55,2025-05-31T15:04:55,
2754,369,laptop,DBNGk09A9e,2025-10-16T04:28:41,2025-10-16T05:05:41,
2755,107,tablet,iqCLHwZlSj,2025-09-29T09:51:58,2025-09-29T10:50:58,
2756,535,phone,Hhv1BSXQIf,2025-07-20T08:35:23,2025-07-20T08:58:23,
2757,22,tablet,W2KFUgJCzs,2025-06-18T06:57:05,2025-06-18T08:44:05,
2758,469,tablet,I4qrksLYkl,2025-07-30T04:50:58,2025-07-30T06:42:58,
2759,266,tablet,zBxJh1DWOh,2025-10-06T09:16:56,2025-10-06T10:11:56,
2760,427,phone,kz7YQChNb3,2025-08-04T04:46:19,2025-08-04T05:10:19,
2761,918,phone,P39ZyIwuJZ,2025-09-11T02:34:32,2025-09-11T03:19:32,
2762,43,laptop,UFhOGVIpfk,2025-11-06T15:02:09,2025-11-06T15:52:09,
2763,877,phone,KercF5wyKV,2025-10-19T19:40:31,2025-10-19T19:42:31,
2764,692,tablet,024AkHykxq,2025-11-11T12:11:17,2025-11-11T13:25:17,
2765,618,laptop,DnQxbk64m6,2025-07-19T13:58:53,2025-07-19T14:16:53,
2766,678,tablet,kzg6WUPtzS,2025-11-04T02:02:57,2025-11-04T03:39:57,
2767,7,laptop,QQIpwDWQLC,2025-09-27T01:25:18,2025-09-27T02:12:18,
2768,414,tablet,xkSklE9GOT,2025-09-18T03:13:58,2025-09-18T03:26:58,
2769,620,tablet,4rSaczfBgj,2025-11-20T03:16:07,2025-11-20T04:05:07,
2770,235,phone,oKeyZL9Rlh,2025-07-26T08:15:15,2025-07-26T09:44:15,
2771,336,laptop,8sA9YaRW4t,2025-11-09T07:18:41,2025-11-09T08:07:41,80589
2772,338,laptop,GAfcTU8LWl,2025-10-12T12:29:54,2025-10-12T13:13:54,28815
2773,198,tablet,b0GCPAnPLL,2025-07-12T08:12:06,2025-07-12T08:48:06,
2774,771,phone,VgBVuYSaUX,2025-08-27T13:48:55,2025-08-27T15:13:55,43348
2775,722,phone,uFQa06ZnL9,2025-11-11T16:04:06,2025-11-11T17:45:06,51309
2776,622,tablet,9xTDFMLFsS,2025-09-07T05:56:15,2025-09-07T06:13:15,
2777,823,tablet,E0HaU62IKO,2025-11-14T21:26:32,2025-11-14T22:25:32,
2778,602,phone,YrnPRxe7BC,2025-11-08T17:50:00,2025-11-08T18:28:00,64031
2779,816,phone,Dg6hYJR6zc,2025-10-23T14:14:14,2025-10-23T15:49:14,
2780,179,phone,dwx6lViK2H,2025-07-24T23:38:58,2025-07-25T00:23:58,
2781,122,laptop,vzXv9G5fS8,2025-11-01T02:49:26,2025-11-01T02:57:26,2618
2782,824,phone,c8dcrl0Hfm,2025-08-14T17:18:08,2025-08-14T17:42:08,29692
2783,999,phone,ZXgYb8simF,2025-09-05T05:18:31,2025-09-05T06:19:31,
2784,390,tablet,boPJgYoYIs,2025-07-12T19:37:21,2025-07-12T20:28:21,75150
2785,939,laptop,KK5MDCr2sA,2025-10-19T16:59:57,2025-10-19T17:34:57,
2786,894,laptop,6d36ijb0l8,2025-07-25T03:23:25,2025-07-25T04:00:25,90797
2787,780,laptop,S9lUwHlHzE,2025-11-02T10:16:19,2025-11-02T10:58:19,92952
2788,603,phone,NYYcqTFfj8,2025-07-13T14:52:42,2025-07-13T16:35:42,
2789,144,tablet,wOxlUCsKWl,2025-05-30T13:09:33,2025-05-30T14:11:33,
2790,706,tablet,Le78UQKowj,2025-08-26T09:50:04,2025-08-26T10:36:04,66968
2791,660,tablet,7Z1NIzszUx,2025-06-01T11:31:28,2025-06-01T12:08:28,29744
2792,742,tablet,vyFqTbhMJg,2025-10-02T05:12:50,2025-10-02T05:44:50,38502
2793,959,laptop,8oZthcxyvX,2025-06-29T09:27:31,2025-06-29T10:33:31,66688
2794,994,tablet,qmNEAar0pT,2025-11-15T00:09:26,2025-11-15T02:03:26,
2795,401,phone,QTgKAQzEab,2025-09-16T20:42:26,2025-09-16T20:49:26,
2796,20,phone,ExWj6fzXb8,2025-07-24T23:43:04,2025-07-25T01:17:04,51480
2797,968,tablet,sicsETbpbB,2025-10-06T17:37:57,2025-10-06T19:30:57,
2798,740,phone,IKtPFNUnyC,2025-09-26T03:18:58,2025-09-26T04:57:58,3999
2799,434,laptop,oDXhxwLcdE,2025-10-11T18:09:54,2025-10-11T18:59:54,
2800,398,laptop,ArF7pI5CpP,2025-09-08T16:49:23,2025-09-08T17:36:23,
2801,853,tablet,eqJaMAVfp4,2025-09-08T01:49:11,2025-09-08T02:36:11,
2802,877,tablet,dWtAHuKe1N,2025-07-01T10:41:15,2025-07-01T11:43:15,36324
2803,619,phone,BgasA36irG,2025-06-25T01:04:21,2025-06-25T01:26:21,
2804,893,tablet,EBp2sLWLUH,2025-09-07T08:01:26,2025-09-07T08:51:26,38244
2805,387,phone,1GX5Eh3jiy,2025-06-14T00:54:55,2025-06-14T01:21:55,18671
2806,153,laptop,UroGp0NvX9,2025-11-22T04:21:06,2025-11-22T05:34:06,16475
2807,759,phone,v95Nw0JIz2,2025-06-20T04:17:15,2025-06-20T06:08:15,74266
2808,731,tablet,cvo3rM0rFo,2025-10-10T20:12:52,2025-10-10T20:36:52,33598
2809,980,tablet,YeGPfZ1DYw,2025-08-24T14:44:31,2025-08-24T16:36:31,16968
2810,258,phone,RX1Fd1tFTl,2025-09-25T01:47:17,2025-09-25T02:01:17,
2811,456,laptop,KAcOnQHhKm,2025-11-17T05:56:57,2025-11-17T06:14:57,24407
2812,628,phone,TMTBg2lM1Z,2025-09-28T03:40:11,2025-09-28T03:59:11,
2813,35,phone,keOiAoc24s,2025-09-25T17:00:26,2025-09-25T17:18:26,
2814,65,laptop,7uvzolE1h2,2025-08-08T18:50:35,2025-08-08T19:12:35,
2815,626,phone,EG7gxWgzOW,2025-07-04T08:32:10,2025-07-04T08:53:10,48751
2816,534,phone,670jJDNr2K,2025-06-19T14:20:49,2025-06-19T15:47:49,5217
2817,862,phone,D56EgHDUgA,2025-09-29T20:58:42,2025-09-29T22:41:42,10791
2818,263,tablet,ldkFUp7Sjy,2025-11-21T04:41:47,2025-11-21T06:19:47,
2819,623,laptop,5c9rPuN6eT,2025-07-31T15:49:24,2025-07-31T17:26:24,16450
2820,302,laptop,BiXmcc11lh,2025-06-12T06:26:59,2025-06-12T07:24:59,98634
2821,619,laptop,j7yCv431ny,2025-11-12T11:03:41,2025-11-12T11:14:41,
2822,663,tablet,cvhwByHKYM,2025-09-12T11:34:38,2025-09-12T12:34:38,54867
2823,981,laptop,DcoIzEkal1,2025-11-17T09:35:21,2025-11-17T10:38:21,97310
2824,311,laptop,tM9fyq4qgx,2025-11-03T01:24:42,2025-11-03T02:28:42,16702
2825,765,tablet,eqJLPKLau0,2025-08-01T04:45:00,2025-08-01T04:51:00,59870
2826,20,phone,Gk16x4UMau,2025-10-25T22:29:34,2025-10-25T23:22:34,70349
2827,71,tablet,fPcioJ3wNR,2025-08-29T12:50:52,2025-08-29T13:38:52,
2828,346,tablet,j5orH41E06,2025-06-17T21:45:28,2025-06-17T22:10:28,33358
2829,826,tablet,lyEoU7Gcmp,2025-09-29T08:11:01,2025-09-29T09:35:01,16259
2830,736,tablet,uc71NiZACL,2025-09-29T17:53:02,2025-09-29T18:13:02,80436
2831,666,tablet,zO3x65iAW9,2025-09-08T05:01:29,2025-09-08T06:32:29,
2832,555,tablet,NM30cWxfGT,2025-11-06T09:43:24,2025-11-06T09:43:24,
2833,789,laptop,flt8f81HbV,2025-08-25T10:13:04,2025-08-25T11:14:04,
2834,810,phone,pRftbuoGXI,2025-08-29T14:30:37,2025-08-29T14:31:37,69651
2835,162,phone,tWuqyd8ixG,2025-07-30T15:10:53,2025-07-30T15:48:53,
2836,237,laptop,w74S5vdYtu,2025-10-25T08:02:24,2025-10-25T09:40:24,31084
2837,488,tablet,O38OwuSKb7,2025-07-11T01:45:00,2025-07-11T03:09:00,
2838,79,tablet,vzMzbyhCLY,2025-09-15T04:53:11,2025-09-15T06:29:11,51247
2839,158,tablet,Ey5TRltPiU,2025-11-14T18:36:29,2025-11-14T19:51:29,
2840,262,tablet,h5hxKGolyu,2025-09-27T03:17:26,2025-09-27T03:24:26,
2841,841,laptop,eTX5ceyJ0J,2025-06-08T18:31:21,2025-06-08T20:19:21,
2842,200,laptop,t8jBKSU05h,2025-05-31T16:53:06,2025-05-31T18:19:06,
2843,934,laptop,kZAHxAIom3,2025-07-03T05:05:16,2025-07-03T06:45:16,77016
2844,288,tablet,zTCrG43sWV,2025-08-10T16:08:38,2025-08-10T16:34:38,
2845,64,laptop,1pdACWBsPm,2025-10-07T03:08:08,2025-10-07T04:47:08,77923
2846,66,laptop,CQPT8abQUO,2025-10-06T23:53:34,2025-10-07T01:01:34,
2847,473,laptop,8xENHZpK4N,2025-07-01T21:19:12,2025-07-01T22:06:12,90529
2848,637,laptop,loTPAmxuRz,2025-07-27T14:52:28,2025-07-27T15:34:28,8478
2849,810,laptop,7cTfWUE8UZ,2025-06-19T03:52:25,2025-06-19T04:09:25,
2850,261,tablet,Fl1ZyMu6n9,2025-10-17T23:12:57,2025-10-17T23:57:57,
2851,293,tablet,MLZWGHXogj,2025-11-11T00:58:09,2025-11-11T02:13:09,84101
2852,490,laptop,lrhqTnIFvj,2025-10-30T11:57:17,2025-10-30T12:18:17,97611
2853,464,tablet,BRb8PoloOy,2025-08-12T08:28:23,2025-08-12T10:22:23,
2854,537,phone,dVAG3QqqGA,2025-06-07T10:43:07,2025-06-07T11:39:07,53505
2855,307,phone,VtOahODcBd,2025-10-24T17:18:31,2025-10-24T18:21:31,13858
2856,562,tablet,CwPVsfbBm0,2025-07-05T16:46:27,2025-07-05T17:09:27,
2857,331,tablet,dpOIyA0mWu,2025-11-06T19:20:40,2025-11-06T21:02:40,
2858,487,laptop,X21eATKLyQ,2025-08-27T15:28:29,2025-08-27T16:32:29,40025
2859,552,laptop,H4qrHTvOd7,2025-07-29T06:54:22,2025-07-29T07:50:22,
2860,539,tablet,xYxig5ME8y,2025-07-17T06:34:18,2025-07-17T07:59:18,50815
2861,163,phone,kGWfEC8aDv,2025-09-07T18:46:42,2025-09-07T19:33:42,
2862,945,laptop,Jm4huIX1U1,2025-06-01T14:21:24,2025-06-01T16:17:24,96322
2863,150,phone,4caKZtgJ5e,2025-10-01T19:17:56,2025-10-01T21:00:56,
2864,833,laptop,hIxVTRSlHi,2025-06-11T01:37:39,2025-06-11T02:14:39,
2865,8,tablet,sVhINu0D0Z,2025-10-12T02:56:28,2025-10-12T03:24:28,
2866,882,tablet,QWWvxEEDHh,2025-06-21T06:45:06,2025-06-21T07:17:06,26090
2867,88,laptop,R7mB812NMH,2025-11-06T22:13:52,2025-11-07T00:04:52,60680
2868,751,phone,DfTWHGAtDJ,2025-10-15T05:07:59,2025-10-15T05:18:59,
2869,659,phone,Rp1X8OYsMn,2025-09-01T19:18:04,2025-09-01T20:41:04,23372
2870,480,phone,tAHAvMOMYR,2025-11-11T06:37:52,2025-11-11T08:21:52,
2871,696,laptop,FFJJ35ewun,2025-08-01T22:30:53,2025-08-01T22:58:53,86007
2872,191,laptop,ddB9uqiysg,2025-10-02T20:42:32,2025-10-02T21:08:32,53643
2873,199,phone,AQ4IMWsm4M,2025-11-23T03:01:54,2025-11-23T04:31:54,
2874,720,laptop,C7Jo5lJHEC,2025-07-20T11:30:28,2025-07-20T13:26:28,
2875,67,phone,0GO1tTqFfB,2025-06-26T04:47:44,2025-06-26T05:57:44,75854
2876,109,tablet,Bad9ml4OeH,2025-10-08T10:57:04,2025-10-08T11:53:04,
2877,597,phone,CUkOpbnQHR,2025-08-07T08:06:23,2025-08-07T08:19:23,
2878,963,tablet,fZUagss65X,2025-10-11T07:27:04,2025-10-11T09:14:04,
2879,367,phone,5rvkOuJjIM,2025-11-10T10:01:44,2025-11-10T10:24:44,
2880,204,tablet,evvTGCQ75z,2025-06-23T23:22:00,2025-06-24T00:31:00,56304
2881,388,phone,yP6g9MC5jc,2025-10-26T09:14:21,2025-10-26T10:31:21,20180
2882,437,phone,g766fvF21Z,2025-10-27T21:27:49,2025-10-27T21:48:49,42761
2883,584,laptop,m8s7lQxV1E,2025-11-12T17:05:20,2025-11-12T18:25:20,91658
2884,64,phone,2qS5bk50xb,2025-08-18T02:22:52,2025-08-18T03:38:52,
2885,939,laptop,EtvajQkQ2L,2025-10-20T11:17:55,2025-10-20T11:47:55,77038
2886,525,laptop,qY3ciZbDD7,2025-07-22T01:34:47,2025-07-22T02:09:47,63949
2887,858,phone,OBgp0g4HRR,2025-07-24T16:07:48,2025-07-24T16:41:48,
2888,729,tablet,HJGvxGcpKR,2025-07-24T06:03:01,2025-07-24T06:04:01,
2889,23,laptop,uPILVwCZl7,2025-10-02T04:30:02,2025-10-02T05:56:02,
2890,330,tablet,WgPFAahUcS,2025-07-13T15:31:28,2025-07-13T17:28:28,20320
2891,272,tablet,bRDg8qM3hm,2025-07-05T11:11:33,2025-07-05T12:27:33,
2892,88,tablet,Th7zXV98xX,2025-07-05T10:16:32,2025-07-05T11:20:32,
2893,220,tablet,1izNAg5jGh,2025-11-02T02:56:09,2025-11-02T03:05:09,53418
2894,194,tablet,sGsmQlzgdq,2025-10-28T11:12:20,2025-10-28T11:23:20,
2895,269,tablet,sQX50ithDW,2025-06-09T05:51:58,2025-06-09T06:20:58,
2896,602,laptop,TjItPGIViW,2025-11-14T22:37:26,2025-11-15T00:34:26,
2897,249,tablet,7Ddjls3QKu,2025-06-29T18:26:31,2025-06-29T20:14:31,
2898,985,phone,H7wRriZHuS,2025-11-24T13:32:54,2025-11-24T15:09:54,
2899,826,tablet,yjK8JITBHK,2025-09-18T13:45:31,2025-09-18T15:33:31,14023
2900,778,tablet,8JYnPpSveJ,2025-08-06T05:40:19,2025-08-06T06:40:19,
2901,694,laptop,JJiICdsCos,2025-08-27T09:12:28,2025-08-27T09:35:28,
2902,23,laptop,p6yMCGztqR,2025-07-17T14:48:19,2025-07-17T15:30:19,
2903,919,phone,iymX77zfCp,2025-08-01T19:13:09,2025-08-01T19:49:09,89767
2904,436,tablet,ukwO1Bc2T1,2025-08-09T11:19:28,2025-08-09T11:19:28,18972
2905,634,tablet,7sp951fW3s,2025-06-23T10:13:02,2025-06-23T10:34:02,
2906,803,laptop,WSQ3rDNsfw,2025-10-31T21:41:44,2025-10-31T22:45:44,90646
2907,886,phone,SrJ7MkpmxV,2025-06-14T00:27:57,2025-06-14T00:33:57,
2908,497,phone,8LvvMUN97F,2025-08-01T14:36:56,2025-08-01T15:29:56,31910
2909,773,phone,eGT11V4RBQ,2025-07-23T06:32:38,2025-07-23T07:32:38,27013
2910,898,phone,YK7tVvDqWm,2025-11-19T20:45:25,2025-11-19T22:32:25,
2911,838,phone,MuN8qAMOp8,2025-08-11T10:10:01,2025-08-11T11:42:01,
2912,271,tablet,9Afb9381sN,2025-11-18T00:11:15,2025-11-18T00:34:15,
2913,709,laptop,sOVty7LqaS,2025-10-22T15:30:49,2025-10-22T16:32:49,
2914,710,tablet,aNFH2XTtg4,2025-06-08T06:11:32,2025-06-08T06:45:32,
2915,876,laptop,KoG7HnB5IB,2025-08-15T04:10:41,2025-08-15T05:30:41,
2916,952,tablet,nOkZ8jcDNc,2025-08-06T10:48:35,2025-08-06T12:27:35,
2917,270,phone,69qpkAWETc,2025-10-19T07:24:42,2025-10-19T08:51:42,9439
2918,744,laptop,smr8dIKMmC,2025-07-08T17:14:10,2025-07-08T18:36:10,79244
2919,973,laptop,2SAonoGLjn,2025-07-22T10:03:58,2025-07-22T10:51:58,
2920,158,laptop,UYVXLNH2Ke,2025-08-10T21:53:07,2025-08-10T22:16:07,43116
2921,635,laptop,asSy1ki7OQ,2025-11-17T01:20:23,2025-11-17T01:47:23,40650
2922,240,phone,wjVDbvTTZc,2025-08-27T08:38:22,2025-08-27T09:48:22,25875
2923,70,tablet,eSszHa5jgU,2025-08-15T12:39:48,2025-08-15T14:18:48,89496
2924,721,tablet,tOPJEAGYul,2025-06-06T23:40:38,2025-06-06T23:42:38,
2925,595,tablet,mRlmeeX2DI,2025-08-30T04:57:25,2025-08-30T05:37:25,8293
2926,146,laptop,7obAhVHhFV,2025-07-22T13:47:46,2025-07-22T15:05:46,
2927,750,tablet,vJ6JqhuCFm,2025-09-23T14:21:38,2025-09-23T14:33:38,16353
2928,399,tablet,NKzdRt0GPi,2025-10-26T06:50:39,2025-10-26T08:29:39,
2929,614,laptop,tiZCVX5vsb,2025-06-11T15:50:36,2025-06-11T17:05:36,35085
2930,224,tablet,vUTo8FCWe1,2025-11-19T08:23:14,2025-11-19T09:04:14,13316
2931,736,tablet,Fr9dL14VVt,2025-07-21T10:47:33,2025-07-21T12:21:33,67106
2932,752,laptop,2eyPXcuxNf,2025-11-14T05:48:00,2025-11-14T06:50:00,61977
2933,784,laptop,HCIDzELzQC,2025-08-22T12:13:21,2025-08-22T12:25:21,
2934,311,tablet,zMaCIzM87v,2025-06-10T20:25:21,2025-06-10T22:18:21,16702
2935,112,tablet,XYMsRmJ82D,2025-10-08T05:45:39,2025-10-08T06:25:39,
2936,324,laptop,aZrVB5dzKX,2025-08-05T06:02:05,2025-08-05T06:46:05,9857
2937,546,laptop,dBOsXSolIL,2025-08-22T13:22:07,2025-08-22T14:42:07,46426
2938,275,tablet,aQ9I3t0CAw,2025-07-01T06:32:55,2025-07-01T07:23:55,
2939,446,phone,O1TLrGhYpr,2025-06-16T21:16:13,2025-06-16T21:36:13,
2940,736,phone,0XGHf12KUS,2025-07-11T13:24:46,2025-07-11T14:56:46,
2941,921,laptop,fxEsUdTCC4,2025-06-22T04:17:53,2025-06-22T06:10:53,
2942,448,laptop,UYEVtzdh2u,2025-06-30T01:00:13,2025-06-30T01:38:13,
2943,248,tablet,ne1aPQFuWo,2025-07-17T16:34:01,2025-07-17T16:43:01,
2944,909,tablet,VxYX885hnR,2025-11-02T16:58:17,2025-11-02T18:34:17,67565
2945,53,phone,DJ5use4dEV,2025-09-01T07:28:59,2025-09-01T08:13:59,54011
2946,679,phone,DNgxpcgzXF,2025-10-17T01:37:26,2025-10-17T02:16:26,
2947,446,phone,NW4FnaTVId,2025-06-24T08:09:44,2025-06-24T08:57:44,
2948,1000,phone,A7HfDC3wFw,2025-07-07T00:32:10,2025-07-07T02:17:10,54860
2949,228,laptop,25bUWosrjO,2025-08-29T04:39:38,2025-08-29T05:36:38,
2950,61,phone,Pv0rNHn0t0,2025-10-26T00:03:14,2025-10-26T00:29:14,97988
2951,632,tablet,vABwH91zxd,2025-09-18T00:37:01,2025-09-18T01:18:01,
2952,950,phone,5RubEOxmmv,2025-08-30T18:28:27,2025-08-30T18:58:27,
2953,536,phone,lEoyBSPmLT,2025-08-20T14:26:14,2025-08-20T16:05:14,37866
2954,536,laptop,8bdBlTqMgd,2025-11-15T10:22:20,2025-11-15T12:07:20,49980
2955,115,phone,m2O4tcZcuS,2025-10-21T15:44:32,2025-10-21T16:23:32,94421
2956,579,phone,T8ihFzcbl7,2025-11-18T22:56:29,2025-11-18T23:26:29,90321
2957,909,laptop,hnPrIHbd2f,2025-06-06T17:34:17,2025-06-06T18:22:17,
2958,788,laptop,YoX3DfXiSs,2025-11-07T04:59:54,2025-11-07T05:15:54,29916
2959,545,phone,tYiznJA2co,2025-06-11T00:18:50,2025-06-11T00:41:50,
2960,342,laptop,T19MWAXEdZ,2025-09-24T22:37:57,2025-09-24T23:15:57,35669
2961,383,laptop,o48GF2JuIk,2025-08-02T16:08:59,2025-08-02T16:47:59,2581
2962,487,tablet,C8C6ZlVwoH,2025-07-28T18:37:50,2025-07-28T19:00:50,
2963,95,phone,NXTWiVzRAd,2025-11-02T07:36:49,2025-11-02T08:51:49,52258
2964,341,phone,F7d2DJmGv9,2025-09-05T01:23:30,2025-09-05T03:14:30,
2965,169,tablet,kf7MkRSPpV,2025-11-08T17:18:00,2025-11-08T17:59:00,
2966,134,laptop,sbhSt6XOB2,2025-06-25T14:26:44,2025-06-25T15:03:44,
2967,679,laptop,6WfCzAzjcI,2025-08-13T08:55:33,2025-08-13T09:45:33,43073
2968,502,laptop,lEuAfrx4Li,2025-06-14T18:00:40,2025-06-14T18:16:40,
2969,702,phone,rOTHFd9jvL,2025-08-26T01:09:27,2025-08-26T02:13:27,
2970,99,phone,rDDgSyjj5v,2025-09-14T07:13:15,2025-09-14T07:32:15,42457
2971,477,phone,eNapBF691V,2025-10-18T21:47:23,2025-10-18T23:35:23,
2972,633,phone,7OUTNMsH22,2025-11-13T20:45:43,2025-11-13T22:30:43,8121
2973,446,phone,JFNCoU4HoG,2025-06-25T05:12:02,2025-06-25T05:18:02,
2974,962,laptop,fdtrPWdXNr,2025-10-09T18:12:26,2025-10-09T20:01:26,
2975,483,tablet,kz8PFQQgrS,2025-08-18T07:45:27,2025-08-18T07:46:27,49965
2976,521,laptop,ithXAsZYhy,2025-08-30T14:18:39,2025-08-30T15:54:39,13007
2977,649,laptop,8psGDSnUYm,2025-09-11T08:08:09,2025-09-11T09:12:09,
2978,361,tablet,ef6HB8hIrG,2025-05-30T11:02:22,2025-05-30T12:13:22,48767
2979,227,phone,iWmGr9RIP3,2025-06-09T03:04:13,2025-06-09T04:10:13,60911
2980,432,laptop,QhEXNk6rz2,2025-11-11T23:49:16,2025-11-12T01:13:16,
2981,753,laptop,3bi4Xyjxgt,2025-09-09T22:44:07,2025-09-10T00:30:07,98447
2982,139,phone,RwcobTuCcf,2025-07-08T08:50:55,2025-07-08T09:59:55,
2983,794,laptop,S9Cgf1O4pb,2025-07-21T06:33:53,2025-07-21T07:04:53,73667
2984,63,tablet,7DMd82Yasv,2025-05-31T12:09:23,2025-05-31T12:36:23,
2985,689,laptop,IA6f2HB0mc,2025-08-05T10:01:46,2025-08-05T11:27:46,6069
2986,883,laptop,280gAkXG8k,2025-10-24T06:35:28,2025-10-24T08:32:28,43014
2987,109,laptop,E0743CGpAg,2025-11-24T20:08:33,2025-11-24T21:44:33,
2988,929,tablet,8v53YwZv1V,2025-08-17T02:57:17,2025-08-17T03:25:17,26475
2989,243,laptop,6FZimT58ru,2025-10-09T16:39:25,2025-10-09T18:16:25,
2990,815,tablet,CbVVXIk6dl,2025-11-01T03:09:47,2025-11-01T05:00:47,
2991,446,phone,NCCOBQjQdF,2025-11-17T06:12:23,2025-11-17T06:57:23,
2992,733,laptop,Y5yOdiCceK,2025-11-22T11:55:25,2025-11-22T12:00:25,51943
2993,569,phone,nXj7Sy9PCr,2025-11-25T16:10:14,2025-11-25T16:10:14,
2994,959,tablet,KcKxzYRY6c,2025-06-11T20:19:29,2025-06-11T20:50:29,
2995,215,tablet,yLl249IwHw,2025-10-05T03:59:28,2025-10-05T04:51:28,
2996,126,laptop,7PORwIK0dn,2025-09-12T20:25:30,2025-09-12T21:48:30,
2997,411,phone,hHWYLEuq21,2025-07-06T23:25:02,2025-07-07T00:02:02,
2998,102,tablet,gaUtGuoaBY,2025-09-28T04:59:27,2025-09-28T05:19:27,
2999,584,laptop,DXVoANkERX,2025-09-21T03:06:51,2025-09-21T03:06:51,
3000,907,laptop,DPRUm6G0F2,2025-11-04T22:34:00,2025-11-05T00:15:00,
