product_id,category_id,name,base_price,stock_qty,created_at
1,4,Misc Item 1,18.96,358,2025-05-30T10:15:20
2,3,Home Decor Item 2,406.15,496,2025-03-19T11:11:06
3,1,Fashion Item 3,302.82,10,2025-03-02T13:31:13
4,3,Home Decor Item 4,173.68,90,2025-06-15T04:45:17
5,3,Home Decor Item 5,424.01,440,2025-05-25T04:16:57
6,2,Electronic Item 6,171.6,165,2025-09-19T01:11:19
7,2,Electronic Item 7,91.23,495,2025-02-12T08:34:43
8,2,Electronic Item 8,91.8,157,2024-12-09T20:12:01
9,4,Misc Item 9,474.61,200,2025-02-10T05:44:39
10,4,Misc Item 10,483.93,113,2025-01-03T10:19:56
11,1,Fashion Item 11,373.94,121,2025-06-02T19:17:24
12,3,Home Decor Item 12,336.66,373,2025-06-08T14:39:43
13,2,Electronic Item 13,394.57,368,2025-11-27T05:10:13
14,4,Misc Item 14,442.85,252,2025-05-17T18:08:07
15,3,Home Decor Item 15,395.42,295,2024-12-28T22:42:36
16,1,Fashion Item 16,162.76,487,2025-10-05T04:13:18
17,1,Fashion Item 17,42.13,482,2025-10-10T18:37:08
18,3,Home Decor Item 18,218.51,334,2025-09-03T08:48:41
19,1,Fashion Item 19,487.33,209,2024-12-05T10:44:55
20,1,Fashion Item 20,52.48,201,2025-02-07T10:54:38
21,2,Electronic Item 21,216.66,150,2024-12-23T08:09:52
22,1,Fashion Item 22,89.56,149,2025-10-16T13:40:52
23,2,Electronic Item 23,447.96,135,2025-10-11T07:33:13
24,2,Electronic Item 24,193.82,95,2025-04-13T05:17:55
25,1,Fashion Item 25,419.35,288,2025-10-27T01:25:15
26,3,Home Decor Item 26,209.92,387,2025-01-29T22:38:23
27,4,Misc Item 27,345.1,479,2025-03-28T10:04:17
28,1,Fashion Item 28,200.43,437,2024-11-27T05:39:32
29,1,Fashion Item 29,379.81,88,2025-09-02T23:12:31
30,2,Electronic Item 30,494.2,222,2025-08-15T08:05:12
31,1,Fashion Item 31,364.92,413,2025-10-24T03:45:17
32,2,Electronic Item 32,429.03,266,2025-04-07T06:28:23
33,2,Electronic Item 33,78.36,301,2025-02-02T03:16:30
34,3,Home Decor Item 34,434.4,450,2025-06-03T15:57:47
35,1,Fashion Item 35,141.33,73,2025-01-14T08:45:46
36,4,Misc Item 36,169.09,121,2025-11-01T13:37:16
37,1,Fashion Item 37,409.61,155,2025-06-20T20:42:58
38,4,Misc Item 38,117.84,153,2025-04-14T19:14:27
39,2,Electronic Item 39,49.2,226,2025-08-10T16:05:55
40,3,Home Decor Item 40,260.06,81,2025-10-24T19:35:44
41,1,Fashion Item 41,438.21,102,2025-10-28T21:50:22
42,4,Misc Item 42,353.79,140,2025-05-22T14:01:17
43,3,Home Decor Item 43,124.76,250,2025-01-26T14:40:52
44,1,Fashion Item 44,419.64,132,2024-12-10T03:37:56
45,1,Fashion Item 45,427.64,399,2025-08-09T22:51:51
46,1,Fashion Item 46,207.71,10,2024-12-13T06:35:57
47,2,Electronic Item 47,9.19,129,2025-01-19T19:48:06
48,4,Misc Item 48,232.2,111,2025-04-02T19:55:21
49,1,Fashion Item 49,499.72,494,2025-05-19T10:28:52
50,1,Fashion Item 50,58.51,32,2025-06-07T20:51:24
51,1,Fashion Item 51,356.99,456,2024-12-28T20:02:40
52,4,Misc Item 52,403.69,410,2025-01-23T16:12:38
53,3,Home Decor Item 53,329.42,151,2025-07-17T15:41:01
54,1,Fashion Item 54,358.12,351,2025-02-26T07:40:58
55,2,Electronic Item 55,423.48,430,2024-12-25T10:35:53
56,2,Electronic Item 56,371.75,371,2025-02-14T00:15:28
57,1,Fashion Item 57,115.55,446,2025-06-22T15:36:51
58,2,Electronic Item 58,234.56,60,2025-04-01T04:58:08
59,2,Electronic Item 59,434.41,195,2025-02-28T20:03:37
60,1,Fashion Item 60,104.15,209,2025-02-08T14:15:49
61,3,Home Decor Item 61,246.35,323,2025-08-28T19:30:44
62,1,Fashion Item 62,387.9,295,2025-09-06T13:05:54
63,2,Electronic Item 63,204.68,494,2025-03-27T16:58:01
64,1,Fashion Item 64,189.69,7,2025-06-15T11:35:20
65,2,Electronic Item 65,128.17,355,2025-06-03T19:33:37
66,2,Electronic Item 66,156.53,33,2025-11-03T20:03:58
67,2,Electronic Item 67,172.23,454,2024-12-11T02:03:07
68,3,Home Decor Item 68,86.62,464,2025-05-05T06:13:37
69,1,Fashion Item 69,15.85,258,2025-09-02T02:26:20
70,2,Electronic Item 70,321.96,394,2025-02-26T08:14:08
71,3,Home Decor Item 71,328.52,10,2025-11-03T02:42:27
72,2,Electronic Item 72,80.8,355,2024-12-10T07:58:27
73,3,Home Decor Item 73,332.93,138,2025-01-12T08:52:22
74,2,Electronic Item 74,310.76,144,2025-09-30T03:03:15
75,1,Fashion Item 75,135.18,267,2025-08-15T17:53:30
76,1,Fashion Item 76,250.7,106,2024-12-09T13:25:22
77,1,Fashion Item 77,49.06,56,2025-02-06T12:56:00
78,3,Home Decor Item 78,55.14,131,2025-01-01T22:30:25
79,2,Electronic Item 79,54.41,89,2025-11-06T20:20:38
80,2,Electronic Item 80,62.37,435,2025-11-04T06:34:16
81,1,Fashion Item 81,181.98,224,2025-01-12T21:09:16
82,1,Fashion Item 82,203.38,492,2025-04-07T21:01:34
83,3,Home Decor Item 83,326.18,408,2025-09-03T02:48:25
84,1,Fashion Item 84,456.06,247,2025-02-08T14:58:13
85,3,Home Decor Item 85,307.62,441,2024-12-12T02:09:58
86,2,Electronic Item 86,36.35,335,2025-06-20T06:28:23
87,3,Home Decor Item 87,115.87,489,2024-12-19T18:36:22
88,2,Electronic Item 88,364.69,246,2025-06-02T07:34:13
89,4,Misc Item 89,308.39,5,2025-01-02T01:12:35
90,4,Misc Item 90,42.06,251,2025-06-15T22:09:09
91,1,Fashion Item 91,115.24,329,2025-05-17T16:14:25
92,2,Electronic Item 92,288.65,45,2025-03-16T14:38:45
93,3,Home Decor Item 93,13.8,206,2025-04-30T05:37:07
94,3,Home Decor Item 94,481.77,326,2025-06-24T12:24:55
95,4,Misc Item 95,184.85,27,2025-08-04T14:22:37
96,3,Home Decor Item 96,184.83,231,2025-09-30T03:22:32
97,2,Electronic Item 97,318.66,409,2025-06-30T10:58:57
98,1,Fashion Item 98,86.26,71,2025-05-02T03:01:44
99,1,Fashion Item 99,465.46,201,2025-08-08T14:16:58
100,1,Fashion Item 100,210.16,474,2025-01-06T09:29:07
101,2,Electronic Item 101,296.71,258,2025-09-19T12:45:41
102,2,Electronic Item 102,219.24,299,2025-03-24T12:24:55
103,1,Fashion Item 103,408.55,53,2025-05-12T06:59:01
104,2,Electronic Item 104,195.41,311,2024-12-07T21:53:06
105,4,Misc Item 105,229.16,68,2025-09-17T15:53:44
106,3,Home Decor Item 106,468.08,323,2025-08-07T23:36:33
107,4,Misc Item 107,70.67,363,2024-12-30T00:26:57
108,3,Home Decor Item 108,283.33,298,2025-02-07T15:43:24
109,4,Misc Item 109,214.08,6,2025-03-05T03:02:48
110,1,Fashion Item 110,336.78,102,2025-07-14T01:03:49
111,1,Fashion Item 111,35.71,401,2025-06-28T23:29:45
112,3,Home Decor Item 112,55.73,444,2024-12-16T10:27:56
113,1,Fashion Item 113,393.23,408,2024-12-05T20:27:02
114,2,Electronic Item 114,395.12,350,2025-06-19T10:49:15
115,1,Fashion Item 115,435.08,440,2025-04-14T22:42:40
116,3,Home Decor Item 116,482.32,150,2025-04-12T00:27:48
117,3,Home Decor Item 117,64.08,20,2025-04-21T20:45:40
118,1,Fashion Item 118,235.83,479,2025-09-09T05:28:08
119,3,Home Decor Item 119,314.56,431,2024-12-23T19:57:31
120,1,Fashion Item 120,355.3,269,2025-08-07T00:13:43
121,2,Electronic Item 121,270.83,47,2025-06-01T22:52:11
122,1,Fashion Item 122,150.32,486,2025-01-14T11:36:30
123,1,Fashion Item 123,176.27,123,2025-01-02T08:34:44
124,3,Home Decor Item 124,163.86,468,2025-09-29T16:52:26
125,4,Misc Item 125,411.94,191,2025-03-08T12:24:03
126,1,Fashion Item 126,449.65,98,2025-06-15T12:12:46
127,4,Misc Item 127,387.79,273,2025-11-23T08:05:50
128,3,Home Decor Item 128,387.92,442,2024-12-11T15:28:42
129,2,Electronic Item 129,470.18,382,2024-12-11T01:19:31
130,1,Fashion Item 130,41.26,91,2025-07-21T10:36:14
131,4,Misc Item 131,206.78,230,2025-01-08T16:11:52
132,1,Fashion Item 132,338.28,273,2025-11-23T07:34:11
133,3,Home Decor Item 133,40.93,475,2025-03-15T03:03:32
134,1,Fashion Item 134,463.71,195,2025-05-09T05:48:04
135,1,Fashion Item 135,198.54,408,2025-02-20T20:11:00
136,4,Misc Item 136,10.52,447,2025-02-16T01:46:33
137,1,Fashion Item 137,300.34,275,2025-02-20T03:49:26
138,1,Fashion Item 138,453.29,435,2025-03-10T01:44:12
139,2,Electronic Item 139,130.11,58,2025-08-26T10:16:07
140,2,Electronic Item 140,41.21,343,2025-10-23T21:47:45
141,2,Electronic Item 141,168.77,65,2024-12-18T07:03:29
142,2,Electronic Item 142,450.56,162,2025-03-23T14:30:56
143,1,Fashion Item 143,294.16,289,2025-02-09T17:39:09
144,1,Fashion Item 144,126.86,113,2024-11-27T07:35:28
145,1,Fashion Item 145,367.82,449,2025-03-26T14:04:17
146,2,Electronic Item 146,58.87,330,2025-01-21T03:56:19
147,1,Fashion Item 147,368.1,320,2025-10-19T04:10:41
148,3,Home Decor Item 148,291.56,393,2025-01-28T23:10:37
149,3,Home Decor Item 149,78.57,200,2025-08-04T09:27:23
150,2,Electronic Item 150,49.82,186,2025-03-15T06:32:15
151,1,Fashion Item 151,259.5,228,2025-09-07T00:24:03
152,3,Home Decor Item 152,244.33,183,2025-11-06T22:57:22
153,2,Electronic Item 153,26.19,105,2025-03-06T17:46:14
154,4,Misc Item 154,24.75,332,2025-06-15T03:09:54
155,2,Electronic Item 155,287.23,192,2024-12-27T17:08:30
156,4,Misc Item 156,43.53,128,2025-05-18T22:48:28
157,3,Home Decor Item 157,175.79,405,2025-03-25T08:55:28
158,1,Fashion Item 158,43.16,329,2025-07-06T23:13:20
159,2,Electronic Item 159,360.06,60,2024-12-23T22:32:12
160,2,Electronic Item 160,242.01,107,2025-01-29T01:03:09
161,1,Fashion Item 161,288.88,82,2025-09-19T08:00:08
162,1,Fashion Item 162,132.84,92,2025-03-07T16:09:40
163,4,Misc Item 163,365.35,420,2025-07-05T03:48:04
164,2,Electronic Item 164,238.35,246,2025-08-31T22:56:11
165,3,Home Decor Item 165,411.12,93,2025-01-11T12:19:31
166,4,Misc Item 166,300.28,35,2025-08-01T17:09:11
167,1,Fashion Item 167,105.16,440,2025-03-13T15:38:20
168,1,Fashion Item 168,451.3,307,2025-11-07T11:34:28
169,1,Fashion Item 169,331.4,461,2025-01-22T11:17:18
170,2,Electronic Item 170,188.34,22,2024-12-04T11:37:59
171,3,Home Decor Item 171,193.71,301,2024-12-05T09:56:50
172,3,Home Decor Item 172,455.49,42,2025-07-04T09:08:24
173,1,Fashion Item 173,373.1,3,2025-02-04T11:53:53
174,2,Electronic Item 174,106.68,411,2025-06-18T16:02:15
175,2,Electronic Item 175,294.76,133,2025-02-25T15:30:06
176,4,Misc Item 176,201.74,104,2025-04-29T10:49:18
177,2,Electronic Item 177,279.68,129,2025-06-22T09:53:30
178,3,Home Decor Item 178,428.22,337,2025-09-27T22:33:27
179,1,Fashion Item 179,256.63,402,2025-06-06T10:52:38
180,1,Fashion Item 180,482.46,2,2025-10-12T01:37:55
181,1,Fashion Item 181,135.23,189,2025-10-17T08:44:57
182,4,Misc Item 182,203.32,335,2025-03-05T20:29:35
183,2,Electronic Item 183,222.29,103,2024-12-25T12:03:28
184,3,Home Decor Item 184,257.72,357,2025-07-31T08:31:29
185,3,Home Decor Item 185,487.94,44,2025-07-08T16:22:49
186,2,Electronic Item 186,369.78,35,2025-10-11T10:54:47
187,4,Misc Item 187,177.31,493,2025-07-08T22:41:02
188,4,Misc Item 188,289.58,133,2025-08-29T16:06:00
189,2,Electronic Item 189,173.28,59,2025-03-09T21:32:27
190,3,Home Decor Item 190,483.2,288,2025-03-24T22:03:57
191,3,Home Decor Item 191,448.78,441,2025-11-12T13:22:31
192,3,Home Decor Item 192,118.82,161,2025-04-29T18:04:02
193,1,Fashion Item 193,51.04,344,2025-06-05T04:09:18
194,1,Fashion Item 194,113.19,293,2025-07-13T00:16:06
195,1,Fashion Item 195,124.82,135,2025-08-13T22:34:41
196,3,Home Decor Item 196,181.23,398,2025-10-04T02:33:31
197,2,Electronic Item 197,383.3,277,2025-11-05T13:21:49
198,2,Electronic Item 198,492.75,459,2025-02-05T20:55:14
199,1,Fashion Item 199,114.94,295,2025-09-23T04:57:06
200,2,Electronic Item 200,272.68,257,2025-06-02T16:35:18
201,3,Home Decor Item 201,232.73,352,2025-11-23T06:29:34
202,1,Fashion Item 202,308.33,132,2025-08-23T10:57:02
203,2,Electronic Item 203,308.48,187,2025-08-24T12:45:49
204,3,Home Decor Item 204,189.29,437,2025-05-05T20:44:32
205,3,Home Decor Item 205,361.8,411,2025-07-29T10:42:14
206,3,Home Decor Item 206,370.58,242,2025-11-23T00:29:35
207,3,Home Decor Item 207,153.52,287,2025-02-10T05:11:10
208,1,Fashion Item 208,130.87,429,2025-01-09T03:25:01
209,1,Fashion Item 209,183.35,285,2025-07-18T18:23:36
210,2,Electronic Item 210,341.39,310,2025-08-17T09:55:14
211,2,Electronic Item 211,338.23,249,2025-04-13T04:04:06
212,2,Electronic Item 212,478.51,444,2025-09-02T07:36:01
213,2,Electronic Item 213,205.36,464,2025-10-22T04:02:34
214,1,Fashion Item 214,328.24,363,2025-07-13T08:52:54
215,3,Home Decor Item 215,469.69,382,2025-01-30T11:57:23
216,4,Misc Item 216,66.89,120,2024-12-23T21:45:40
217,1,Fashion Item 217,55.99,32,2025-03-29T10:57:19
218,2,Electronic Item 218,498.03,53,2025-07-15T08:25:08
219,4,Misc Item 219,197.97,117,2025-07-23T20:34:36
220,1,Fashion Item 220,420.07,14,2025-11-09T17:55:52
221,2,Electronic Item 221,436.09,478,2025-07-10T10:57:05
222,1,Fashion Item 222,300.8,323,2025-01-05T10:23:21
223,4,Misc Item 223,243.42,116,2025-10-12T14:50:08
224,2,Electronic Item 224,82.08,5,2025-11-26T11:52:11
225,2,Electronic Item 225,9.12,472,2025-03-20T13:33:13
226,3,Home Decor Item 226,300.52,407,2025-11-23T10:57:48
227,2,Electronic Item 227,85.82,377,2024-12-31T16:44:02
228,1,Fashion Item 228,314.53,264,2025-01-17T21:01:30
229,2,Electronic Item 229,427.47,93,2025-09-18T20:22:46
230,2,Electronic Item 230,139.71,318,2025-03-21T00:05:10
231,1,Fashion Item 231,269.81,95,2025-10-05T20:39:06
232,3,Home Decor Item 232,120.24,77,2025-11-19T12:57:09
233,4,Misc Item 233,234.52,405,2025-11-10T18:53:57
234,1,Fashion Item 234,388.95,36,2025-02-21T13:48:20
235,3,Home Decor Item 235,414.98,62,2024-11-26T21:51:32
236,3,Home Decor Item 236,21.59,235,2025-10-09T11:56:57
237,3,Home Decor Item 237,159.49,165,2025-09-06T08:00:58
238,1,Fashion Item 238,321.07,101,2025-05-27T05:01:36
239,2,Electronic Item 239,165.63,85,2025-07-08T09:38:06
240,1,Fashion Item 240,25.79,401,2024-12-08T13:37:09
241,3,Home Decor Item 241,128.12,255,2025-10-11T08:23:56
242,1,Fashion Item 242,324.06,359,2025-02-26T03:00:47
243,1,Fashion Item 243,281.38,330,2025-06-02T14:57:00
244,2,Electronic Item 244,71.69,460,2025-11-06T13:15:14
245,2,Electronic Item 245,247.6,290,2025-08-23T11:07:50
246,1,Fashion Item 246,416.52,468,2025-02-17T01:05:07
247,2,Electronic Item 247,410.61,277,2025-05-23T14:23:26
248,2,Electronic Item 248,96.84,9,2025-01-13T17:40:03
249,3,Home Decor Item 249,271.78,198,2025-08-21T11:50:33
250,2,Electronic Item 250,164.69,328,2025-06-16T02:54:05
251,1,Fashion Item 251,418.42,66,2025-08-28T05:47:04
252,1,Fashion Item 252,20.75,328,2025-05-12T06:58:08
253,1,Fashion Item 253,114.26,367,2025-10-22T06:26:48
254,4,Misc Item 254,416.88,239,2025-01-04T04:42:47
255,3,Home Decor Item 255,398.15,29,2025-01-15T21:14:43
256,1,Fashion Item 256,111.87,265,2025-10-09T03:14:16
257,1,Fashion Item 257,265.47,127,2025-02-08T08:09:21
258,3,Home Decor Item 258,384.31,295,2025-05-27T14:13:18
259,1,Fashion Item 259,94.3,205,2025-03-13T18:38:05
260,4,Misc Item 260,451.73,281,2025-06-13T17:23:21
261,3,Home Decor Item 261,165.11,123,2025-02-11T11:03:27
262,2,Electronic Item 262,228.94,491,2025-05-08T06:54:58
263,1,Fashion Item 263,71.87,455,2025-06-26T06:41:03
264,4,Misc Item 264,15.74,420,2024-12-08T20:52:33
265,1,Fashion Item 265,181.05,70,2025-07-14T17:33:29
266,1,Fashion Item 266,153.65,292,2025-05-06T10:12:15
267,3,Home Decor Item 267,397.49,88,2025-03-22T09:56:36
268,1,Fashion Item 268,405.13,195,2025-10-18T04:53:14
269,2,Electronic Item 269,434.58,445,2025-08-02T07:09:22
270,2,Electronic Item 270,155.87,21,2025-06-16T11:15:54
271,3,Home Decor Item 271,80.83,344,2025-05-09T14:41:56
272,1,Fashion Item 272,148.44,201,2025-09-13T02:06:37
273,2,Electronic Item 273,29.41,204,2025-07-16T03:49:32
274,3,Home Decor Item 274,69.54,69,2025-03-25T10:33:35
275,2,Electronic Item 275,498.55,268,2025-07-23T22:06:03
276,1,Fashion Item 276,462.45,45,2025-09-30T15:51:54
277,1,Fashion Item 277,175.54,335,2025-11-14T19:49:30
278,2,Electronic Item 278,223.03,473,2025-07-30T23:39:10
279,1,Fashion Item 279,32.0,485,2025-01-14T01:32:47
280,3,Home Decor Item 280,60.08,230,2025-03-31T06:05:42
281,1,Fashion Item 281,264.02,132,2025-02-19T13:20:12
282,3,Home Decor Item 282,335.79,192,2025-02-01T11:44:35
283,1,Fashion Item 283,349.78,138,2025-10-30T13:59:40
284,3,Home Decor Item 284,333.18,467,2024-12-24T17:48:29
285,1,Fashion Item 285,193.45,500,2024-11-29T03:17:48
286,1,Fashion Item 286,252.82,234,2025-02-13T06:08:27
287,1,Fashion Item 287,199.73,80,2025-11-17T18:17:50
288,1,Fashion Item 288,489.23,256,2025-07-09T04:39:56
289,4,Misc Item 289,474.81,115,2025-09-10T18:28:45
290,1,Fashion Item 290,194.19,491,2024-12-14T08:37:29
291,2,Electronic Item 291,216.1,159,2025-01-21T18:56:03
292,1,Fashion Item 292,73.6,277,2024-12-11T23:33:26
293,2,Electronic Item 293,454.96,394,2025-09-13T07:01:50
294,2,Electronic Item 294,474.56,60,2025-08-24T19:21:35
295,3,Home Decor Item 295,440.67,211,2025-04-30T19:52:43
296,1,Fashion Item 296,98.03,67,2025-08-25T05:58:10
297,2,Electronic Item 297,308.12,305,2025-07-31T22:30:57
298,3,Home Decor Item 298,240.92,257,2025-01-21T13:51:22
299,2,Electronic Item 299,73.07,98,2025-08-04T05:44:59
300,4,Misc Item 300,115.16,343,2025-08-15T23:28:31
301,4,Misc Item 301,492.89,443,2025-01-15T13:05:06
302,4,Misc Item 302,216.64,397,2025-11-05T08:47:21
303,2,Electronic Item 303,469.87,292,2025-01-26T11:24:08
304,2,Electronic Item 304,228.55,423,2025-11-05T21:58:36
305,4,Misc Item 305,24.43,198,2025-03-07T07:57:43
306,1,Fashion Item 306,202.03,155,2025-07-03T14:07:34
307,2,Electronic Item 307,32.0,264,2025-09-15T14:02:41
308,1,Fashion Item 308,390.47,480,2024-12-05T11:01:45
309,1,Fashion Item 309,17.33,232,2025-01-28T23:34:16
310,1,Fashion Item 310,326.05,364,2025-09-05T02:25:30
311,2,Electronic Item 311,47.23,362,2025-05-14T12:17:38
312,2,Electronic Item 312,385.29,467,2025-06-08T10:20:03
313,1,Fashion Item 313,357.46,214,2025-06-22T19:39:14
314,1,Fashion Item 314,70.13,103,2025-11-25T08:15:23
315,2,Electronic Item 315,251.83,413,2025-11-24T08:47:14
316,2,Electronic Item 316,240.48,209,2025-04-15T04:01:56
317,1,Fashion Item 317,316.17,419,2025-08-13T05:08:32
318,3,Home Decor Item 318,23.18,437,2025-11-10T09:52:32
319,1,Fashion Item 319,211.39,91,2025-09-05T20:34:09
320,4,Misc Item 320,375.92,184,2025-11-09T03:31:57
321,2,Electronic Item 321,192.57,34,2025-04-22T10:52:52
322,1,Fashion Item 322,348.84,140,2025-06-11T11:44:02
323,3,Home Decor Item 323,307.97,55,2025-02-07T08:01:22
324,2,Electronic Item 324,424.66,132,2025-03-02T09:58:58
325,2,Electronic Item 325,262.25,323,2025-03-17T12:59:30
326,3,Home Decor Item 326,489.73,0,2025-09-28T06:03:00
327,3,Home Decor Item 327,499.5,211,2025-11-03T18:46:13
328,1,Fashion Item 328,104.59,144,2025-07-20T04:27:12
329,3,Home Decor Item 329,61.35,170,2025-06-05T16:30:13
330,3,Home Decor Item 330,101.04,426,2025-06-06T13:28:46
331,2,Electronic Item 331,315.46,456,2025-02-25T18:43:20
332,3,Home Decor Item 332,153.18,371,2024-12-14T19:26:10
333,3,Home Decor Item 333,444.57,181,2025-10-25T01:29:14
334,2,Electronic Item 334,421.99,292,2025-01-20T16:44:22
335,4,Misc Item 335,377.01,361,2025-06-19T05:46:18
336,1,Fashion Item 336,439.14,190,2025-04-09T19:54:17
337,1,Fashion Item 337,190.24,19,2025-08-16T03:33:06
338,3,Home Decor Item 338,452.95,78,2025-08-21T18:32:24
339,3,Home Decor Item 339,75.93,446,2025-10-07T12:07:51
340,2,Electronic Item 340,358.27,267,2025-09-29T06:46:25
341,4,Misc Item 341,169.98,455,2025-11-04T03:10:10
342,2,Electronic Item 342,159.51,456,2025-08-11T19:14:25
343,1,Fashion Item 343,162.98,225,2024-12-19T02:38:23
344,1,Fashion Item 344,12.55,318,2025-02-13T12:12:25
345,2,Electronic Item 345,139.17,482,2024-12-01T20:36:35
346,1,Fashion Item 346,446.66,276,2025-04-14T05:04:35
347,4,Misc Item 347,29.98,196,2025-10-31T03:47:16
348,1,Fashion Item 348,300.08,303,2025-01-08T14:41:27
349,1,Fashion Item 349,103.08,388,2024-12-18T11:29:59
350,2,Electronic Item 350,50.99,410,2024-12-04T13:52:26
351,3,Home Decor Item 351,356.56,238,2025-03-31T22:29:15
352,4,Misc Item 352,199.08,358,2024-12-21T18:53:47
353,2,Electronic Item 353,37.36,57,2025-05-31T13:29:46
354,3,Home Decor Item 354,304.2,65,2025-03-12T03:10:32
355,1,Fashion Item 355,326.48,405,2025-06-25T11:31:35
356,1,Fashion Item 356,125.63,81,2025-03-25T16:56:56
357,3,Home Decor Item 357,297.53,401,2025-04-18T10:16:18
358,1,Fashion Item 358,336.45,378,2024-11-27T10:01:03
359,1,Fashion Item 359,53.34,227,2025-08-28T19:42:29
360,3,Home Decor Item 360,300.22,419,2025-05-16T19:00:09
361,1,Fashion Item 361,73.76,297,2025-01-06T06:54:59
362,2,Electronic Item 362,149.29,315,2025-02-04T14:38:33
363,4,Misc Item 363,153.37,406,2024-12-14T19:50:06
364,4,Misc Item 364,293.45,313,2025-03-10T16:12:25
365,1,Fashion Item 365,451.03,495,2025-10-31T06:53:33
366,1,Fashion Item 366,144.69,15,2025-07-29T15:12:18
367,3,Home Decor Item 367,205.99,222,2025-02-20T23:13:59
368,2,Electronic Item 368,422.45,184,2025-04-28T01:18:23
369,1,Fashion Item 369,40.51,8,2025-09-14T13:12:11
370,1,Fashion Item 370,403.94,440,2025-04-07T08:55:00
371,2,Electronic Item 371,214.94,419,2025-04-10T16:54:58
372,2,Electronic Item 372,8.68,255,2025-07-28T12:39:21
373,2,Electronic Item 373,21.56,19,2025-02-09T13:19:41
374,2,Electronic Item 374,346.8,72,2025-03-02T20:44:59
375,2,Electronic Item 375,306.98,125,2025-03-30T07:57:41
376,2,Electronic Item 376,291.92,313,2025-10-30T18:24:54
377,2,Electronic Item 377,453.5,293,2025-06-10T15:35:40
378,1,Fashion Item 378,349.05,305,2025-06-24T10:23:57
379,2,Electronic Item 379,288.57,336,2025-06-30T08:11:33
380,1,Fashion Item 380,255.27,435,2025-07-07T21:44:47
381,1,Fashion Item 381,132.19,379,2025-09-30T08:56:19
382,3,Home Decor Item 382,188.03,89,2025-07-16T22:19:25
383,1,Fashion Item 383,46.78,74,2025-01-27T01:18:39
384,3,Home Decor Item 384,122.78,225,2025-01-05T00:49:57
385,1,Fashion Item 385,135.88,419,2025-09-29T05:00:39
386,2,Electronic Item 386,240.75,485,2025-02-27T22:24:57
387,2,Electronic Item 387,76.85,445,2025-04-19T06:29:29
388,3,Home Decor Item 388,481.07,349,2025-11-06T03:22:42
389,2,Electronic Item 389,327.77,139,2025-06-08T21:04:51
390,3,Home Decor Item 390,198.62,395,2024-12-16T22:07:11
391,2,Electronic Item 391,340.47,92,2025-06-19T10:59:07
392,3,Home Decor Item 392,10.92,50,2025-03-04T03:08:24
393,1,Fashion Item 393,21.85,317,2025-10-11T04:51:08
394,4,Misc Item 394,320.85,362,2025-09-27T03:46:41
395,3,Home Decor Item 395,450.45,289,2025-08-25T02:53:15
396,3,Home Decor Item 396,42.48,232,2025-07-08T15:22:38
397,1,Fashion Item 397,391.46,141,2025-10-26T16:59:09
398,1,Fashion Item 398,407.34,91,2025-04-16T04:23:47
399,1,Fashion Item 399,248.57,73,2025-02-23T15:13:18
400,4,Misc Item 400,359.12,52,2025-11-10T04:16:06
401,3,Home Decor Item 401,14.29,254,2025-09-11T07:09:11
402,1,Fashion Item 402,351.53,463,2025-05-10T10:00:04
403,2,Electronic Item 403,204.94,372,2025-10-22T11:15:28
404,4,Misc Item 404,409.9,246,2025-09-25T10:16:14
405,3,Home Decor Item 405,203.3,323,2024-12-31T03:37:20
406,1,Fashion Item 406,232.52,392,2025-07-01T07:20:16
407,4,Misc Item 407,332.06,153,2024-12-05T16:43:12
408,2,Electronic Item 408,443.18,224,2025-08-22T01:49:41
409,3,Home Decor Item 409,298.51,250,2025-05-12T04:37:47
410,2,Electronic Item 410,417.95,230,2025-11-19T05:34:28
411,3,Home Decor Item 411,26.19,60,2025-08-10T07:07:02
412,3,Home Decor Item 412,120.33,36,2025-11-09T01:46:05
413,1,Fashion Item 413,326.15,7,2025-08-30T07:53:19
414,2,Electronic Item 414,89.49,302,2025-10-26T03:03:06
415,3,Home Decor Item 415,114.18,411,2025-08-15T15:24:19
416,1,Fashion Item 416,488.05,294,2025-02-21T01:55:23
417,3,Home Decor Item 417,298.58,171,2025-10-26T02:31:37
418,3,Home Decor Item 418,278.94,224,2025-07-25T09:44:01
419,3,Home Decor Item 419,12.74,249,2025-10-17T06:41:31
420,2,Electronic Item 420,404.67,395,2025-03-29T02:18:11
421,1,Fashion Item 421,227.96,122,2025-08-29T08:41:39
422,3,Home Decor Item 422,307.96,45,2025-01-09T19:57:25
423,1,Fashion Item 423,493.37,500,2025-10-09T08:23:20
424,2,Electronic Item 424,315.1,106,2025-07-09T04:59:28
425,3,Home Decor Item 425,484.44,242,2025-03-18T00:30:12
426,2,Electronic Item 426,146.11,222,2025-07-21T18:45:07
427,3,Home Decor Item 427,462.81,90,2025-09-08T05:51:54
428,3,Home Decor Item 428,298.39,166,2025-04-26T23:41:13
429,3,Home Decor Item 429,166.44,50,2025-07-28T15:54:04
430,1,Fashion Item 430,294.62,27,2025-04-18T01:38:46
431,1,Fashion Item 431,189.88,234,2025-08-19T07:54:43
432,1,Fashion Item 432,20.89,291,2025-10-27T20:42:24
433,2,Electronic Item 433,89.74,175,2025-08-06T20:10:36
434,4,Misc Item 434,291.17,283,2025-08-02T03:46:29
435,4,Misc Item 435,112.14,242,2025-04-04T20:45:32
436,3,Home Decor Item 436,127.09,167,2025-04-18T09:49:32
437,4,Misc Item 437,449.63,213,2025-11-05T05:27:53
438,2,Electronic Item 438,200.19,414,2024-12-06T03:21:19
439,1,Fashion Item 439,377.77,354,2025-05-02T22:59:09
440,1,Fashion Item 440,499.48,8,2025-03-26T19:49:28
441,4,Misc Item 441,374.91,12,2025-04-08T14:02:17
442,1,Fashion Item 442,436.42,320,2025-04-03T07:51:42
443,2,Electronic Item 443,346.92,271,2025-11-10T20:07:29
444,2,Electronic Item 444,398.27,403,2024-12-12T03:58:32
445,2,Electronic Item 445,455.45,186,2025-11-01T02:52:59
446,2,Electronic Item 446,185.96,89,2024-12-30T10:34:42
447,1,Fashion Item 447,170.79,276,2025-09-29T07:17:33
448,3,Home Decor Item 448,381.64,164,2025-05-30T21:11:20
449,1,Fashion Item 449,175.89,248,2025-03-15T11:44:50
450,2,Electronic Item 450,187.23,344,2024-12-08T04:32:02
451,1,Fashion Item 451,449.48,147,2025-10-19T02:56:29
452,3,Home Decor Item 452,250.68,447,2025-08-14T11:57:56
453,4,Misc Item 453,273.01,67,2025-03-29T18:18:01
454,3,Home Decor Item 454,15.63,96,2025-10-26T06:07:15
455,2,Electronic Item 455,174.68,330,2025-06-12T13:13:23
456,2,Electronic Item 456,285.79,459,2025-06-24T00:40:14
457,2,Electronic Item 457,147.63,432,2025-11-03T01:31:20
458,4,Misc Item 458,311.22,82,2024-11-27T11:25:58
459,4,Misc Item 459,420.47,354,2024-12-21T01:20:06
460,1,Fashion Item 460,496.92,294,2025-09-23T14:52:15
461,1,Fashion Item 461,355.03,340,2025-06-17T18:24:15
462,2,Electronic Item 462,85.49,154,2025-09-26T06:00:57
463,4,Misc Item 463,464.27,79,2025-11-24T11:02:19
464,2,Electronic Item 464,148.46,483,2025-02-07T01:34:05
465,3,Home Decor Item 465,450.59,71,2024-12-14T10:51:48
466,2,Electronic Item 466,50.78,28,2025-01-19T07:34:25
467,1,Fashion Item 467,468.15,142,2025-08-19T06:06:08
468,3,Home Decor Item 468,479.02,499,2025-03-09T16:33:46
469,4,Misc Item 469,183.73,75,2025-04-22T17:27:55
470,1,Fashion Item 470,175.74,157,2025-04-12T10:29:48
471,3,Home Decor Item 471,210.73,226,2025-07-03T00:57:35
472,3,Home Decor Item 472,210.03,427,2025-01-30T09:09:11
473,4,Misc Item 473,265.02,171,2025-10-24T09:25:02
474,1,Fashion Item 474,321.21,139,2025-04-29T00:33:20
475,1,Fashion Item 475,416.98,148,2025-02-16T13:03:41
476,3,Home Decor Item 476,155.44,286,2025-04-03T22:44:55
477,1,Fashion Item 477,322.07,325,2025-03-31T02:24:07
478,2,Electronic Item 478,345.48,125,2025-11-13T02:34:39
479,2,Electronic Item 479,184.07,246,2025-02-10T15:02:47
480,4,Misc Item 480,410.05,191,2025-03-09T09:58:43
481,1,Fashion Item 481,33.96,163,2025-04-05T01:59:24
482,1,Fashion Item 482,212.66,466,2025-05-29T05:08:58
483,2,Electronic Item 483,384.39,93,2025-10-09T09:07:23
484,4,Misc Item 484,414.28,350,2025-06-25T21:02:23
485,2,Electronic Item 485,179.06,73,2025-11-21T01:56:13
486,3,Home Decor Item 486,208.94,471,2025-09-05T03:11:39
487,3,Home Decor Item 487,281.53,353,2025-03-02T11:33:01
488,2,Electronic Item 488,458.44,59,2025-09-21T06:17:26
489,3,Home Decor Item 489,73.81,226,2025-01-25T11:52:37
490,1,Fashion Item 490,408.21,113,2025-09-23T01:44:24
491,1,Fashion Item 491,490.65,217,2024-12-09T02:51:20
492,3,Home Decor Item 492,26.05,55,2025-11-10T12:13:41
493,1,Fashion Item 493,154.31,5,2025-10-09T02:24:58
494,1,Fashion Item 494,179.01,46,2025-09-13T20:49:27
495,1,Fashion Item 495,252.81,373,2025-01-17T22:07:07
496,1,Fashion Item 496,291.18,7,2025-03-01T23:01:21
497,4,Misc Item 497,270.88,498,2025-10-07T23:07:52
498,3,Home Decor Item 498,96.64,344,2025-10-04T00:20:19
499,1,Fashion Item 499,117.64,57,2025-06-20T02:25:21
500,2,Electronic Item 500,183.82,147,2025-02-15T05:26:41
501,1,Fashion Item 501,145.39,307,2025-06-20T14:45:33
502,1,Fashion Item 502,428.41,96,2025-10-22T13:36:16
503,4,Misc Item 503,248.37,53,2025-05-08T14:58:26
504,1,Fashion Item 504,203.31,302,2025-10-06T00:46:49
505,1,Fashion Item 505,299.51,206,2025-09-25T22:26:41
506,1,Fashion Item 506,358.18,297,2025-01-27T20:59:04
507,3,Home Decor Item 507,475.32,248,2025-03-10T20:46:09
508,1,Fashion Item 508,251.15,321,2025-09-20T05:50:28
509,3,Home Decor Item 509,251.58,13,2025-08-27T16:59:31
510,2,Electronic Item 510,52.69,39,2024-12-23T11:59:33
511,1,Fashion Item 511,251.46,258,2025-07-16T11:10:25
512,4,Misc Item 512,20.64,220,2025-09-27T16:57:20
513,4,Misc Item 513,224.07,18,2025-11-11T00:29:01
514,2,Electronic Item 514,71.57,366,2025-05-11T13:10:32
515,2,Electronic Item 515,279.12,276,2025-02-07T13:49:03
516,2,Electronic Item 516,198.74,253,2025-01-28T17:10:05
517,1,Fashion Item 517,297.28,65,2025-05-23T18:13:16
518,2,Electronic Item 518,216.93,182,2025-04-30T18:08:02
519,1,Fashion Item 519,325.8,303,2025-10-15T04:32:18
520,1,Fashion Item 520,271.52,19,2025-04-05T06:58:29
521,1,Fashion Item 521,349.5,301,2025-11-15T19:23:57
522,1,Fashion Item 522,53.37,250,2025-10-06T23:25:35
523,1,Fashion Item 523,153.26,496,2025-04-17T23:34:39
524,3,Home Decor Item 524,270.24,147,2025-07-15T05:11:33
525,2,Electronic Item 525,479.18,367,2025-02-04T03:28:27
526,2,Electronic Item 526,267.88,218,2025-08-11T18:16:40
527,2,Electronic Item 527,153.45,339,2025-02-23T19:30:52
528,1,Fashion Item 528,260.11,343,2025-02-20T00:20:52
529,2,Electronic Item 529,110.41,492,2025-04-01T21:10:05
530,4,Misc Item 530,364.67,30,2025-03-04T23:37:04
531,1,Fashion Item 531,79.48,350,2025-06-26T15:04:16
532,2,Electronic Item 532,423.75,136,2025-07-03T07:24:05
533,1,Fashion Item 533,123.05,76,2025-08-21T05:54:52
534,2,Electronic Item 534,282.11,223,2025-04-24T07:22:10
535,1,Fashion Item 535,19.43,404,2025-07-07T06:56:30
536,4,Misc Item 536,245.49,10,2025-10-30T03:52:03
537,4,Misc Item 537,450.78,208,2025-05-24T06:59:13
538,4,Misc Item 538,363.5,71,2025-07-30T02:50:52
539,2,Electronic Item 539,49.67,307,2025-09-25T19:30:44
540,3,Home Decor Item 540,373.26,478,2025-04-24T22:59:09
541,2,Electronic Item 541,130.88,301,2025-10-29T13:04:11
542,1,Fashion Item 542,214.77,349,2025-07-23T20:48:40
543,3,Home Decor Item 543,411.58,10,2024-12-31T08:51:58
544,3,Home Decor Item 544,395.46,122,2025-07-20T10:47:56
545,4,Misc Item 545,344.2,273,2025-07-28T14:48:57
546,4,Misc Item 546,199.52,500,2025-07-19T19:58:05
547,1,Fashion Item 547,430.41,82,2025-04-16T07:56:11
548,3,Home Decor Item 548,140.65,41,2025-03-20T13:46:17
549,3,Home Decor Item 549,439.0,419,2025-10-07T01:05:07
550,2,Electronic Item 550,365.97,280,2025-06-12T14:25:14
551,2,Electronic Item 551,316.93,405,2025-01-03T01:58:06
552,2,Electronic Item 552,160.29,42,2025-10-02T01:10:37
553,3,Home Decor Item 553,424.25,351,2025-04-30T19:17:39
554,1,Fashion Item 554,345.3,423,2025-06-12T20:39:48
555,2,Electronic Item 555,199.78,193,2025-02-07T22:45:00
556,2,Electronic Item 556,315.18,464,2025-10-12T14:05:13
557,1,Fashion Item 557,310.91,307,2025-07-17T01:29:21
558,4,Misc Item 558,63.09,367,2025-03-02T15:04:46
559,1,Fashion Item 559,358.21,97,2025-07-13T20:26:20
560,2,Electronic Item 560,107.27,110,2025-07-06T00:01:43
561,3,Home Decor Item 561,19.24,499,2025-07-15T22:20:58
562,2,Electronic Item 562,325.38,43,2025-11-21T13:51:06
563,3,Home Decor Item 563,358.1,362,2025-04-24T09:10:48
564,1,Fashion Item 564,465.88,241,2025-05-29T08:50:45
565,1,Fashion Item 565,254.75,195,2025-06-25T16:33:10
566,2,Electronic Item 566,133.84,257,2025-03-19T18:34:27
567,1,Fashion Item 567,267.56,72,2025-07-17T02:40:09
568,2,Electronic Item 568,486.82,143,2025-05-26T15:15:51
569,3,Home Decor Item 569,463.72,264,2025-06-19T15:03:26
570,3,Home Decor Item 570,79.88,436,2024-12-25T07:44:36
571,1,Fashion Item 571,95.65,240,2025-07-17T00:58:06
572,4,Misc Item 572,463.97,20,2025-04-14T17:56:34
573,2,Electronic Item 573,423.69,443,2025-09-13T02:25:16
574,4,Misc Item 574,94.42,86,2025-03-11T20:59:28
575,2,Electronic Item 575,287.54,213,2025-10-18T21:57:39
576,4,Misc Item 576,17.85,348,2024-12-14T02:28:54
577,2,Electronic Item 577,475.85,428,2025-06-15T01:19:28
578,3,Home Decor Item 578,331.47,232,2025-01-09T21:07:03
579,3,Home Decor Item 579,475.69,166,2025-02-09T02:12:53
580,1,Fashion Item 580,32.49,36,2025-02-19T08:59:40
581,1,Fashion Item 581,123.84,394,2025-05-07T03:40:33
582,1,Fashion Item 582,390.85,145,2024-12-30T07:06:34
583,2,Electronic Item 583,219.02,412,2025-06-21T08:57:00
584,1,Fashion Item 584,186.89,102,2025-03-21T14:42:18
585,2,Electronic Item 585,214.42,387,2025-04-24T17:30:58
586,2,Electronic Item 586,25.02,174,2025-04-03T22:45:33
587,2,Electronic Item 587,264.72,148,2025-04-01T14:59:58
588,1,Fashion Item 588,68.26,462,2025-06-26T21:52:12
589,2,Electronic Item 589,277.74,469,2025-11-03T12:13:49
590,2,Electronic Item 590,235.0,368,2025-02-08T21:41:52
591,1,Fashion Item 591,254.21,58,2024-12-23T14:04:13
592,3,Home Decor Item 592,27.4,213,2024-12-01T20:05:10
593,2,Electronic Item 593,136.21,494,2025-08-23T23:14:18
594,1,Fashion Item 594,338.34,222,2025-02-27T06:16:15
595,1,Fashion Item 595,329.62,235,2024-12-07T16:10:27
596,1,Fashion Item 596,407.5,315,2025-05-26T16:32:30
597,1,Fashion Item 597,99.45,417,2025-11-19T00:04:13
598,2,Electronic Item 598,326.62,223,2025-01-10T11:18:50
599,3,Home Decor Item 599,78.34,216,2025-11-16T02:40:59
600,4,Misc Item 600,238.39,440,2025-04-10T09:36:57
601,1,Fashion Item 601,415.58,200,2025-10-31T18:46:05
602,4,Misc Item 602,425.07,377,2025-02-03T09:13:46
603,2,Electronic Item 603,245.62,302,2025-01-17T13:09:33
604,2,Electronic Item 604,213.89,161,2025-02-17T04:36:39
605,4,Misc Item 605,62.89,318,2024-12-31T18:17:52
606,1,Fashion Item 606,147.57,98,2025-03-31T18:24:15
607,2,Electronic Item 607,344.06,471,2025-01-22T07:00:15
608,3,Home Decor Item 608,198.23,213,2024-12-17T07:09:59
609,2,Electronic Item 609,144.82,383,2025-10-13T13:20:30
610,1,Fashion Item 610,248.63,406,2025-04-28T12:56:50
611,2,Electronic Item 611,499.63,183,2025-07-16T17:55:25
612,1,Fashion Item 612,36.51,220,2025-09-29T08:26:18
613,2,Electronic Item 613,496.86,401,2025-05-30T05:13:26
614,4,Misc Item 614,437.48,309,2024-12-20T03:07:53
615,3,Home Decor Item 615,481.51,386,2025-10-02T03:04:04
616,3,Home Decor Item 616,25.77,53,2025-09-02T07:59:18
617,1,Fashion Item 617,149.6,226,2025-03-12T12:46:38
618,1,Fashion Item 618,73.2,434,2025-08-15T14:56:09
619,1,Fashion Item 619,405.53,174,2025-07-03T12:32:09
620,2,Electronic Item 620,378.65,184,2025-01-08T21:59:12
621,3,Home Decor Item 621,73.31,219,2025-04-29T16:01:15
622,4,Misc Item 622,224.08,394,2025-11-21T12:05:14
623,1,Fashion Item 623,203.82,395,2025-09-03T15:07:09
624,3,Home Decor Item 624,322.53,462,2025-02-06T04:49:06
625,2,Electronic Item 625,443.46,358,2025-02-16T19:50:35
626,3,Home Decor Item 626,450.6,312,2025-09-12T16:12:59
627,3,Home Decor Item 627,444.4,400,2024-12-29T16:11:44
628,1,Fashion Item 628,170.57,371,2025-09-23T11:58:24
629,1,Fashion Item 629,278.13,266,2025-06-05T07:46:43
630,4,Misc Item 630,272.27,132,2025-07-26T19:51:25
631,3,Home Decor Item 631,421.58,132,2025-01-09T12:26:45
632,2,Electronic Item 632,288.36,2,2025-04-08T18:34:53
633,2,Electronic Item 633,447.7,321,2024-12-21T11:30:24
634,1,Fashion Item 634,393.47,366,2025-02-07T01:49:37
635,1,Fashion Item 635,260.64,98,2025-05-26T14:22:56
636,3,Home Decor Item 636,45.56,31,2025-04-24T02:11:16
637,3,Home Decor Item 637,204.36,286,2025-03-06T16:32:59
638,4,Misc Item 638,346.06,485,2025-03-21T15:44:37
639,2,Electronic Item 639,244.96,234,2025-09-21T12:14:19
640,2,Electronic Item 640,21.14,80,2025-02-13T17:28:34
641,1,Fashion Item 641,187.95,148,2025-11-06T11:53:22
642,1,Fashion Item 642,190.36,150,2025-03-24T05:54:16
643,1,Fashion Item 643,447.66,455,2025-07-04T23:04:27
644,1,Fashion Item 644,276.03,34,2025-11-04T15:43:11
645,2,Electronic Item 645,450.64,400,2025-05-17T13:37:14
646,2,Electronic Item 646,382.03,341,2025-04-12T01:29:56
647,3,Home Decor Item 647,207.77,119,2025-05-08T18:34:50
648,3,Home Decor Item 648,324.73,443,2025-09-04T06:01:12
649,2,Electronic Item 649,66.27,286,2025-10-14T23:55:02
650,4,Misc Item 650,263.27,384,2025-03-28T12:37:22
651,3,Home Decor Item 651,268.27,492,2025-11-17T20:54:44
652,1,Fashion Item 652,269.1,164,2025-05-05T09:28:56
653,1,Fashion Item 653,94.35,12,2025-03-01T19:22:04
654,1,Fashion Item 654,54.17,86,2025-07-04T01:40:45
655,1,Fashion Item 655,476.32,347,2025-09-02T04:46:42
656,1,Fashion Item 656,33.96,199,2025-10-07T19:16:15
657,1,Fashion Item 657,471.08,460,2025-09-27T05:02:04
658,2,Electronic Item 658,377.43,197,2025-09-29T21:07:07
659,2,Electronic Item 659,37.4,14,2025-05-02T07:51:24
660,2,Electronic Item 660,295.16,51,2025-07-23T10:43:37
661,2,Electronic Item 661,46.53,325,2025-03-15T23:30:56
662,4,Misc Item 662,392.1,275,2025-04-24T10:42:39
663,1,Fashion Item 663,235.0,424,2025-01-13T20:23:31
664,4,Misc Item 664,243.68,306,2025-07-21T17:04:56
665,2,Electronic Item 665,257.61,23,2025-09-05T11:28:39
666,2,Electronic Item 666,65.87,71,2025-02-15T20:44:54
667,2,Electronic Item 667,402.02,452,2024-12-12T18:26:54
668,1,Fashion Item 668,332.83,164,2025-06-05T23:15:17
669,1,Fashion Item 669,347.46,330,2025-11-25T08:45:29
670,3,Home Decor Item 670,209.52,458,2024-12-05T13:07:12
671,2,Electronic Item 671,446.82,417,2024-12-18T14:42:53
672,3,Home Decor Item 672,182.19,90,2024-12-06T06:36:58
673,2,Electronic Item 673,114.65,10,2025-07-06T17:53:43
674,2,Electronic Item 674,405.17,113,2025-07-30T12:56:39
675,2,Electronic Item 675,353.5,310,2025-08-12T06:39:48
676,1,Fashion Item 676,142.29,256,2025-03-20T00:42:59
677,1,Fashion Item 677,68.48,33,2025-09-22T21:28:14
678,4,Misc Item 678,365.8,140,2025-08-21T06:04:53
679,1,Fashion Item 679,216.42,344,2024-12-30T05:02:06
680,1,Fashion Item 680,341.69,238,2025-03-18T17:45:45
681,4,Misc Item 681,116.15,142,2025-04-25T11:32:19
682,1,Fashion Item 682,101.33,41,2025-02-08T05:59:58
683,4,Misc Item 683,458.91,100,2025-09-03T18:56:11
684,2,Electronic Item 684,52.88,245,2025-04-20T06:02:55
685,1,Fashion Item 685,122.99,174,2025-10-30T18:46:39
686,4,Misc Item 686,389.0,317,2025-04-17T03:26:24
687,1,Fashion Item 687,35.04,17,2025-05-17T19:31:01
688,1,Fashion Item 688,402.18,28,2025-06-25T08:41:13
689,3,Home Decor Item 689,281.83,150,2025-05-15T16:17:54
690,4,Misc Item 690,394.8,319,2025-11-21T14:24:54
691,3,Home Decor Item 691,440.57,317,2025-10-06T18:33:29
692,2,Electronic Item 692,167.46,98,2025-10-03T03:11:04
693,2,Electronic Item 693,421.19,463,2025-02-07T02:20:11
694,2,Electronic Item 694,363.69,227,2025-08-23T22:04:13
695,1,Fashion Item 695,294.34,262,2024-12-28T17:53:53
696,1,Fashion Item 696,157.79,175,2025-06-30T17:29:40
697,1,Fashion Item 697,256.02,427,2025-02-14T04:56:06
698,4,Misc Item 698,322.07,103,2025-10-22T18:29:16
699,3,Home Decor Item 699,491.05,307,2024-12-07T18:52:00
700,2,Electronic Item 700,212.25,83,2025-10-04T14:22:57
701,4,Misc Item 701,321.19,354,2025-08-01T13:56:14
702,2,Electronic Item 702,385.33,417,2025-06-10T17:14:12
703,3,Home Decor Item 703,8.33,5,2025-10-20T17:53:35
704,2,Electronic Item 704,317.51,467,2025-05-27T05:19:29
705,1,Fashion Item 705,113.38,134,2025-08-29T18:33:03
706,1,Fashion Item 706,92.16,134,2025-10-07T06:09:32
707,1,Fashion Item 707,109.07,233,2025-07-27T17:27:54
708,4,Misc Item 708,488.67,319,2025-04-19T04:32:34
709,4,Misc Item 709,69.74,97,2025-08-20T11:32:00
710,1,Fashion Item 710,217.62,325,2025-07-25T05:14:29
711,4,Misc Item 711,150.62,76,2025-06-12T21:55:26
712,4,Misc Item 712,426.49,495,2025-01-31T13:07:11
713,3,Home Decor Item 713,396.54,314,2025-10-25T00:49:38
714,2,Electronic Item 714,234.81,164,2024-11-27T17:18:38
715,3,Home Decor Item 715,249.92,137,2025-02-02T16:19:31
716,1,Fashion Item 716,447.97,231,2025-07-29T16:30:32
717,4,Misc Item 717,287.83,478,2025-05-19T21:39:22
718,3,Home Decor Item 718,151.05,265,2025-05-30T22:32:34
719,2,Electronic Item 719,236.44,209,2025-05-22T12:48:30
720,1,Fashion Item 720,223.64,135,2025-01-01T04:09:37
721,3,Home Decor Item 721,258.83,329,2025-10-17T20:51:32
722,2,Electronic Item 722,275.28,170,2025-08-18T18:56:09
723,3,Home Decor Item 723,99.37,309,2025-09-17T11:08:55
724,1,Fashion Item 724,176.58,206,2025-05-03T09:48:28
725,4,Misc Item 725,117.65,370,2025-08-11T13:38:58
726,3,Home Decor Item 726,233.39,405,2025-10-14T19:31:28
727,1,Fashion Item 727,227.74,285,2025-11-11T17:16:51
728,1,Fashion Item 728,370.21,255,2024-12-24T18:00:37
729,2,Electronic Item 729,377.55,390,2024-12-08T11:20:59
730,1,Fashion Item 730,393.75,472,2025-09-17T01:19:39
731,4,Misc Item 731,106.08,200,2025-10-25T11:27:47
732,2,Electronic Item 732,167.78,492,2025-04-09T07:39:28
733,1,Fashion Item 733,278.69,16,2024-12-09T08:57:19
734,1,Fashion Item 734,456.12,197,2025-07-04T23:25:37
735,2,Electronic Item 735,187.48,5,2025-08-31T19:01:33
736,4,Misc Item 736,68.92,214,2025-03-28T04:25:11
737,1,Fashion Item 737,106.81,221,2024-11-28T13:38:13
738,2,Electronic Item 738,253.73,350,2025-04-06T20:53:41
739,2,Electronic Item 739,413.17,309,2025-07-23T11:46:38
740,2,Electronic Item 740,290.19,377,2025-10-11T20:26:26
741,2,Electronic Item 741,412.6,435,2025-08-29T15:48:42
742,3,Home Decor Item 742,231.62,466,2024-12-25T00:14:39
743,1,Fashion Item 743,435.92,140,2025-01-09T11:20:41
744,3,Home Decor Item 744,362.59,111,2025-03-19T15:56:56
745,1,Fashion Item 745,57.09,392,2025-06-13T15:59:31
746,1,Fashion Item 746,27.09,13,2025-10-20T07:39:46
747,3,Home Decor Item 747,428.61,203,2025-11-08T06:31:56
748,1,Fashion Item 748,375.59,248,2025-04-05T04:26:20
749,3,Home Decor Item 749,221.67,241,2025-07-08T01:02:53
750,1,Fashion Item 750,66.45,379,2025-05-11T00:47:24
751,3,Home Decor Item 751,80.98,183,2025-08-27T23:02:04
752,2,Electronic Item 752,28.64,325,2025-03-04T07:35:05
753,2,Electronic Item 753,301.11,24,2025-05-17T23:34:41
754,1,Fashion Item 754,12.94,14,2025-11-19T18:38:57
755,1,Fashion Item 755,441.73,408,2024-12-22T00:48:39
756,2,Electronic Item 756,408.73,165,2025-02-12T08:06:09
757,4,Misc Item 757,200.56,219,2025-09-26T22:27:41
758,2,Electronic Item 758,90.94,205,2024-12-27T19:24:33
759,2,Electronic Item 759,37.68,417,2025-07-07T07:15:34
760,4,Misc Item 760,208.49,392,2025-01-24T12:44:03
761,1,Fashion Item 761,51.9,166,2025-01-07T16:46:33
762,2,Electronic Item 762,442.56,162,2024-12-20T13:22:10
763,2,Electronic Item 763,294.59,195,2025-03-10T07:36:00
764,3,Home Decor Item 764,11.58,10,2025-01-16T02:24:23
765,2,Electronic Item 765,34.66,191,2025-03-16T20:07:26
766,1,Fashion Item 766,23.76,472,2025-01-24T14:46:03
767,1,Fashion Item 767,394.55,20,2025-03-05T15:49:03
768,1,Fashion Item 768,367.77,175,2025-07-25T23:25:47
769,3,Home Decor Item 769,349.66,113,2025-01-19T17:02:01
770,1,Fashion Item 770,248.36,488,2025-08-21T05:01:34
771,1,Fashion Item 771,298.35,425,2025-08-14T22:19:10
772,3,Home Decor Item 772,159.17,369,2025-08-17T22:00:21
773,1,Fashion Item 773,226.89,325,2025-08-15T21:01:30
774,2,Electronic Item 774,88.04,225,2025-04-24T12:31:34
775,1,Fashion Item 775,193.8,437,2025-10-15T19:59:32
776,2,Electronic Item 776,91.97,194,2025-04-03T19:47:15
777,2,Electronic Item 777,243.02,170,2025-09-18T13:50:17
778,1,Fashion Item 778,431.52,373,2025-05-19T13:01:48
779,4,Misc Item 779,189.71,250,2025-06-22T07:35:00
780,4,Misc Item 780,496.27,63,2025-05-13T10:19:48
781,3,Home Decor Item 781,478.76,394,2025-06-01T12:22:08
782,3,Home Decor Item 782,327.2,474,2025-04-23T21:56:16
783,2,Electronic Item 783,339.83,357,2024-12-21T07:25:38
784,2,Electronic Item 784,342.13,130,2025-07-23T08:59:59
785,3,Home Decor Item 785,323.98,469,2025-05-14T16:26:41
786,2,Electronic Item 786,98.47,216,2025-09-03T15:22:53
787,2,Electronic Item 787,268.93,453,2025-05-15T09:35:05
788,3,Home Decor Item 788,462.54,445,2025-10-13T02:56:41
789,3,Home Decor Item 789,138.17,107,2025-05-07T19:42:20
790,1,Fashion Item 790,39.57,356,2025-04-27T11:48:36
791,3,Home Decor Item 791,89.46,191,2025-08-24T02:01:56
792,2,Electronic Item 792,408.11,95,2025-08-17T04:46:33
793,4,Misc Item 793,436.45,225,2025-01-10T08:11:19
794,1,Fashion Item 794,47.42,63,2025-07-09T04:35:00
795,2,Electronic Item 795,338.04,51,2025-11-23T04:42:01
796,2,Electronic Item 796,493.87,49,2025-08-10T11:54:20
797,2,Electronic Item 797,481.22,136,2025-03-23T13:41:36
798,1,Fashion Item 798,342.52,175,2025-06-18T22:11:59
799,2,Electronic Item 799,33.33,182,2025-06-11T03:16:33
800,3,Home Decor Item 800,444.55,71,2025-11-13T09:00:30
801,2,Electronic Item 801,311.08,337,2025-03-28T12:10:33
802,1,Fashion Item 802,320.85,482,2025-06-16T06:19:04
803,4,Misc Item 803,369.23,347,2025-04-13T22:25:11
804,3,Home Decor Item 804,398.01,178,2025-04-21T13:35:17
805,3,Home Decor Item 805,150.46,99,2024-11-28T01:42:39
806,1,Fashion Item 806,399.43,154,2024-12-17T10:56:38
807,4,Misc Item 807,243.67,276,2025-07-26T22:03:46
808,3,Home Decor Item 808,331.57,45,2025-10-03T15:05:21
809,4,Misc Item 809,384.32,112,2025-07-18T13:34:54
810,4,Misc Item 810,318.61,251,2025-10-11T18:48:23
811,2,Electronic Item 811,191.62,367,2025-05-15T07:06:53
812,1,Fashion Item 812,62.27,44,2025-10-01T03:40:40
813,3,Home Decor Item 813,62.47,188,2025-09-22T19:30:49
814,1,Fashion Item 814,297.08,97,2025-05-12T15:29:48
815,3,Home Decor Item 815,467.29,64,2025-03-05T09:01:08
816,2,Electronic Item 816,233.0,74,2025-06-28T22:57:11
817,1,Fashion Item 817,145.28,382,2024-12-22T05:40:22
818,2,Electronic Item 818,345.86,140,2024-11-30T10:01:32
819,2,Electronic Item 819,353.55,192,2025-10-27T18:47:38
820,3,Home Decor Item 820,467.54,115,2024-12-04T05:00:34
821,3,Home Decor Item 821,153.06,417,2024-12-25T01:07:38
822,2,Electronic Item 822,239.34,178,2025-05-10T16:41:06
823,1,Fashion Item 823,461.92,358,2025-02-19T16:35:11
824,3,Home Decor Item 824,292.29,412,2025-10-30T19:51:08
825,2,Electronic Item 825,243.81,459,2025-09-13T23:17:09
826,3,Home Decor Item 826,9.52,371,2025-02-06T03:12:41
827,2,Electronic Item 827,491.44,347,2025-09-02T04:52:20
828,1,Fashion Item 828,30.97,263,2024-12-29T18:35:57
829,2,Electronic Item 829,204.98,17,2025-09-27T22:09:14
830,3,Home Decor Item 830,477.5,334,2025-05-18T06:56:50
831,1,Fashion Item 831,328.33,188,2025-11-22T02:33:15
832,2,Electronic Item 832,336.05,260,2025-08-04T06:05:05
833,3,Home Decor Item 833,94.64,247,2024-12-31T15:08:03
834,1,Fashion Item 834,454.9,407,2025-02-25T00:11:30
835,2,Electronic Item 835,409.64,401,2025-02-28T13:08:07
836,2,Electronic Item 836,410.32,333,2025-09-24T23:22:11
837,3,Home Decor Item 837,7.64,228,2025-06-20T02:26:36
838,1,Fashion Item 838,132.1,385,2025-11-10T03:50:33
839,2,Electronic Item 839,274.49,216,2024-12-26T06:55:12
840,4,Misc Item 840,262.12,400,2025-06-29T06:55:26
841,2,Electronic Item 841,349.08,267,2025-05-30T08:51:11
842,3,Home Decor Item 842,333.0,22,2025-07-29T05:35:09
843,4,Misc Item 843,303.06,110,2025-01-28T17:51:00
844,3,Home Decor Item 844,213.9,281,2025-07-19T21:25:56
845,2,Electronic Item 845,472.65,346,2025-04-24T01:42:28
846,2,Electronic Item 846,138.35,324,2024-12-05T07:25:07
847,2,Electronic Item 847,325.65,261,2025-01-22T00:57:02
848,4,Misc Item 848,219.65,13,2025-01-21T21:54:43
849,1,Fashion Item 849,59.45,280,2025-05-03T04:31:18
850,2,Electronic Item 850,170.09,139,2025-09-13T22:42:12
851,2,Electronic Item 851,484.54,193,2025-10-05T02:25:36
852,2,Electronic Item 852,404.37,48,2025-03-01T18:13:12
853,2,Electronic Item 853,448.8,87,2025-06-17T16:44:23
854,4,Misc Item 854,268.18,304,2025-05-04T13:33:40
855,1,Fashion Item 855,259.21,79,2024-12-26T02:19:20
856,1,Fashion Item 856,364.08,498,2025-05-21T21:51:12
857,1,Fashion Item 857,493.19,408,2025-04-01T12:38:15
858,2,Electronic Item 858,360.64,472,2025-08-01T19:48:42
859,3,Home Decor Item 859,423.4,324,2025-10-18T04:07:51
860,2,Electronic Item 860,46.87,146,2025-02-16T12:58:45
861,2,Electronic Item 861,366.74,245,2025-03-17T12:10:20
862,2,Electronic Item 862,310.06,466,2025-11-23T15:27:01
863,1,Fashion Item 863,370.8,486,2025-03-01T08:44:35
864,4,Misc Item 864,338.89,451,2025-03-03T22:43:43
865,2,Electronic Item 865,70.99,180,2025-10-31T15:31:56
866,2,Electronic Item 866,61.05,467,2024-12-14T21:49:46
867,1,Fashion Item 867,150.3,109,2025-11-25T07:56:34
868,4,Misc Item 868,464.91,491,2025-01-01T12:09:12
869,4,Misc Item 869,424.93,29,2025-05-29T06:42:31
870,1,Fashion Item 870,58.05,179,2025-08-23T16:17:04
871,2,Electronic Item 871,102.78,270,2025-03-09T01:19:36
872,1,Fashion Item 872,385.88,128,2025-08-03T13:47:08
873,2,Electronic Item 873,446.64,274,2025-07-13T02:57:57
874,1,Fashion Item 874,180.1,222,2025-11-24T17:50:38
875,1,Fashion Item 875,71.17,215,2025-06-11T05:46:21
876,4,Misc Item 876,480.05,136,2025-09-27T15:35:30
877,3,Home Decor Item 877,358.59,166,2025-05-06T12:39:04
878,1,Fashion Item 878,479.05,405,2025-11-17T02:19:52
879,3,Home Decor Item 879,122.07,347,2025-06-04T15:16:46
880,2,Electronic Item 880,144.7,42,2025-04-21T21:54:11
881,1,Fashion Item 881,144.16,58,2025-07-15T21:55:02
882,3,Home Decor Item 882,405.93,358,2025-03-14T08:40:25
883,1,Fashion Item 883,70.49,19,2025-07-09T23:55:34
884,2,Electronic Item 884,50.01,26,2025-05-16T16:05:38
885,4,Misc Item 885,114.78,218,2025-03-27T04:41:22
886,1,Fashion Item 886,138.28,143,2025-05-31T15:42:06
887,1,Fashion Item 887,5.27,338,2025-06-15T23:12:19
888,4,Misc Item 888,54.88,94,2025-07-20T13:02:10
889,1,Fashion Item 889,52.96,6,2024-12-12T10:50:02
890,3,Home Decor Item 890,183.89,398,2025-01-29T11:40:04
891,1,Fashion Item 891,195.1,454,2025-10-04T02:10:21
892,2,Electronic Item 892,456.53,335,2025-08-21T23:53:56
893,4,Misc Item 893,311.41,154,2025-03-29T23:34:07
894,1,Fashion Item 894,212.02,364,2025-07-20T10:31:18
895,2,Electronic Item 895,63.13,223,2025-10-23T13:20:39
896,3,Home Decor Item 896,87.63,140,2024-12-06T02:13:44
897,3,Home Decor Item 897,348.43,379,2025-05-07T12:53:59
898,1,Fashion Item 898,376.61,196,2025-02-12T16:42:53
899,1,Fashion Item 899,6.78,292,2025-08-07T09:21:54
900,2,Electronic Item 900,361.69,132,2025-06-24T22:54:04
901,2,Electronic Item 901,89.7,23,2025-02-26T22:15:00
902,1,Fashion Item 902,442.38,474,2025-09-19T21:04:37
903,4,Misc Item 903,108.94,59,2025-11-26T07:18:24
904,1,Fashion Item 904,473.48,452,2025-02-18T21:18:35
905,1,Fashion Item 905,33.35,417,2025-11-21T17:58:50
906,1,Fashion Item 906,485.94,275,2024-12-25T09:41:14
907,4,Misc Item 907,132.39,320,2025-01-06T08:55:11
908,1,Fashion Item 908,138.05,297,2025-01-08T16:31:29
909,3,Home Decor Item 909,219.78,75,2025-03-27T03:30:43
910,1,Fashion Item 910,247.81,373,2025-08-26T07:20:46
911,1,Fashion Item 911,92.98,201,2024-12-10T08:47:35
912,1,Fashion Item 912,126.4,465,2024-12-31T16:16:06
913,3,Home Decor Item 913,404.96,308,2025-10-06T17:09:55
914,3,Home Decor Item 914,324.02,22,2025-09-20T21:52:53
915,3,Home Decor Item 915,9.65,405,2025-10-03T11:10:34
916,1,Fashion Item 916,242.81,288,2025-04-14T00:59:00
917,1,Fashion Item 917,32.66,354,2025-07-13T08:04:38
918,3,Home Decor Item 918,55.89,151,2025-10-05T12:17:55
919,4,Misc Item 919,16.88,218,2025-05-14T01:33:27
920,1,Fashion Item 920,440.1,196,2024-12-11T02:49:50
921,1,Fashion Item 921,478.45,144,2025-05-29T04:08:44
922,2,Electronic Item 922,462.73,43,2025-11-04T08:54:50
923,2,Electronic Item 923,301.81,347,2025-04-24T01:27:14
924,1,Fashion Item 924,56.44,469,2025-03-16T17:29:03
925,3,Home Decor Item 925,431.55,500,2025-09-11T07:02:39
926,3,Home Decor Item 926,393.85,244,2025-10-24T02:48:11
927,1,Fashion Item 927,164.91,65,2025-08-25T16:54:18
928,2,Electronic Item 928,348.24,211,2025-01-22T07:44:43
929,4,Misc Item 929,194.68,281,2025-03-17T11:18:29
930,2,Electronic Item 930,292.58,215,2025-03-02T09:53:00
931,1,Fashion Item 931,6.42,435,2025-11-18T17:43:43
932,4,Misc Item 932,34.49,178,2025-05-27T01:50:59
933,1,Fashion Item 933,427.39,497,2025-04-25T22:05:39
934,1,Fashion Item 934,73.21,492,2024-12-06T01:42:50
935,3,Home Decor Item 935,215.23,27,2024-12-03T03:03:49
936,1,Fashion Item 936,185.8,40,2025-07-25T04:07:02
937,1,Fashion Item 937,95.3,380,2025-09-16T11:43:10
938,3,Home Decor Item 938,224.77,330,2024-12-07T06:26:32
939,2,Electronic Item 939,90.92,82,2025-11-21T16:29:28
940,2,Electronic Item 940,415.61,470,2025-02-07T12:39:02
941,2,Electronic Item 941,82.62,498,2025-10-10T11:56:09
942,2,Electronic Item 942,32.72,200,2025-08-24T10:33:36
943,2,Electronic Item 943,328.09,207,2025-05-17T00:55:20
944,2,Electronic Item 944,138.61,53,2025-10-18T17:43:03
945,1,Fashion Item 945,273.08,33,2025-08-10T09:10:59
946,1,Fashion Item 946,104.85,475,2025-11-10T22:10:22
947,2,Electronic Item 947,396.16,23,2025-11-02T19:28:11
948,4,Misc Item 948,377.08,490,2025-05-07T12:42:39
949,3,Home Decor Item 949,364.22,498,2025-09-22T03:22:40
950,2,Electronic Item 950,388.65,12,2025-01-30T17:00:39
951,1,Fashion Item 951,80.01,237,2025-10-17T08:07:59
952,4,Misc Item 952,404.7,334,2025-09-16T01:03:35
953,3,Home Decor Item 953,172.82,184,2025-01-11T15:14:04
954,1,Fashion Item 954,498.52,310,2025-10-20T01:22:28
955,1,Fashion Item 955,12.4,392,2025-06-21T11:00:09
956,2,Electronic Item 956,89.01,151,2025-09-06T04:26:29
957,2,Electronic Item 957,40.21,363,2025-04-05T21:31:54
958,3,Home Decor Item 958,74.52,63,2025-02-08T13:08:46
959,2,Electronic Item 959,311.74,348,2025-09-21T14:52:23
960,4,Misc Item 960,189.97,349,2025-04-29T12:30:09
961,4,Misc Item 961,495.67,21,2025-01-13T07:28:51
962,3,Home Decor Item 962,282.6,79,2025-10-04T20:20:26
963,1,Fashion Item 963,437.71,342,2025-10-10T18:13:08
964,1,Fashion Item 964,94.24,55,2025-05-07T15:09:14
965,1,Fashion Item 965,174.5,309,2025-03-23T23:10:53
966,2,Electronic Item 966,274.82,485,2025-04-01T01:37:31
967,1,Fashion Item 967,302.53,194,2025-10-26T17:45:42
968,1,Fashion Item 968,434.67,487,2024-12-11T15:31:30
969,1,Fashion Item 969,39.28,207,2025-10-16T20:03:40
970,2,Electronic Item 970,336.47,132,2025-08-25T04:57:59
971,4,Misc Item 971,151.97,101,2025-06-01T15:39:51
972,2,Electronic Item 972,393.01,494,2024-12-05T15:01:13
973,2,Electronic Item 973,9.92,400,2025-01-25T23:41:38
974,2,Electronic Item 974,76.59,340,2025-06-18T06:24:24
975,2,Electronic Item 975,161.62,405,2024-12-16T16:07:38
976,4,Misc Item 976,471.95,438,2025-09-23T07:49:45
977,1,Fashion Item 977,374.13,96,2025-04-25T11:02:27
978,1,Fashion Item 978,108.83,97,2024-12-14T09:55:16
979,1,Fashion Item 979,448.84,257,2025-09-24T12:45:01
980,2,Electronic Item 980,414.95,218,2025-03-04T18:41:46
981,2,Electronic Item 981,92.56,304,2025-09-04T11:09:42
982,3,Home Decor Item 982,345.83,223,2025-01-06T20:36:38
983,4,Misc Item 983,403.94,53,2025-10-12T07:16:16
984,1,Fashion Item 984,376.22,319,2025-02-22T03:17:35
985,3,Home Decor Item 985,426.59,108,2025-08-04T14:22:14
986,4,Misc Item 986,178.55,406,2025-04-03T15:53:19
987,4,Misc Item 987,392.19,259,2025-07-04T21:10:47
988,3,Home Decor Item 988,398.59,212,2024-12-17T22:07:42
989,1,Fashion Item 989,80.92,191,2025-03-06T09:04:47
990,4,Misc Item 990,496.45,123,2025-02-15T16:40:27
991,3,Home Decor Item 991,401.66,295,2025-04-22T02:13:52
992,2,Electronic Item 992,162.47,81,2025-04-17T22:30:50
993,2,Electronic Item 993,317.56,401,2025-05-10T08:05:00
994,4,Misc Item 994,105.86,47,2025-11-13T14:59:50
995,1,Fashion Item 995,355.25,471,2025-10-17T10:06:17
996,4,Misc Item 996,319.06,398,2025-05-28T00:07:51
997,1,Fashion Item 997,270.03,125,2025-05-17T21:26:22
998,4,Misc Item 998,315.58,326,2025-02-04T03:09:28
999,4,Misc Item 999,65.73,72,2025-07-05T21:23:03
1000,1,Fashion Item 1000,423.09,467,2025-08-12T16:41:41
1001,2,Electronic Item 1001,245.83,320,2025-10-18T23:16:00
1002,2,Electronic Item 1002,228.18,82,2025-08-26T20:02:45
1003,2,Electronic Item 1003,305.29,16,2025-09-27T18:26:31
1004,2,Electronic Item 1004,7.48,267,2025-07-20T02:29:46
1005,2,Electronic Item 1005,261.41,389,2025-09-09T23:02:52
1006,1,Fashion Item 1006,73.59,42,2024-12-08T02:18:52
1007,1,Fashion Item 1007,50.53,362,2025-02-17T07:11:14
1008,2,Electronic Item 1008,473.44,472,2025-08-20T21:49:03
1009,4,Misc Item 1009,55.93,406,2025-01-30T19:34:43
1010,4,Misc Item 1010,246.48,452,2025-04-12T15:29:43
1011,2,Electronic Item 1011,305.61,219,2025-08-16T10:16:27
1012,3,Home Decor Item 1012,227.45,455,2025-11-09T12:18:19
1013,2,Electronic Item 1013,61.75,414,2025-06-14T15:17:23
1014,1,Fashion Item 1014,330.19,190,2025-09-13T19:28:28
1015,3,Home Decor Item 1015,359.82,109,2025-04-02T10:15:44
1016,2,Electronic Item 1016,302.89,269,2025-08-08T03:10:34
1017,4,Misc Item 1017,404.68,343,2025-10-19T10:01:35
1018,1,Fashion Item 1018,163.46,100,2025-11-01T12:56:23
1019,2,Electronic Item 1019,66.43,87,2025-01-23T19:01:19
1020,1,Fashion Item 1020,13.83,401,2025-02-06T06:45:14
1021,3,Home Decor Item 1021,204.39,458,2025-02-26T11:43:01
1022,2,Electronic Item 1022,415.78,212,2025-06-25T20:55:21
1023,1,Fashion Item 1023,388.43,252,2025-01-18T05:12:34
1024,2,Electronic Item 1024,322.34,466,2025-09-25T17:18:35
1025,1,Fashion Item 1025,10.15,53,2025-06-14T15:03:38
1026,1,Fashion Item 1026,451.63,188,2025-02-25T06:44:36
1027,1,Fashion Item 1027,473.84,38,2025-07-14T18:55:58
1028,1,Fashion Item 1028,89.32,70,2025-02-01T14:08:59
1029,4,Misc Item 1029,377.75,454,2025-04-29T07:44:03
1030,2,Electronic Item 1030,124.06,244,2024-12-23T13:04:45
1031,1,Fashion Item 1031,135.59,151,2024-11-28T03:54:31
1032,3,Home Decor Item 1032,368.96,105,2024-12-07T04:04:58
1033,1,Fashion Item 1033,111.99,419,2025-05-14T00:04:53
1034,1,Fashion Item 1034,297.31,270,2025-03-08T19:30:51
1035,3,Home Decor Item 1035,424.66,54,2025-09-21T22:57:27
1036,4,Misc Item 1036,259.16,399,2025-05-07T00:04:48
1037,2,Electronic Item 1037,344.7,487,2025-02-04T07:18:59
1038,4,Misc Item 1038,373.79,123,2025-11-18T14:08:39
1039,1,Fashion Item 1039,332.63,231,2025-05-30T21:15:14
1040,2,Electronic Item 1040,109.97,203,2025-03-14T15:14:11
1041,2,Electronic Item 1041,188.04,25,2024-12-29T16:59:46
1042,1,Fashion Item 1042,92.44,141,2025-02-28T08:48:24
1043,1,Fashion Item 1043,29.69,127,2025-10-01T22:55:43
1044,2,Electronic Item 1044,123.19,272,2025-10-06T20:53:38
1045,2,Electronic Item 1045,55.15,375,2024-12-07T21:09:21
1046,3,Home Decor Item 1046,177.08,147,2024-11-30T09:12:44
1047,2,Electronic Item 1047,351.73,244,2025-06-23T22:14:07
1048,1,Fashion Item 1048,97.74,460,2025-04-08T01:45:33
1049,2,Electronic Item 1049,15.31,498,2025-07-15T04:07:14
1050,2,Electronic Item 1050,484.92,298,2025-11-26T13:08:40
1051,1,Fashion Item 1051,13.61,348,2025-07-01T22:36:41
1052,3,Home Decor Item 1052,388.75,51,2025-06-24T18:42:06
1053,3,Home Decor Item 1053,130.5,234,2025-11-20T18:05:04
1054,1,Fashion Item 1054,344.46,372,2025-01-04T06:10:07
1055,3,Home Decor Item 1055,75.11,254,2025-11-11T22:01:34
1056,2,Electronic Item 1056,373.46,99,2025-05-17T07:40:03
1057,3,Home Decor Item 1057,450.11,230,2025-03-03T00:33:12
1058,2,Electronic Item 1058,211.56,141,2025-06-21T23:59:05
1059,3,Home Decor Item 1059,417.91,62,2025-04-19T14:21:22
1060,1,Fashion Item 1060,484.89,255,2024-12-12T01:33:59
1061,2,Electronic Item 1061,148.44,285,2024-12-22T01:00:10
1062,1,Fashion Item 1062,150.89,232,2025-11-06T23:00:38
1063,1,Fashion Item 1063,156.38,220,2025-05-31T06:53:59
1064,2,Electronic Item 1064,145.22,439,2025-03-14T10:30:25
1065,1,Fashion Item 1065,367.86,221,2025-02-01T03:59:04
1066,2,Electronic Item 1066,180.54,415,2024-12-14T07:43:45
1067,4,Misc Item 1067,53.58,133,2025-06-25T09:11:08
1068,2,Electronic Item 1068,341.07,165,2025-02-04T01:51:21
1069,2,Electronic Item 1069,103.76,156,2025-10-14T20:05:51
1070,2,Electronic Item 1070,438.58,223,2025-10-09T01:52:36
1071,2,Electronic Item 1071,344.16,183,2025-04-01T18:01:39
1072,4,Misc Item 1072,233.34,467,2025-02-14T05:57:40
1073,3,Home Decor Item 1073,309.53,154,2025-07-25T09:47:39
1074,1,Fashion Item 1074,423.33,64,2025-05-05T06:42:23
1075,3,Home Decor Item 1075,46.91,138,2024-12-30T03:01:32
1076,2,Electronic Item 1076,346.84,442,2025-10-27T02:30:06
1077,3,Home Decor Item 1077,260.55,287,2025-03-19T01:57:25
1078,1,Fashion Item 1078,158.89,479,2025-11-23T13:15:59
1079,1,Fashion Item 1079,5.02,309,2025-09-26T11:59:49
1080,1,Fashion Item 1080,17.2,258,2025-04-13T16:41:52
1081,2,Electronic Item 1081,491.43,419,2025-07-29T11:01:04
1082,2,Electronic Item 1082,330.79,63,2025-04-20T01:35:55
1083,3,Home Decor Item 1083,330.45,87,2025-03-10T11:01:09
1084,3,Home Decor Item 1084,479.75,252,2025-05-22T20:54:15
1085,2,Electronic Item 1085,407.68,75,2025-11-12T20:36:15
1086,2,Electronic Item 1086,292.37,17,2024-12-31T07:14:31
1087,4,Misc Item 1087,236.61,370,2025-04-06T20:50:29
1088,2,Electronic Item 1088,428.64,257,2025-08-11T18:13:21
1089,1,Fashion Item 1089,329.68,180,2024-12-26T10:25:11
1090,1,Fashion Item 1090,382.49,155,2025-05-10T04:26:23
1091,2,Electronic Item 1091,94.29,362,2025-03-12T06:55:59
1092,3,Home Decor Item 1092,296.48,297,2025-06-01T09:38:33
1093,1,Fashion Item 1093,367.77,118,2025-10-09T03:03:21
1094,1,Fashion Item 1094,119.61,395,2025-07-29T03:05:04
1095,3,Home Decor Item 1095,212.93,32,2025-10-26T08:38:40
1096,2,Electronic Item 1096,190.29,323,2025-11-12T00:35:08
1097,2,Electronic Item 1097,494.49,293,2025-02-15T23:39:04
1098,2,Electronic Item 1098,146.61,103,2025-09-05T15:07:10
1099,2,Electronic Item 1099,316.41,342,2025-10-08T23:30:45
1100,2,Electronic Item 1100,206.97,279,2025-10-21T18:31:06
1101,2,Electronic Item 1101,99.12,106,2025-02-07T13:40:30
1102,2,Electronic Item 1102,281.56,70,2025-10-23T14:56:39
1103,4,Misc Item 1103,286.73,65,2025-03-07T20:03:54
1104,2,Electronic Item 1104,30.48,276,2025-06-11T06:06:09
1105,2,Electronic Item 1105,182.16,446,2025-09-07T20:26:06
1106,1,Fashion Item 1106,261.29,312,2025-03-15T19:33:18
1107,2,Electronic Item 1107,446.45,298,2025-03-30T21:20:45
1108,2,Electronic Item 1108,104.25,454,2025-10-28T01:51:07
1109,4,Misc Item 1109,333.35,449,2025-10-26T22:20:41
1110,3,Home Decor Item 1110,284.11,312,2024-12-03T05:38:09
1111,2,Electronic Item 1111,308.15,41,2025-02-17T13:29:30
1112,1,Fashion Item 1112,250.82,115,2024-12-29T18:10:15
1113,3,Home Decor Item 1113,438.84,116,2025-11-17T04:54:28
1114,2,Electronic Item 1114,430.85,349,2024-12-12T06:15:52
1115,2,Electronic Item 1115,191.73,64,2025-04-20T15:22:58
1116,2,Electronic Item 1116,449.09,462,2025-05-22T18:06:54
1117,4,Misc Item 1117,122.89,47,2025-01-30T06:33:26
1118,3,Home Decor Item 1118,444.73,406,2025-02-25T10:14:28
1119,3,Home Decor Item 1119,42.92,64,2025-04-17T00:20:53
1120,4,Misc Item 1120,69.21,203,2025-03-26T06:58:53
1121,1,Fashion Item 1121,469.49,105,2025-03-18T17:55:36
1122,4,Misc Item 1122,391.2,149,2024-12-27T22:01:55
1123,3,Home Decor Item 1123,254.21,27,2025-06-02T15:57:55
1124,1,Fashion Item 1124,456.46,430,2025-03-05T22:31:47
1125,1,Fashion Item 1125,363.83,403,2025-09-16T05:37:02
1126,2,Electronic Item 1126,229.61,58,2025-11-16T12:45:31
1127,2,Electronic Item 1127,153.7,494,2025-10-15T04:44:56
1128,2,Electronic Item 1128,432.07,196,2025-04-14T05:18:22
1129,1,Fashion Item 1129,218.39,26,2024-12-23T19:48:47
1130,4,Misc Item 1130,455.48,386,2025-06-07T21:21:53
1131,1,Fashion Item 1131,415.47,222,2025-04-23T04:50:37
1132,4,Misc Item 1132,466.57,147,2025-02-26T14:02:51
1133,1,Fashion Item 1133,193.74,381,2025-07-29T02:07:19
1134,1,Fashion Item 1134,128.72,277,2025-06-28T18:38:02
1135,2,Electronic Item 1135,184.04,337,2025-07-21T07:08:49
1136,2,Electronic Item 1136,163.89,135,2025-08-27T14:45:53
1137,1,Fashion Item 1137,23.32,183,2025-03-26T07:42:13
1138,1,Fashion Item 1138,469.72,141,2025-01-18T10:50:44
1139,1,Fashion Item 1139,384.16,141,2025-07-17T12:54:12
1140,1,Fashion Item 1140,310.88,25,2025-07-31T02:45:23
1141,2,Electronic Item 1141,25.77,367,2025-08-03T04:42:33
1142,3,Home Decor Item 1142,429.46,180,2025-02-24T05:17:40
1143,2,Electronic Item 1143,61.03,39,2025-07-28T23:29:39
1144,3,Home Decor Item 1144,342.1,36,2025-01-02T15:23:45
1145,2,Electronic Item 1145,183.34,499,2025-05-02T07:11:07
1146,2,Electronic Item 1146,84.35,22,2025-07-02T01:27:34
1147,1,Fashion Item 1147,159.99,366,2025-03-11T09:45:07
1148,3,Home Decor Item 1148,21.14,371,2025-09-11T17:02:53
1149,4,Misc Item 1149,496.2,289,2025-03-14T10:00:31
1150,3,Home Decor Item 1150,266.24,26,2025-01-20T13:43:34
1151,1,Fashion Item 1151,418.82,150,2025-07-25T18:57:22
1152,1,Fashion Item 1152,160.83,497,2025-09-28T22:08:49
1153,2,Electronic Item 1153,179.23,258,2025-10-18T17:43:57
1154,2,Electronic Item 1154,212.33,291,2025-09-23T11:20:57
1155,2,Electronic Item 1155,73.38,133,2025-07-03T18:29:13
1156,2,Electronic Item 1156,254.99,75,2025-02-05T12:55:48
1157,1,Fashion Item 1157,64.79,134,2025-02-16T13:48:58
1158,3,Home Decor Item 1158,16.85,85,2025-10-21T02:06:12
1159,4,Misc Item 1159,180.41,205,2024-12-05T10:38:44
1160,1,Fashion Item 1160,449.23,459,2025-06-07T09:23:17
1161,4,Misc Item 1161,27.39,378,2025-05-29T14:34:46
1162,3,Home Decor Item 1162,220.67,387,2025-03-28T02:01:20
1163,1,Fashion Item 1163,8.85,303,2025-05-21T07:16:45
1164,2,Electronic Item 1164,256.79,301,2025-07-07T03:23:43
1165,1,Fashion Item 1165,284.25,459,2025-03-03T09:48:44
1166,1,Fashion Item 1166,195.11,387,2025-08-28T01:42:34
1167,2,Electronic Item 1167,142.74,450,2025-01-15T19:28:39
1168,1,Fashion Item 1168,147.48,249,2025-04-16T22:46:51
1169,4,Misc Item 1169,377.97,473,2025-07-31T20:46:43
1170,1,Fashion Item 1170,420.2,386,2025-09-02T05:55:39
1171,1,Fashion Item 1171,417.09,13,2025-05-21T23:31:37
1172,3,Home Decor Item 1172,262.84,425,2025-04-08T20:11:05
1173,2,Electronic Item 1173,218.97,134,2025-10-14T01:56:30
1174,1,Fashion Item 1174,180.09,40,2025-08-06T04:12:58
1175,1,Fashion Item 1175,317.16,262,2024-12-18T04:13:33
1176,1,Fashion Item 1176,354.03,266,2025-06-17T23:59:28
1177,4,Misc Item 1177,315.51,125,2025-09-17T09:34:30
1178,3,Home Decor Item 1178,136.32,77,2025-03-24T00:06:39
1179,2,Electronic Item 1179,48.91,264,2025-08-10T06:48:24
1180,2,Electronic Item 1180,108.23,91,2025-11-07T15:41:55
1181,2,Electronic Item 1181,121.18,178,2025-03-24T11:36:35
1182,4,Misc Item 1182,335.65,250,2025-01-08T16:38:36
1183,1,Fashion Item 1183,113.37,493,2025-07-02T15:38:46
1184,3,Home Decor Item 1184,62.33,237,2025-06-17T02:47:22
1185,3,Home Decor Item 1185,244.45,412,2025-03-21T09:02:22
1186,1,Fashion Item 1186,111.48,435,2025-05-02T04:42:34
1187,1,Fashion Item 1187,162.22,200,2025-04-14T15:26:32
1188,1,Fashion Item 1188,365.45,173,2025-01-06T05:15:43
1189,1,Fashion Item 1189,438.43,274,2025-08-13T08:09:26
1190,1,Fashion Item 1190,272.18,486,2025-11-16T17:07:03
1191,4,Misc Item 1191,384.59,283,2025-10-25T07:04:40
1192,2,Electronic Item 1192,103.23,80,2025-02-25T16:31:21
1193,4,Misc Item 1193,169.09,110,2025-02-16T21:52:05
1194,3,Home Decor Item 1194,378.79,269,2025-10-05T12:39:51
1195,1,Fashion Item 1195,17.0,323,2024-12-09T21:55:08
1196,3,Home Decor Item 1196,192.04,205,2025-09-20T21:05:34
1197,1,Fashion Item 1197,372.61,277,2025-01-22T01:23:41
1198,1,Fashion Item 1198,304.82,159,2025-06-14T15:26:38
1199,1,Fashion Item 1199,232.16,51,2025-07-14T07:02:14
1200,1,Fashion Item 1200,51.07,495,2025-05-02T10:29:53
1201,4,Misc Item 1201,268.94,125,2025-05-16T06:17:47
1202,4,Misc Item 1202,382.54,365,2025-10-02T14:27:24
1203,2,Electronic Item 1203,119.9,189,2025-03-27T10:25:10
1204,1,Fashion Item 1204,405.79,499,2025-10-16T03:27:01
1205,4,Misc Item 1205,247.46,127,2025-10-16T01:46:39
1206,2,Electronic Item 1206,420.63,389,2025-07-31T04:46:39
1207,1,Fashion Item 1207,172.24,77,2025-11-08T19:13:11
1208,4,Misc Item 1208,137.73,107,2025-02-12T13:07:45
1209,4,Misc Item 1209,121.69,236,2024-11-29T13:20:16
1210,2,Electronic Item 1210,43.36,65,2025-11-21T01:01:18
1211,1,Fashion Item 1211,221.61,497,2025-09-30T05:30:04
1212,2,Electronic Item 1212,264.67,71,2025-02-19T15:41:56
1213,1,Fashion Item 1213,497.89,368,2024-12-15T21:03:09
1214,2,Electronic Item 1214,87.14,148,2025-03-04T23:28:44
1215,1,Fashion Item 1215,234.13,479,2025-06-11T01:59:44
1216,1,Fashion Item 1216,211.07,76,2025-04-01T04:28:55
1217,1,Fashion Item 1217,51.45,234,2025-06-11T03:28:29
1218,2,Electronic Item 1218,38.05,325,2025-02-13T22:41:37
1219,4,Misc Item 1219,140.92,420,2025-04-22T09:38:36
1220,2,Electronic Item 1220,204.62,130,2025-02-12T11:13:31
1221,1,Fashion Item 1221,366.68,143,2025-08-27T21:21:00
1222,3,Home Decor Item 1222,295.72,392,2025-05-14T18:54:09
1223,4,Misc Item 1223,369.95,315,2024-12-19T13:41:13
1224,1,Fashion Item 1224,119.76,110,2025-10-11T08:32:04
1225,2,Electronic Item 1225,5.12,39,2025-11-01T01:56:10
1226,3,Home Decor Item 1226,166.91,256,2025-09-27T22:09:25
1227,3,Home Decor Item 1227,180.72,429,2025-03-04T19:22:57
1228,4,Misc Item 1228,473.02,426,2025-07-08T01:43:15
1229,2,Electronic Item 1229,395.54,350,2025-09-26T10:36:38
1230,1,Fashion Item 1230,433.74,437,2025-04-02T18:19:34
1231,2,Electronic Item 1231,93.61,382,2025-11-21T23:47:35
1232,1,Fashion Item 1232,295.16,168,2025-10-09T17:29:35
1233,2,Electronic Item 1233,21.6,140,2025-01-02T13:29:35
1234,1,Fashion Item 1234,33.33,292,2025-11-11T13:46:54
1235,2,Electronic Item 1235,239.36,447,2024-12-30T11:03:32
1236,1,Fashion Item 1236,447.66,78,2024-12-01T00:28:56
1237,3,Home Decor Item 1237,64.12,227,2025-01-05T04:39:14
1238,4,Misc Item 1238,101.12,314,2025-11-18T18:48:40
1239,4,Misc Item 1239,295.49,483,2025-05-23T12:07:26
1240,2,Electronic Item 1240,335.52,31,2025-10-24T23:53:54
1241,1,Fashion Item 1241,224.48,141,2025-01-19T23:41:22
1242,2,Electronic Item 1242,421.85,481,2025-11-25T19:35:39
1243,1,Fashion Item 1243,235.79,428,2024-12-06T03:47:19
1244,1,Fashion Item 1244,49.83,373,2025-10-14T00:09:49
1245,3,Home Decor Item 1245,395.42,111,2025-01-04T17:17:13
1246,1,Fashion Item 1246,342.04,482,2025-08-22T02:05:26
1247,3,Home Decor Item 1247,93.11,71,2025-02-10T19:26:05
1248,4,Misc Item 1248,92.67,151,2025-07-17T14:55:04
1249,2,Electronic Item 1249,291.45,178,2025-01-02T11:52:47
1250,1,Fashion Item 1250,418.19,197,2025-09-08T11:20:13
1251,1,Fashion Item 1251,406.4,407,2025-07-02T23:22:13
1252,1,Fashion Item 1252,387.84,132,2025-08-07T13:53:43
1253,2,Electronic Item 1253,317.4,243,2025-09-16T13:54:41
1254,2,Electronic Item 1254,296.25,17,2025-06-15T03:06:52
1255,2,Electronic Item 1255,170.68,331,2025-10-07T00:06:38
1256,2,Electronic Item 1256,97.15,11,2025-04-16T08:28:23
1257,3,Home Decor Item 1257,366.82,242,2025-07-25T21:43:38
1258,3,Home Decor Item 1258,153.59,497,2025-07-30T12:27:55
1259,4,Misc Item 1259,203.37,14,2025-09-04T12:16:28
1260,4,Misc Item 1260,482.79,482,2025-03-03T23:41:51
1261,3,Home Decor Item 1261,395.34,27,2025-10-11T19:39:46
1262,2,Electronic Item 1262,86.84,0,2024-12-25T01:33:12
1263,1,Fashion Item 1263,96.37,439,2025-08-14T15:01:44
1264,1,Fashion Item 1264,279.9,397,2025-05-20T06:44:35
1265,1,Fashion Item 1265,277.17,201,2024-12-04T23:11:12
1266,3,Home Decor Item 1266,354.58,390,2025-10-08T16:48:43
1267,2,Electronic Item 1267,166.92,144,2024-12-16T15:27:51
1268,1,Fashion Item 1268,336.59,496,2025-01-31T05:56:38
1269,3,Home Decor Item 1269,187.72,174,2025-03-16T06:51:55
1270,2,Electronic Item 1270,73.35,96,2025-11-04T23:13:57
1271,1,Fashion Item 1271,328.75,217,2025-09-10T20:32:53
1272,1,Fashion Item 1272,479.46,215,2025-08-28T00:58:08
1273,2,Electronic Item 1273,45.91,351,2025-10-06T07:02:37
1274,1,Fashion Item 1274,289.47,196,2024-12-10T14:22:06
1275,2,Electronic Item 1275,31.98,217,2025-07-17T07:50:08
1276,2,Electronic Item 1276,391.6,364,2025-06-08T11:26:37
1277,4,Misc Item 1277,268.2,196,2024-12-17T04:00:37
1278,1,Fashion Item 1278,467.42,302,2025-07-17T23:43:42
1279,2,Electronic Item 1279,235.06,20,2025-09-25T13:05:48
1280,4,Misc Item 1280,344.76,129,2025-04-23T18:38:12
1281,2,Electronic Item 1281,93.47,182,2025-04-28T06:17:07
1282,2,Electronic Item 1282,299.91,182,2025-11-08T11:34:49
1283,1,Fashion Item 1283,51.81,372,2025-09-13T07:52:45
1284,1,Fashion Item 1284,231.73,316,2025-07-25T11:51:40
1285,1,Fashion Item 1285,189.53,75,2025-01-19T07:42:04
1286,1,Fashion Item 1286,320.19,154,2025-04-24T16:19:58
1287,3,Home Decor Item 1287,372.63,40,2025-04-20T02:41:03
1288,2,Electronic Item 1288,271.88,406,2025-07-26T05:08:43
1289,1,Fashion Item 1289,468.06,140,2024-12-10T00:09:42
1290,2,Electronic Item 1290,455.32,347,2025-07-04T20:59:43
1291,1,Fashion Item 1291,210.09,66,2025-07-09T21:12:00
1292,1,Fashion Item 1292,116.29,363,2025-06-13T22:52:29
1293,3,Home Decor Item 1293,306.61,235,2025-01-29T15:36:13
1294,2,Electronic Item 1294,281.04,175,2025-06-05T19:17:07
1295,2,Electronic Item 1295,372.57,107,2025-02-28T00:44:00
1296,1,Fashion Item 1296,426.88,495,2025-10-17T07:56:07
1297,1,Fashion Item 1297,375.27,271,2025-05-21T19:51:13
1298,2,Electronic Item 1298,236.35,79,2025-01-11T09:37:35
1299,2,Electronic Item 1299,210.62,391,2025-11-15T20:35:14
1300,4,Misc Item 1300,190.77,275,2025-09-20T17:08:42
1301,2,Electronic Item 1301,109.6,56,2025-02-07T20:23:18
1302,2,Electronic Item 1302,179.25,111,2025-04-26T09:06:19
1303,2,Electronic Item 1303,333.8,351,2025-01-06T07:45:34
1304,2,Electronic Item 1304,116.42,206,2025-03-18T14:01:57
1305,4,Misc Item 1305,92.93,147,2025-11-25T11:31:46
1306,3,Home Decor Item 1306,343.26,50,2025-05-14T09:48:01
1307,1,Fashion Item 1307,19.38,114,2025-09-17T08:43:28
1308,2,Electronic Item 1308,367.41,484,2025-11-15T19:05:22
1309,2,Electronic Item 1309,343.76,487,2025-05-22T06:05:46
1310,4,Misc Item 1310,425.9,82,2025-04-06T17:29:10
1311,2,Electronic Item 1311,357.83,102,2025-06-15T02:05:37
1312,1,Fashion Item 1312,233.28,125,2024-12-11T08:57:34
1313,4,Misc Item 1313,252.61,56,2025-01-21T18:51:45
1314,2,Electronic Item 1314,481.42,3,2025-11-10T16:07:43
1315,1,Fashion Item 1315,211.46,133,2025-02-25T02:31:06
1316,2,Electronic Item 1316,414.74,30,2025-06-30T16:25:05
1317,3,Home Decor Item 1317,258.22,332,2025-04-15T15:19:08
1318,3,Home Decor Item 1318,292.01,405,2025-10-01T00:46:18
1319,4,Misc Item 1319,398.8,107,2025-07-15T03:23:13
1320,2,Electronic Item 1320,356.0,385,2025-07-24T21:27:25
1321,1,Fashion Item 1321,227.94,132,2025-02-09T20:54:00
1322,1,Fashion Item 1322,147.77,113,2025-05-21T10:24:19
1323,1,Fashion Item 1323,359.34,290,2025-01-06T19:49:40
1324,3,Home Decor Item 1324,81.45,412,2024-12-07T02:14:34
1325,1,Fashion Item 1325,117.82,435,2025-08-10T09:41:18
1326,1,Fashion Item 1326,361.96,381,2025-03-07T16:08:49
1327,4,Misc Item 1327,323.71,300,2025-03-15T19:28:48
1328,4,Misc Item 1328,245.2,86,2025-03-03T13:22:20
1329,4,Misc Item 1329,12.05,484,2025-10-24T18:27:29
1330,1,Fashion Item 1330,79.29,311,2025-09-26T07:15:27
1331,2,Electronic Item 1331,456.79,464,2025-11-20T11:50:26
1332,2,Electronic Item 1332,21.26,320,2025-10-07T18:55:33
1333,2,Electronic Item 1333,269.7,379,2025-02-25T04:01:50
1334,2,Electronic Item 1334,126.12,408,2025-08-25T07:13:41
1335,1,Fashion Item 1335,489.79,136,2025-02-17T20:49:14
1336,3,Home Decor Item 1336,459.15,463,2025-09-20T11:53:51
1337,2,Electronic Item 1337,292.73,237,2025-10-07T11:22:27
1338,1,Fashion Item 1338,241.76,226,2025-10-15T13:35:29
1339,2,Electronic Item 1339,153.48,4,2025-02-02T15:16:35
1340,3,Home Decor Item 1340,101.43,412,2025-01-05T08:33:11
1341,3,Home Decor Item 1341,302.67,252,2025-01-08T00:29:45
1342,4,Misc Item 1342,153.32,444,2025-02-27T21:51:24
1343,3,Home Decor Item 1343,254.02,320,2025-04-16T02:51:53
1344,1,Fashion Item 1344,447.22,260,2025-03-31T12:52:20
1345,3,Home Decor Item 1345,338.12,48,2025-04-14T18:27:20
1346,1,Fashion Item 1346,58.81,118,2025-08-09T19:44:18
1347,3,Home Decor Item 1347,238.58,350,2025-06-26T08:43:52
1348,1,Fashion Item 1348,384.37,402,2025-09-01T01:10:22
1349,1,Fashion Item 1349,260.65,242,2024-12-27T09:15:06
1350,1,Fashion Item 1350,135.11,478,2025-06-24T17:25:23
1351,3,Home Decor Item 1351,415.47,161,2025-04-10T19:42:31
1352,1,Fashion Item 1352,470.29,28,2025-05-01T18:02:55
1353,1,Fashion Item 1353,353.65,106,2024-12-23T21:36:18
1354,1,Fashion Item 1354,216.61,195,2025-06-13T10:36:16
1355,3,Home Decor Item 1355,310.69,225,2025-07-10T03:02:00
1356,4,Misc Item 1356,298.51,487,2025-11-03T16:43:17
1357,1,Fashion Item 1357,305.32,192,2025-10-28T03:13:48
1358,1,Fashion Item 1358,187.88,472,2025-07-05T02:52:50
1359,1,Fashion Item 1359,388.75,211,2025-09-11T01:26:48
1360,2,Electronic Item 1360,221.94,167,2025-02-06T11:01:21
1361,3,Home Decor Item 1361,346.34,71,2025-10-23T19:29:32
1362,3,Home Decor Item 1362,111.33,164,2025-04-01T22:38:01
1363,1,Fashion Item 1363,375.09,11,2025-09-17T02:35:01
1364,3,Home Decor Item 1364,400.06,425,2025-03-02T04:43:42
1365,2,Electronic Item 1365,497.85,491,2025-03-13T19:00:54
1366,2,Electronic Item 1366,319.02,376,2025-10-19T10:20:28
1367,2,Electronic Item 1367,400.3,433,2025-10-13T10:01:38
1368,4,Misc Item 1368,377.19,392,2024-12-11T15:13:58
1369,2,Electronic Item 1369,440.87,378,2025-09-10T07:14:29
1370,2,Electronic Item 1370,173.21,270,2024-12-07T15:10:48
1371,1,Fashion Item 1371,313.73,199,2025-11-18T06:36:44
1372,1,Fashion Item 1372,428.51,299,2024-12-16T19:01:53
1373,3,Home Decor Item 1373,289.35,181,2025-02-05T01:22:01
1374,1,Fashion Item 1374,17.98,308,2025-11-07T02:17:15
1375,1,Fashion Item 1375,161.09,117,2024-12-25T23:19:15
1376,2,Electronic Item 1376,139.18,479,2025-08-07T17:59:08
1377,1,Fashion Item 1377,474.27,13,2025-04-13T23:19:44
1378,2,Electronic Item 1378,103.33,394,2025-05-16T09:26:03
1379,2,Electronic Item 1379,291.26,264,2025-09-26T00:59:34
1380,3,Home Decor Item 1380,182.4,162,2025-04-28T23:58:11
1381,2,Electronic Item 1381,256.82,483,2025-04-08T06:20:07
1382,2,Electronic Item 1382,429.46,181,2025-05-26T19:38:14
1383,1,Fashion Item 1383,499.85,43,2024-12-28T07:29:28
1384,4,Misc Item 1384,140.98,331,2025-06-15T05:16:17
1385,1,Fashion Item 1385,9.59,265,2025-09-09T01:49:05
1386,1,Fashion Item 1386,402.18,443,2024-12-23T20:15:08
1387,3,Home Decor Item 1387,212.52,89,2025-03-07T01:24:42
1388,2,Electronic Item 1388,462.85,402,2025-09-05T05:49:54
1389,2,Electronic Item 1389,189.73,430,2025-07-14T08:16:48
1390,1,Fashion Item 1390,444.97,17,2025-09-14T16:04:51
1391,3,Home Decor Item 1391,362.65,86,2025-09-08T03:16:41
1392,2,Electronic Item 1392,37.83,495,2025-03-28T14:00:49
1393,1,Fashion Item 1393,303.62,326,2025-11-26T19:35:04
1394,1,Fashion Item 1394,329.91,187,2025-01-17T03:24:48
1395,1,Fashion Item 1395,259.79,412,2025-09-14T22:42:40
1396,3,Home Decor Item 1396,144.74,314,2025-10-04T21:49:44
1397,1,Fashion Item 1397,487.11,342,2025-01-28T11:59:37
1398,3,Home Decor Item 1398,70.2,216,2025-05-20T01:38:09
1399,3,Home Decor Item 1399,400.89,323,2025-11-02T23:43:05
1400,3,Home Decor Item 1400,122.73,203,2025-06-15T06:29:48
1401,1,Fashion Item 1401,435.42,497,2025-02-04T16:09:13
1402,2,Electronic Item 1402,275.21,60,2025-07-06T07:03:31
1403,4,Misc Item 1403,97.23,174,2025-03-22T10:56:18
1404,3,Home Decor Item 1404,174.48,265,2025-07-16T04:37:31
1405,4,Misc Item 1405,67.48,116,2025-04-07T02:52:37
1406,1,Fashion Item 1406,177.07,231,2025-04-17T10:46:42
1407,2,Electronic Item 1407,470.92,261,2025-08-20T01:45:49
1408,3,Home Decor Item 1408,180.2,307,2025-09-10T10:25:45
1409,2,Electronic Item 1409,348.38,271,2025-09-02T17:17:21
1410,1,Fashion Item 1410,318.98,316,2025-08-04T01:23:14
1411,4,Misc Item 1411,142.82,491,2025-05-05T20:07:41
1412,4,Misc Item 1412,236.66,69,2025-06-27T06:54:37
1413,3,Home Decor Item 1413,335.72,106,2025-01-17T09:17:49
1414,1,Fashion Item 1414,243.06,82,2025-07-25T16:40:43
1415,2,Electronic Item 1415,100.72,427,2025-06-01T04:21:19
1416,4,Misc Item 1416,66.12,378,2025-02-01T01:23:41
1417,1,Fashion Item 1417,141.36,167,2025-11-21T07:44:23
1418,2,Electronic Item 1418,386.97,306,2025-03-30T22:28:11
1419,2,Electronic Item 1419,306.97,78,2025-10-21T18:29:39
1420,3,Home Decor Item 1420,131.45,320,2025-04-02T15:24:59
1421,3,Home Decor Item 1421,116.19,52,2025-10-12T08:57:26
1422,4,Misc Item 1422,334.13,428,2024-12-02T15:10:38
1423,2,Electronic Item 1423,433.26,143,2025-07-08T21:45:37
1424,3,Home Decor Item 1424,129.37,182,2025-10-16T06:27:09
1425,2,Electronic Item 1425,114.59,222,2024-12-21T21:14:51
1426,2,Electronic Item 1426,419.52,192,2025-01-20T12:01:41
1427,1,Fashion Item 1427,419.91,329,2025-10-07T09:57:55
1428,2,Electronic Item 1428,337.94,462,2025-01-21T15:33:53
1429,1,Fashion Item 1429,395.13,436,2025-04-05T10:02:54
1430,3,Home Decor Item 1430,315.92,398,2025-04-20T05:59:23
1431,1,Fashion Item 1431,460.73,410,2025-11-12T14:17:53
1432,2,Electronic Item 1432,482.97,141,2025-04-13T05:10:58
1433,1,Fashion Item 1433,397.85,107,2025-02-14T10:59:51
1434,3,Home Decor Item 1434,391.58,88,2025-03-17T03:41:15
1435,1,Fashion Item 1435,156.39,468,2025-10-11T07:38:29
1436,2,Electronic Item 1436,379.5,103,2025-07-14T13:14:56
1437,4,Misc Item 1437,378.61,491,2025-09-01T19:10:19
1438,1,Fashion Item 1438,158.71,259,2024-12-03T07:32:15
1439,2,Electronic Item 1439,349.34,101,2025-10-11T03:37:36
1440,3,Home Decor Item 1440,268.75,203,2025-09-19T16:53:49
1441,2,Electronic Item 1441,485.52,165,2025-08-03T14:48:39
1442,1,Fashion Item 1442,496.38,13,2025-03-18T22:45:02
1443,2,Electronic Item 1443,406.71,74,2025-11-20T20:07:02
1444,2,Electronic Item 1444,222.28,284,2025-02-17T10:14:23
1445,3,Home Decor Item 1445,292.54,321,2025-02-05T16:49:45
1446,3,Home Decor Item 1446,135.46,189,2025-05-24T22:22:40
1447,1,Fashion Item 1447,414.59,359,2025-07-23T11:19:31
1448,4,Misc Item 1448,393.19,259,2024-11-29T13:36:08
1449,3,Home Decor Item 1449,304.03,368,2025-06-01T07:26:27
1450,2,Electronic Item 1450,289.26,27,2025-04-05T08:23:35
1451,2,Electronic Item 1451,476.82,87,2025-11-15T10:32:09
1452,1,Fashion Item 1452,177.06,444,2024-12-01T01:32:21
1453,1,Fashion Item 1453,360.84,291,2025-07-21T05:55:09
1454,3,Home Decor Item 1454,471.66,202,2025-08-08T14:27:44
1455,1,Fashion Item 1455,287.08,448,2025-03-11T16:05:59
1456,4,Misc Item 1456,485.59,27,2024-11-27T17:52:34
1457,2,Electronic Item 1457,267.24,373,2025-09-05T23:50:14
1458,3,Home Decor Item 1458,19.6,475,2025-03-19T02:34:20
1459,2,Electronic Item 1459,474.77,198,2025-05-02T17:02:27
1460,1,Fashion Item 1460,159.04,90,2024-11-29T15:15:15
1461,1,Fashion Item 1461,203.71,116,2025-05-31T07:21:30
1462,3,Home Decor Item 1462,264.31,10,2025-01-21T04:42:21
1463,1,Fashion Item 1463,5.86,270,2025-11-21T06:45:13
1464,1,Fashion Item 1464,453.05,288,2025-05-20T04:23:49
1465,1,Fashion Item 1465,113.1,176,2025-10-09T01:17:30
1466,4,Misc Item 1466,354.65,450,2025-08-28T12:27:07
1467,1,Fashion Item 1467,24.19,275,2025-09-26T19:34:33
1468,3,Home Decor Item 1468,297.1,85,2025-10-06T12:48:15
1469,4,Misc Item 1469,464.66,280,2025-05-11T14:36:52
1470,1,Fashion Item 1470,186.02,122,2025-03-21T00:03:57
1471,1,Fashion Item 1471,491.26,245,2024-12-24T09:24:02
1472,3,Home Decor Item 1472,163.67,269,2025-02-11T09:59:06
1473,1,Fashion Item 1473,72.06,390,2025-08-17T20:15:25
1474,2,Electronic Item 1474,247.78,251,2025-10-04T19:13:02
1475,2,Electronic Item 1475,251.32,402,2025-07-03T04:54:59
1476,4,Misc Item 1476,157.02,300,2025-02-07T11:09:39
1477,3,Home Decor Item 1477,269.47,24,2025-06-24T16:54:34
1478,3,Home Decor Item 1478,343.66,222,2025-03-11T11:50:44
1479,4,Misc Item 1479,53.83,486,2025-08-23T22:51:22
1480,3,Home Decor Item 1480,250.16,292,2025-01-03T08:36:14
1481,4,Misc Item 1481,62.58,148,2025-11-24T22:10:15
1482,4,Misc Item 1482,414.15,190,2025-05-06T05:17:37
1483,2,Electronic Item 1483,312.77,132,2025-04-24T10:09:02
1484,3,Home Decor Item 1484,139.94,353,2025-11-21T15:46:52
1485,3,Home Decor Item 1485,246.67,307,2025-11-21T08:06:42
1486,1,Fashion Item 1486,346.3,36,2025-01-05T02:45:31
1487,1,Fashion Item 1487,270.79,85,2025-07-18T16:25:30
1488,1,Fashion Item 1488,287.2,55,2025-09-26T16:32:42
1489,1,Fashion Item 1489,261.52,18,2025-03-31T13:29:24
1490,1,Fashion Item 1490,197.09,42,2024-12-07T04:28:09
1491,2,Electronic Item 1491,75.67,305,2025-11-05T12:35:13
1492,1,Fashion Item 1492,12.03,78,2025-06-05T21:47:30
1493,1,Fashion Item 1493,323.85,200,2025-05-17T01:20:57
1494,1,Fashion Item 1494,315.47,171,2024-12-25T14:56:40
1495,1,Fashion Item 1495,126.66,270,2025-07-02T10:38:56
1496,1,Fashion Item 1496,343.96,209,2025-03-06T11:28:15
1497,3,Home Decor Item 1497,164.22,19,2025-09-15T03:08:39
1498,2,Electronic Item 1498,407.78,393,2025-02-10T02:34:02
1499,2,Electronic Item 1499,41.59,332,2025-03-28T10:06:57
1500,2,Electronic Item 1500,455.57,121,2024-12-12T13:03:45
1501,2,Electronic Item 1501,460.12,78,2025-04-08T11:23:29
1502,1,Fashion Item 1502,366.83,493,2025-05-12T21:33:30
1503,2,Electronic Item 1503,153.43,21,2025-04-05T15:58:55
1504,1,Fashion Item 1504,315.12,106,2025-05-03T15:35:24
1505,2,Electronic Item 1505,197.28,186,2025-06-07T19:03:13
1506,1,Fashion Item 1506,112.39,97,2025-02-08T23:50:17
1507,2,Electronic Item 1507,383.17,209,2025-05-19T07:28:33
1508,1,Fashion Item 1508,58.78,333,2025-04-09T19:59:20
1509,1,Fashion Item 1509,172.15,455,2025-09-07T16:55:54
1510,4,Misc Item 1510,16.8,105,2025-05-13T10:15:54
1511,4,Misc Item 1511,341.91,393,2025-09-08T07:34:35
1512,1,Fashion Item 1512,161.66,125,2025-09-21T13:12:13
1513,3,Home Decor Item 1513,394.55,43,2025-11-17T06:36:27
1514,4,Misc Item 1514,160.08,461,2025-05-28T23:31:55
1515,1,Fashion Item 1515,37.68,319,2025-06-18T09:40:50
1516,3,Home Decor Item 1516,148.42,51,2025-02-13T01:06:17
1517,1,Fashion Item 1517,455.56,209,2025-09-06T10:28:25
1518,3,Home Decor Item 1518,144.21,434,2025-07-23T02:47:45
1519,1,Fashion Item 1519,24.49,450,2025-05-15T13:42:31
1520,3,Home Decor Item 1520,295.16,418,2025-05-25T14:52:09
1521,4,Misc Item 1521,473.57,290,2025-06-03T18:33:08
1522,1,Fashion Item 1522,71.8,153,2024-12-15T16:35:31
1523,4,Misc Item 1523,163.75,364,2025-10-15T18:00:31
1524,2,Electronic Item 1524,297.21,86,2025-05-24T21:43:20
1525,4,Misc Item 1525,452.62,12,2025-03-21T19:19:28
1526,2,Electronic Item 1526,351.75,134,2025-04-11T15:09:36
1527,3,Home Decor Item 1527,381.08,234,2024-12-25T04:00:06
1528,3,Home Decor Item 1528,14.51,194,2025-08-16T13:48:24
1529,3,Home Decor Item 1529,171.14,411,2025-03-09T15:28:02
1530,3,Home Decor Item 1530,278.43,250,2025-07-05T21:12:50
1531,3,Home Decor Item 1531,457.1,441,2025-03-12T02:47:24
1532,1,Fashion Item 1532,92.67,33,2025-09-09T10:06:02
1533,4,Misc Item 1533,9.77,6,2025-06-05T08:26:32
1534,2,Electronic Item 1534,482.99,496,2025-04-05T07:56:57
1535,2,Electronic Item 1535,32.8,71,2025-08-17T03:58:06
1536,1,Fashion Item 1536,396.84,119,2025-08-12T05:06:10
1537,2,Electronic Item 1537,100.36,418,2025-08-17T12:53:23
1538,3,Home Decor Item 1538,297.95,440,2025-10-26T14:48:42
1539,4,Misc Item 1539,135.31,449,2025-02-22T09:58:20
1540,3,Home Decor Item 1540,42.51,95,2025-06-15T22:37:56
1541,2,Electronic Item 1541,255.79,146,2025-08-07T15:23:38
1542,2,Electronic Item 1542,329.15,495,2024-12-12T21:45:37
1543,1,Fashion Item 1543,249.49,462,2025-10-27T08:21:19
1544,1,Fashion Item 1544,373.41,45,2025-06-16T09:30:35
1545,2,Electronic Item 1545,364.94,163,2025-04-10T17:53:05
1546,1,Fashion Item 1546,247.1,279,2025-08-21T22:37:04
1547,3,Home Decor Item 1547,207.82,450,2025-04-04T19:06:48
1548,2,Electronic Item 1548,450.05,231,2025-09-10T01:45:00
1549,4,Misc Item 1549,395.19,195,2025-01-08T01:29:03
1550,1,Fashion Item 1550,396.73,338,2025-08-31T01:25:27
1551,1,Fashion Item 1551,198.69,76,2025-07-11T18:38:31
1552,2,Electronic Item 1552,155.24,489,2025-02-18T20:48:49
1553,2,Electronic Item 1553,252.07,222,2025-09-06T13:10:47
1554,1,Fashion Item 1554,165.02,244,2025-01-19T20:23:22
1555,3,Home Decor Item 1555,211.09,6,2025-06-22T07:55:50
1556,2,Electronic Item 1556,301.56,271,2025-07-05T18:30:15
1557,2,Electronic Item 1557,485.36,32,2025-11-17T14:38:44
1558,1,Fashion Item 1558,166.47,119,2025-06-19T07:50:41
1559,2,Electronic Item 1559,290.72,169,2024-12-04T23:50:46
1560,2,Electronic Item 1560,456.13,362,2025-01-27T08:44:10
1561,2,Electronic Item 1561,445.83,160,2025-03-11T03:26:35
1562,1,Fashion Item 1562,266.97,236,2025-01-22T21:14:17
1563,3,Home Decor Item 1563,396.68,141,2024-11-28T01:42:49
1564,1,Fashion Item 1564,318.37,167,2025-05-28T08:19:33
1565,3,Home Decor Item 1565,478.55,248,2025-06-19T08:54:15
1566,4,Misc Item 1566,300.81,61,2025-06-29T04:43:05
1567,1,Fashion Item 1567,191.12,358,2025-11-21T20:04:01
1568,1,Fashion Item 1568,19.27,329,2025-04-26T04:03:27
1569,2,Electronic Item 1569,194.1,80,2025-01-26T14:45:09
1570,2,Electronic Item 1570,102.9,310,2025-04-08T20:33:19
1571,1,Fashion Item 1571,13.39,26,2025-06-12T10:48:16
1572,1,Fashion Item 1572,361.65,281,2025-11-13T08:01:34
1573,2,Electronic Item 1573,166.67,428,2025-11-09T07:29:23
1574,3,Home Decor Item 1574,24.49,261,2025-10-30T02:07:19
1575,1,Fashion Item 1575,263.78,481,2024-11-26T22:22:00
1576,4,Misc Item 1576,172.39,211,2025-06-05T04:23:24
1577,2,Electronic Item 1577,264.72,328,2025-05-09T01:16:49
1578,2,Electronic Item 1578,62.05,466,2025-07-16T22:38:38
1579,3,Home Decor Item 1579,16.99,329,2024-12-04T22:42:44
1580,4,Misc Item 1580,477.44,70,2025-03-15T19:17:31
1581,3,Home Decor Item 1581,336.78,9,2025-03-10T20:22:40
1582,2,Electronic Item 1582,24.86,301,2025-11-08T23:19:11
1583,1,Fashion Item 1583,352.4,297,2025-05-22T12:23:08
1584,1,Fashion Item 1584,8.64,321,2025-01-12T20:40:38
1585,2,Electronic Item 1585,84.13,103,2025-01-19T21:35:33
1586,4,Misc Item 1586,199.35,333,2025-07-03T14:28:45
1587,2,Electronic Item 1587,327.45,262,2025-05-03T23:28:27
1588,2,Electronic Item 1588,57.83,477,2025-08-13T23:38:10
1589,1,Fashion Item 1589,298.66,155,2025-05-26T14:02:15
1590,2,Electronic Item 1590,442.77,129,2025-08-07T12:18:53
1591,1,Fashion Item 1591,94.55,170,2025-08-13T12:44:01
1592,2,Electronic Item 1592,198.42,385,2025-09-03T13:01:18
1593,1,Fashion Item 1593,493.46,438,2025-07-23T04:05:43
1594,4,Misc Item 1594,311.54,438,2025-11-21T20:56:19
1595,2,Electronic Item 1595,365.73,492,2025-09-07T03:22:59
1596,2,Electronic Item 1596,485.62,379,2025-05-21T04:09:09
1597,1,Fashion Item 1597,386.37,460,2025-09-26T19:55:33
1598,4,Misc Item 1598,444.24,409,2025-08-15T02:32:32
1599,1,Fashion Item 1599,60.73,371,2025-07-29T14:20:54
1600,1,Fashion Item 1600,352.92,245,2025-10-26T01:20:31
1601,3,Home Decor Item 1601,19.8,254,2025-04-19T13:58:03
1602,3,Home Decor Item 1602,479.92,448,2025-07-06T20:40:18
1603,1,Fashion Item 1603,139.62,446,2025-08-22T22:22:25
1604,4,Misc Item 1604,26.84,288,2025-04-18T10:34:22
1605,3,Home Decor Item 1605,372.55,146,2025-05-25T03:42:15
1606,2,Electronic Item 1606,189.77,461,2025-05-20T10:51:40
1607,3,Home Decor Item 1607,176.66,89,2025-02-02T16:17:41
1608,1,Fashion Item 1608,337.97,455,2025-03-18T11:10:47
1609,1,Fashion Item 1609,130.33,70,2025-06-09T17:51:52
1610,4,Misc Item 1610,175.01,470,2025-01-11T01:38:31
1611,4,Misc Item 1611,288.98,500,2025-08-13T16:29:33
1612,4,Misc Item 1612,495.3,278,2025-11-05T12:00:23
1613,1,Fashion Item 1613,277.47,482,2025-09-03T22:39:59
1614,1,Fashion Item 1614,419.05,191,2025-02-19T16:32:35
1615,1,Fashion Item 1615,178.81,208,2024-12-10T03:02:54
1616,1,Fashion Item 1616,348.5,385,2025-08-23T06:54:05
1617,2,Electronic Item 1617,458.34,355,2025-06-23T22:07:06
1618,2,Electronic Item 1618,52.81,417,2025-08-22T06:04:03
1619,1,Fashion Item 1619,96.93,397,2024-12-14T04:19:33
1620,4,Misc Item 1620,213.85,183,2024-12-23T16:15:01
1621,1,Fashion Item 1621,190.58,155,2025-04-21T08:22:36
1622,3,Home Decor Item 1622,488.62,255,2025-06-16T18:07:32
1623,3,Home Decor Item 1623,386.04,216,2024-12-09T09:32:48
1624,4,Misc Item 1624,193.08,492,2025-03-23T03:45:43
1625,2,Electronic Item 1625,46.07,370,2025-01-08T03:30:02
1626,1,Fashion Item 1626,492.08,17,2025-06-14T19:38:36
1627,1,Fashion Item 1627,208.25,5,2024-12-12T02:14:56
1628,4,Misc Item 1628,224.99,257,2025-08-26T14:03:34
1629,3,Home Decor Item 1629,270.15,370,2025-11-02T21:42:16
1630,1,Fashion Item 1630,228.6,437,2025-09-05T05:28:25
1631,2,Electronic Item 1631,344.97,495,2025-10-18T23:40:24
1632,1,Fashion Item 1632,388.99,413,2024-12-28T00:29:32
1633,1,Fashion Item 1633,173.33,349,2025-02-01T12:57:39
1634,3,Home Decor Item 1634,474.28,59,2025-10-07T00:56:11
1635,2,Electronic Item 1635,186.5,357,2025-04-21T06:10:32
1636,2,Electronic Item 1636,57.63,242,2025-11-09T20:46:07
1637,1,Fashion Item 1637,48.19,449,2024-12-21T17:54:07
1638,4,Misc Item 1638,438.39,61,2025-11-15T01:01:30
1639,3,Home Decor Item 1639,225.82,279,2025-05-19T10:37:48
1640,2,Electronic Item 1640,62.35,20,2025-07-31T23:33:08
1641,3,Home Decor Item 1641,198.4,190,2025-10-27T12:20:51
1642,2,Electronic Item 1642,9.38,450,2025-09-17T19:17:22
1643,1,Fashion Item 1643,240.01,245,2025-08-10T03:19:01
1644,1,Fashion Item 1644,67.84,261,2025-09-14T04:26:51
1645,2,Electronic Item 1645,127.3,385,2025-04-29T08:08:42
1646,2,Electronic Item 1646,377.42,21,2025-06-15T16:33:19
1647,3,Home Decor Item 1647,189.97,230,2025-01-20T22:44:29
1648,2,Electronic Item 1648,378.94,80,2025-07-26T09:06:54
1649,3,Home Decor Item 1649,219.21,15,2025-04-28T04:30:29
1650,3,Home Decor Item 1650,24.77,142,2025-05-09T20:41:54
1651,1,Fashion Item 1651,269.97,167,2025-06-22T13:48:51
1652,3,Home Decor Item 1652,420.56,301,2024-12-06T10:31:39
1653,2,Electronic Item 1653,50.04,250,2025-06-04T11:31:36
1654,1,Fashion Item 1654,316.42,478,2025-07-11T20:24:11
1655,1,Fashion Item 1655,453.38,464,2025-07-27T10:18:55
1656,1,Fashion Item 1656,170.82,346,2025-04-30T20:46:57
1657,3,Home Decor Item 1657,98.23,313,2025-09-16T20:10:55
1658,1,Fashion Item 1658,234.03,266,2025-08-31T02:39:20
1659,1,Fashion Item 1659,396.02,425,2025-06-08T00:15:27
1660,2,Electronic Item 1660,359.94,477,2025-02-09T14:12:31
1661,1,Fashion Item 1661,40.66,63,2025-05-18T10:52:24
1662,1,Fashion Item 1662,467.39,475,2025-03-18T14:21:57
1663,2,Electronic Item 1663,213.14,136,2025-10-31T15:21:03
1664,2,Electronic Item 1664,196.51,61,2025-09-17T00:19:46
1665,1,Fashion Item 1665,39.79,55,2025-02-19T11:26:11
1666,4,Misc Item 1666,344.93,104,2025-11-06T10:17:42
1667,1,Fashion Item 1667,488.53,368,2025-07-08T20:34:34
1668,1,Fashion Item 1668,303.81,384,2025-07-13T10:48:11
1669,1,Fashion Item 1669,279.09,162,2025-08-07T00:40:00
1670,4,Misc Item 1670,50.13,379,2025-01-16T21:06:10
1671,1,Fashion Item 1671,423.46,113,2025-07-26T14:11:35
1672,4,Misc Item 1672,143.34,1,2025-07-27T19:41:29
1673,2,Electronic Item 1673,119.93,433,2025-10-16T16:02:56
1674,3,Home Decor Item 1674,195.32,314,2025-05-17T06:05:05
1675,2,Electronic Item 1675,438.2,175,2025-06-16T06:10:08
1676,2,Electronic Item 1676,223.88,105,2025-05-21T01:39:42
1677,2,Electronic Item 1677,395.09,106,2025-08-07T19:28:59
1678,1,Fashion Item 1678,148.89,118,2025-05-16T09:03:43
1679,2,Electronic Item 1679,37.02,365,2025-11-15T16:45:54
1680,1,Fashion Item 1680,220.96,228,2025-04-24T03:39:58
1681,1,Fashion Item 1681,186.46,133,2025-03-27T01:10:01
1682,3,Home Decor Item 1682,489.68,186,2025-11-02T22:36:03
1683,2,Electronic Item 1683,278.65,128,2025-10-17T11:47:57
1684,1,Fashion Item 1684,429.96,142,2025-08-23T22:34:56
1685,2,Electronic Item 1685,119.75,47,2025-01-14T05:01:29
1686,2,Electronic Item 1686,214.52,85,2025-07-30T06:17:51
1687,1,Fashion Item 1687,55.25,418,2025-08-27T11:28:57
1688,2,Electronic Item 1688,187.62,91,2025-09-09T11:29:36
1689,1,Fashion Item 1689,90.04,139,2025-03-10T06:10:08
1690,2,Electronic Item 1690,87.67,240,2025-09-09T02:06:24
1691,2,Electronic Item 1691,143.24,125,2025-04-09T00:32:47
1692,1,Fashion Item 1692,304.98,21,2025-10-23T17:10:54
1693,2,Electronic Item 1693,400.42,346,2025-05-08T10:53:13
1694,4,Misc Item 1694,235.98,331,2025-03-05T18:02:12
1695,2,Electronic Item 1695,206.8,257,2025-03-17T02:19:37
1696,2,Electronic Item 1696,186.91,152,2025-09-28T08:55:04
1697,1,Fashion Item 1697,16.82,249,2025-08-18T06:20:21
1698,2,Electronic Item 1698,297.26,388,2025-09-16T07:17:28
1699,1,Fashion Item 1699,450.75,462,2025-04-16T21:42:53
1700,3,Home Decor Item 1700,188.93,104,2025-04-04T02:10:30
1701,4,Misc Item 1701,461.76,151,2025-05-20T04:59:21
1702,4,Misc Item 1702,444.09,446,2025-04-20T04:04:44
1703,3,Home Decor Item 1703,278.05,20,2025-03-27T04:27:23
1704,1,Fashion Item 1704,55.14,381,2024-11-27T10:28:35
1705,2,Electronic Item 1705,317.18,190,2025-11-14T14:35:56
1706,2,Electronic Item 1706,312.78,145,2025-05-23T05:04:10
1707,4,Misc Item 1707,380.45,221,2025-03-09T05:36:24
1708,4,Misc Item 1708,192.07,338,2024-11-26T14:54:30
1709,1,Fashion Item 1709,457.92,47,2025-01-15T16:56:46
1710,1,Fashion Item 1710,154.94,488,2025-09-19T23:50:31
1711,2,Electronic Item 1711,413.83,77,2025-04-22T11:00:20
1712,4,Misc Item 1712,85.88,19,2025-07-14T13:21:00
1713,2,Electronic Item 1713,490.69,473,2024-12-17T12:57:22
1714,2,Electronic Item 1714,450.21,315,2025-05-20T13:51:00
1715,2,Electronic Item 1715,451.16,379,2025-06-10T07:55:48
1716,3,Home Decor Item 1716,418.5,301,2025-03-05T20:45:59
1717,1,Fashion Item 1717,16.0,247,2025-07-10T18:58:32
1718,4,Misc Item 1718,495.7,26,2025-01-28T19:59:17
1719,3,Home Decor Item 1719,279.73,432,2025-08-06T21:52:01
1720,3,Home Decor Item 1720,255.39,211,2025-05-06T15:39:26
1721,1,Fashion Item 1721,243.18,475,2024-12-23T04:30:31
1722,2,Electronic Item 1722,218.92,212,2025-03-30T05:48:33
1723,1,Fashion Item 1723,245.83,251,2025-05-08T09:29:58
1724,3,Home Decor Item 1724,146.8,312,2025-09-03T18:41:09
1725,4,Misc Item 1725,54.83,42,2025-11-23T01:27:37
1726,4,Misc Item 1726,467.52,406,2024-12-04T07:19:53
1727,1,Fashion Item 1727,92.9,68,2025-06-30T17:34:11
1728,1,Fashion Item 1728,446.98,169,2025-10-07T05:30:19
1729,2,Electronic Item 1729,411.61,98,2025-08-31T16:41:32
1730,2,Electronic Item 1730,309.64,269,2025-10-21T08:36:51
1731,2,Electronic Item 1731,426.94,80,2025-01-01T12:10:36
1732,1,Fashion Item 1732,145.43,201,2025-06-07T00:59:44
1733,2,Electronic Item 1733,256.89,150,2024-12-27T16:19:11
1734,3,Home Decor Item 1734,109.22,236,2025-09-12T01:16:19
1735,1,Fashion Item 1735,499.12,64,2025-09-12T04:14:57
1736,3,Home Decor Item 1736,291.74,367,2025-03-25T15:04:23
1737,4,Misc Item 1737,108.84,242,2024-12-27T05:41:29
1738,2,Electronic Item 1738,175.82,25,2025-11-10T21:44:30
1739,2,Electronic Item 1739,483.44,401,2024-11-28T19:08:31
1740,3,Home Decor Item 1740,355.16,337,2025-06-18T10:17:42
1741,4,Misc Item 1741,210.82,249,2025-06-09T01:31:43
1742,1,Fashion Item 1742,303.94,490,2025-07-07T23:33:33
1743,3,Home Decor Item 1743,317.61,364,2025-06-04T08:32:10
1744,3,Home Decor Item 1744,484.79,103,2025-08-11T01:32:30
1745,2,Electronic Item 1745,445.35,302,2025-01-17T08:37:58
1746,2,Electronic Item 1746,360.96,280,2025-07-01T11:18:23
1747,1,Fashion Item 1747,206.63,321,2025-10-25T13:38:48
1748,4,Misc Item 1748,418.23,114,2025-04-10T21:17:09
1749,3,Home Decor Item 1749,335.87,296,2025-07-19T16:32:55
1750,1,Fashion Item 1750,411.65,122,2025-05-08T06:50:29
1751,3,Home Decor Item 1751,140.45,416,2025-02-20T15:44:59
1752,3,Home Decor Item 1752,333.34,254,2025-02-02T23:09:11
1753,4,Misc Item 1753,463.19,199,2025-02-12T18:57:35
1754,1,Fashion Item 1754,217.6,168,2024-12-30T21:58:53
1755,1,Fashion Item 1755,375.96,132,2025-09-01T06:59:09
1756,2,Electronic Item 1756,453.45,104,2025-09-04T17:45:50
1757,4,Misc Item 1757,347.32,327,2025-10-23T04:08:52
1758,4,Misc Item 1758,6.65,122,2025-10-24T21:05:27
1759,3,Home Decor Item 1759,172.08,256,2025-02-26T13:58:56
1760,3,Home Decor Item 1760,181.35,47,2025-05-31T00:30:03
1761,3,Home Decor Item 1761,455.91,317,2025-10-14T04:36:49
1762,2,Electronic Item 1762,462.73,323,2025-06-01T05:50:19
1763,1,Fashion Item 1763,258.65,415,2025-05-04T23:11:29
1764,3,Home Decor Item 1764,375.13,34,2025-08-02T07:00:06
1765,2,Electronic Item 1765,323.05,101,2025-11-06T05:35:55
1766,2,Electronic Item 1766,13.48,340,2025-05-20T07:18:15
1767,4,Misc Item 1767,431.69,43,2025-09-20T03:25:44
1768,2,Electronic Item 1768,279.02,282,2025-06-06T02:33:47
1769,1,Fashion Item 1769,270.86,217,2025-06-30T05:30:20
1770,3,Home Decor Item 1770,499.21,356,2025-07-17T17:06:11
1771,4,Misc Item 1771,487.69,186,2025-10-19T12:46:52
1772,2,Electronic Item 1772,17.94,145,2025-06-13T00:11:45
1773,2,Electronic Item 1773,426.53,185,2025-09-30T03:27:31
1774,4,Misc Item 1774,95.4,108,2025-02-02T04:03:10
1775,1,Fashion Item 1775,421.53,281,2025-02-23T04:01:22
1776,4,Misc Item 1776,330.66,51,2025-05-05T05:26:24
1777,1,Fashion Item 1777,169.97,379,2025-11-01T01:56:21
1778,1,Fashion Item 1778,241.1,240,2025-05-26T16:08:30
1779,1,Fashion Item 1779,470.13,458,2025-07-24T03:56:14
1780,2,Electronic Item 1780,286.66,443,2025-10-04T07:57:18
1781,3,Home Decor Item 1781,67.7,377,2024-12-12T12:21:58
1782,2,Electronic Item 1782,366.28,431,2025-08-22T12:59:11
1783,2,Electronic Item 1783,308.56,198,2025-08-20T11:42:26
1784,2,Electronic Item 1784,297.43,466,2025-02-03T20:26:59
1785,4,Misc Item 1785,66.7,215,2025-07-19T07:19:05
1786,4,Misc Item 1786,205.74,97,2025-07-21T02:15:21
1787,4,Misc Item 1787,128.15,364,2025-11-06T22:31:05
1788,3,Home Decor Item 1788,343.61,68,2025-08-07T20:51:16
1789,3,Home Decor Item 1789,415.84,7,2025-04-30T03:01:45
1790,3,Home Decor Item 1790,393.87,444,2025-05-22T19:05:10
1791,2,Electronic Item 1791,104.77,325,2025-09-13T23:23:40
1792,4,Misc Item 1792,429.77,339,2025-07-25T13:05:10
1793,2,Electronic Item 1793,129.8,221,2025-04-04T01:08:55
1794,2,Electronic Item 1794,105.9,56,2025-07-03T01:48:02
1795,2,Electronic Item 1795,11.81,402,2025-03-01T04:32:45
1796,2,Electronic Item 1796,227.42,352,2025-07-08T13:33:44
1797,2,Electronic Item 1797,221.87,68,2025-11-18T22:23:17
1798,4,Misc Item 1798,278.11,328,2025-09-14T02:55:29
1799,2,Electronic Item 1799,346.5,139,2024-12-24T12:07:07
1800,1,Fashion Item 1800,285.74,453,2025-10-03T22:08:26
1801,3,Home Decor Item 1801,335.88,284,2025-01-16T10:00:34
1802,2,Electronic Item 1802,488.84,1,2025-09-12T06:12:38
1803,2,Electronic Item 1803,173.94,246,2025-08-20T00:06:04
1804,3,Home Decor Item 1804,215.3,356,2025-07-10T09:34:50
1805,1,Fashion Item 1805,238.57,100,2025-07-24T19:06:02
1806,2,Electronic Item 1806,380.67,272,2025-06-09T12:58:05
1807,1,Fashion Item 1807,42.75,289,2025-09-17T22:30:06
1808,1,Fashion Item 1808,209.12,378,2025-10-21T03:11:14
1809,1,Fashion Item 1809,111.19,189,2025-10-09T05:35:24
1810,1,Fashion Item 1810,143.8,301,2025-04-10T23:18:38
1811,2,Electronic Item 1811,51.29,128,2025-01-24T11:22:32
1812,3,Home Decor Item 1812,272.83,336,2024-12-06T06:41:30
1813,3,Home Decor Item 1813,444.3,51,2025-10-12T12:35:02
1814,1,Fashion Item 1814,349.71,478,2025-05-28T14:27:12
1815,1,Fashion Item 1815,53.27,321,2025-02-08T06:08:44
1816,3,Home Decor Item 1816,120.94,23,2025-08-27T23:47:32
1817,2,Electronic Item 1817,332.52,115,2025-01-15T02:01:32
1818,2,Electronic Item 1818,379.51,389,2025-06-26T15:12:04
1819,3,Home Decor Item 1819,83.74,193,2025-11-24T00:41:01
1820,1,Fashion Item 1820,383.39,108,2025-10-21T01:19:33
1821,1,Fashion Item 1821,407.24,136,2024-11-26T11:58:52
1822,4,Misc Item 1822,82.91,304,2025-02-27T10:16:07
1823,2,Electronic Item 1823,307.42,406,2025-04-13T20:45:31
1824,1,Fashion Item 1824,368.04,395,2025-11-16T23:46:38
1825,3,Home Decor Item 1825,235.11,46,2025-02-03T02:43:25
1826,1,Fashion Item 1826,351.63,486,2025-09-30T10:31:55
1827,1,Fashion Item 1827,94.0,448,2025-08-01T02:19:12
1828,1,Fashion Item 1828,278.38,173,2025-03-03T11:21:04
1829,1,Fashion Item 1829,72.41,91,2025-11-04T15:21:01
1830,1,Fashion Item 1830,396.06,357,2025-01-06T03:40:08
1831,1,Fashion Item 1831,361.86,279,2025-10-16T19:12:19
1832,4,Misc Item 1832,172.15,16,2025-11-22T05:55:42
1833,1,Fashion Item 1833,86.64,380,2025-01-04T09:35:36
1834,2,Electronic Item 1834,403.66,224,2025-02-24T07:20:48
1835,3,Home Decor Item 1835,304.41,368,2025-09-11T18:03:31
1836,3,Home Decor Item 1836,134.1,43,2025-02-21T01:32:12
1837,1,Fashion Item 1837,263.5,393,2025-10-19T01:26:27
1838,2,Electronic Item 1838,395.21,160,2025-05-16T13:51:07
1839,2,Electronic Item 1839,26.85,25,2025-11-25T21:24:36
1840,2,Electronic Item 1840,48.9,370,2025-03-07T20:54:28
1841,2,Electronic Item 1841,65.86,211,2025-09-11T21:06:51
1842,2,Electronic Item 1842,29.25,158,2025-08-31T09:55:18
1843,2,Electronic Item 1843,24.49,240,2025-10-30T16:06:52
1844,2,Electronic Item 1844,309.03,235,2025-01-14T17:59:43
1845,4,Misc Item 1845,428.8,269,2025-08-25T02:20:39
1846,1,Fashion Item 1846,28.26,62,2025-05-10T21:43:07
1847,1,Fashion Item 1847,367.98,492,2025-01-02T00:27:45
1848,4,Misc Item 1848,128.26,99,2025-05-18T00:05:23
1849,1,Fashion Item 1849,81.66,33,2025-09-15T16:21:24
1850,3,Home Decor Item 1850,263.25,330,2024-12-19T19:43:39
1851,4,Misc Item 1851,379.46,66,2025-05-22T11:41:15
1852,1,Fashion Item 1852,480.58,128,2025-10-15T14:06:13
1853,1,Fashion Item 1853,491.19,199,2025-09-07T18:00:35
1854,4,Misc Item 1854,25.95,206,2025-08-01T17:29:12
1855,1,Fashion Item 1855,479.81,466,2025-11-16T03:50:34
1856,2,Electronic Item 1856,143.49,148,2025-03-09T09:57:44
1857,3,Home Decor Item 1857,366.74,188,2025-07-26T10:40:36
1858,1,Fashion Item 1858,486.38,238,2025-01-19T04:40:59
1859,3,Home Decor Item 1859,33.47,436,2025-06-30T22:13:41
1860,1,Fashion Item 1860,265.48,300,2025-06-19T02:28:29
1861,3,Home Decor Item 1861,403.94,46,2025-10-09T09:04:59
1862,2,Electronic Item 1862,305.2,101,2025-07-26T09:19:16
1863,1,Fashion Item 1863,112.31,207,2025-01-01T19:09:45
1864,4,Misc Item 1864,363.06,489,2025-10-15T08:38:44
1865,4,Misc Item 1865,52.18,491,2025-03-15T16:05:51
1866,4,Misc Item 1866,108.31,13,2025-11-11T09:35:03
1867,3,Home Decor Item 1867,60.45,65,2025-01-25T11:50:59
1868,1,Fashion Item 1868,320.23,254,2025-07-14T20:35:45
1869,4,Misc Item 1869,441.73,348,2025-08-09T16:39:35
1870,1,Fashion Item 1870,33.68,159,2025-01-22T04:20:29
1871,1,Fashion Item 1871,149.66,118,2025-05-07T11:37:50
1872,2,Electronic Item 1872,379.48,208,2025-08-20T00:42:43
1873,2,Electronic Item 1873,78.2,122,2025-04-09T20:54:36
1874,1,Fashion Item 1874,131.3,18,2024-12-05T20:13:15
1875,4,Misc Item 1875,26.21,187,2025-01-09T06:08:58
1876,2,Electronic Item 1876,200.77,222,2025-11-03T12:00:53
1877,2,Electronic Item 1877,424.04,480,2025-11-05T23:53:55
1878,2,Electronic Item 1878,201.93,311,2025-10-13T05:55:49
1879,1,Fashion Item 1879,470.45,108,2025-10-07T00:31:59
1880,2,Electronic Item 1880,409.61,260,2025-02-19T00:14:44
1881,2,Electronic Item 1881,424.48,217,2025-02-12T07:28:13
1882,4,Misc Item 1882,416.54,148,2025-11-07T02:42:22
1883,4,Misc Item 1883,7.45,270,2025-04-11T23:51:26
1884,1,Fashion Item 1884,432.1,467,2025-02-18T11:40:38
1885,1,Fashion Item 1885,324.34,314,2025-09-25T04:58:44
1886,2,Electronic Item 1886,348.51,310,2025-11-02T12:26:58
1887,3,Home Decor Item 1887,402.63,146,2025-02-07T00:18:17
1888,4,Misc Item 1888,293.54,84,2025-05-04T09:09:22
1889,4,Misc Item 1889,330.1,425,2025-02-17T07:33:28
1890,4,Misc Item 1890,151.3,274,2025-05-23T09:49:56
1891,1,Fashion Item 1891,284.84,150,2025-11-16T12:42:10
1892,4,Misc Item 1892,445.82,55,2025-08-24T22:48:11
1893,3,Home Decor Item 1893,217.79,288,2025-02-14T04:55:44
1894,1,Fashion Item 1894,321.92,234,2025-04-28T05:48:43
1895,1,Fashion Item 1895,471.8,370,2025-08-02T11:59:27
1896,3,Home Decor Item 1896,303.19,185,2024-12-29T22:02:27
1897,3,Home Decor Item 1897,490.56,423,2025-11-25T18:22:25
1898,4,Misc Item 1898,451.61,289,2025-01-18T15:06:59
1899,2,Electronic Item 1899,425.24,75,2025-05-03T09:25:24
1900,1,Fashion Item 1900,332.15,47,2025-02-18T16:59:57
1901,2,Electronic Item 1901,41.04,424,2025-08-09T06:22:46
1902,1,Fashion Item 1902,416.15,451,2025-09-13T23:59:42
1903,4,Misc Item 1903,376.46,128,2025-08-20T21:12:01
1904,1,Fashion Item 1904,399.16,159,2025-03-11T21:01:25
1905,3,Home Decor Item 1905,86.3,385,2025-08-05T06:53:15
1906,2,Electronic Item 1906,454.13,199,2025-10-26T04:54:55
1907,1,Fashion Item 1907,45.2,98,2025-01-17T18:43:55
1908,2,Electronic Item 1908,32.71,331,2025-07-08T04:00:24
1909,1,Fashion Item 1909,370.18,27,2025-04-08T16:04:34
1910,4,Misc Item 1910,474.96,328,2025-04-30T08:05:44
1911,3,Home Decor Item 1911,114.15,143,2025-07-12T06:18:39
1912,2,Electronic Item 1912,33.8,482,2025-04-12T01:50:09
1913,1,Fashion Item 1913,72.91,9,2025-02-16T03:34:16
1914,4,Misc Item 1914,461.93,82,2025-02-10T09:00:45
1915,1,Fashion Item 1915,468.6,345,2025-02-26T21:21:18
1916,1,Fashion Item 1916,119.9,479,2025-09-20T19:29:01
1917,1,Fashion Item 1917,458.33,205,2025-10-02T13:54:48
1918,1,Fashion Item 1918,425.53,460,2025-09-04T03:13:19
1919,1,Fashion Item 1919,60.75,384,2025-04-24T22:15:32
1920,1,Fashion Item 1920,250.4,293,2025-06-03T17:14:03
1921,2,Electronic Item 1921,446.24,279,2025-06-28T19:44:32
1922,3,Home Decor Item 1922,88.5,296,2025-06-15T05:11:00
1923,4,Misc Item 1923,51.79,141,2025-07-05T04:59:50
1924,1,Fashion Item 1924,128.81,52,2025-05-07T13:47:47
1925,4,Misc Item 1925,371.75,255,2024-12-20T12:13:52
1926,1,Fashion Item 1926,417.81,327,2025-10-10T13:01:32
1927,1,Fashion Item 1927,100.73,265,2025-04-27T00:40:29
1928,3,Home Decor Item 1928,248.2,374,2024-12-10T08:50:29
1929,4,Misc Item 1929,271.98,448,2025-09-29T12:09:42
1930,2,Electronic Item 1930,172.54,293,2025-04-11T06:05:20
1931,2,Electronic Item 1931,320.14,206,2024-12-14T02:35:27
1932,2,Electronic Item 1932,469.41,120,2025-05-03T12:03:12
1933,3,Home Decor Item 1933,191.18,73,2025-10-14T06:55:59
1934,1,Fashion Item 1934,83.81,201,2024-12-14T17:35:46
1935,2,Electronic Item 1935,226.4,53,2024-12-10T21:16:41
1936,3,Home Decor Item 1936,263.8,394,2025-08-30T04:16:28
1937,4,Misc Item 1937,378.71,488,2025-11-06T10:37:27
1938,2,Electronic Item 1938,306.44,147,2025-02-21T06:20:05
1939,4,Misc Item 1939,400.2,487,2025-01-21T22:33:23
1940,2,Electronic Item 1940,149.47,66,2025-06-27T08:52:27
1941,2,Electronic Item 1941,316.61,331,2025-10-14T20:35:56
1942,2,Electronic Item 1942,231.65,414,2025-11-08T07:04:53
1943,4,Misc Item 1943,121.46,278,2025-05-05T14:37:38
1944,1,Fashion Item 1944,385.71,336,2025-08-24T05:58:07
1945,2,Electronic Item 1945,43.61,314,2025-10-25T08:03:54
1946,2,Electronic Item 1946,195.31,76,2025-01-11T10:00:10
1947,3,Home Decor Item 1947,81.19,427,2025-09-21T19:16:05
1948,3,Home Decor Item 1948,268.41,348,2025-03-04T06:53:58
1949,2,Electronic Item 1949,349.27,452,2025-11-11T17:48:11
1950,1,Fashion Item 1950,231.03,19,2025-11-12T02:22:42
1951,3,Home Decor Item 1951,174.6,191,2025-07-12T21:46:37
1952,2,Electronic Item 1952,102.07,180,2025-01-17T20:12:47
1953,2,Electronic Item 1953,70.88,272,2025-02-05T21:07:12
1954,2,Electronic Item 1954,451.25,293,2025-10-05T18:32:15
1955,1,Fashion Item 1955,341.86,167,2025-08-23T11:30:57
1956,1,Fashion Item 1956,472.79,199,2025-09-02T09:58:19
1957,4,Misc Item 1957,115.02,271,2025-01-19T17:27:00
1958,4,Misc Item 1958,470.09,54,2025-02-13T16:40:46
1959,1,Fashion Item 1959,324.68,265,2025-07-15T16:51:33
1960,2,Electronic Item 1960,379.21,395,2024-12-13T20:27:46
1961,1,Fashion Item 1961,315.92,61,2024-12-16T12:16:14
1962,4,Misc Item 1962,301.51,84,2025-11-02T23:40:21
1963,1,Fashion Item 1963,23.66,429,2025-05-24T23:16:14
1964,1,Fashion Item 1964,229.57,167,2025-06-12T23:33:28
1965,2,Electronic Item 1965,443.62,418,2025-04-26T13:35:52
1966,3,Home Decor Item 1966,226.43,162,2025-11-04T06:20:19
1967,3,Home Decor Item 1967,323.44,55,2025-07-05T03:45:02
1968,2,Electronic Item 1968,266.96,62,2024-12-05T09:22:44
1969,1,Fashion Item 1969,367.59,67,2025-03-28T06:40:42
1970,1,Fashion Item 1970,259.56,285,2025-06-01T16:16:47
1971,2,Electronic Item 1971,456.88,397,2025-04-21T15:46:27
1972,2,Electronic Item 1972,397.19,230,2025-02-24T14:49:23
1973,1,Fashion Item 1973,354.52,261,2025-06-07T20:44:34
1974,3,Home Decor Item 1974,213.87,186,2025-06-17T08:34:51
1975,4,Misc Item 1975,455.69,495,2025-10-15T15:20:11
1976,1,Fashion Item 1976,426.25,451,2025-11-07T05:21:44
1977,2,Electronic Item 1977,118.64,331,2025-08-01T04:16:28
1978,4,Misc Item 1978,442.13,423,2025-09-28T19:03:17
1979,1,Fashion Item 1979,165.37,246,2025-11-09T11:55:32
1980,2,Electronic Item 1980,95.16,51,2025-07-04T19:52:54
1981,2,Electronic Item 1981,195.98,317,2025-03-21T01:40:40
1982,2,Electronic Item 1982,449.94,403,2025-04-15T20:16:03
1983,1,Fashion Item 1983,423.75,378,2024-12-02T00:49:02
1984,4,Misc Item 1984,39.45,111,2025-08-30T11:08:24
1985,1,Fashion Item 1985,36.14,102,2025-01-21T01:42:32
1986,2,Electronic Item 1986,34.2,378,2025-11-23T03:39:07
1987,1,Fashion Item 1987,84.27,367,2025-02-16T14:03:33
1988,3,Home Decor Item 1988,204.99,361,2025-10-13T14:19:11
1989,2,Electronic Item 1989,163.82,382,2025-05-25T10:27:36
1990,2,Electronic Item 1990,432.06,482,2025-11-10T19:04:28
1991,2,Electronic Item 1991,388.88,342,2025-04-08T17:00:00
1992,2,Electronic Item 1992,276.94,93,2025-04-16T02:31:13
1993,2,Electronic Item 1993,111.46,226,2025-08-07T10:22:15
1994,1,Fashion Item 1994,81.82,489,2025-02-09T08:32:19
1995,4,Misc Item 1995,477.89,375,2025-04-22T19:01:09
1996,1,Fashion Item 1996,277.58,121,2025-09-02T19:05:12
1997,3,Home Decor Item 1997,428.57,276,2025-08-14T19:15:54
1998,1,Fashion Item 1998,363.77,237,2025-03-19T22:57:16
1999,1,Fashion Item 1999,471.24,292,2025-06-09T21:25:09
2000,2,Electronic Item 2000,363.89,92,2025-04-12T08:56:47
2001,2,Electronic Item 2001,222.87,82,2025-10-29T18:52:04
2002,2,Electronic Item 2002,265.87,254,2025-09-30T23:07:23
2003,1,Fashion Item 2003,475.86,484,2025-03-06T22:04:29
2004,3,Home Decor Item 2004,377.61,50,2025-09-19T17:39:33
2005,2,Electronic Item 2005,90.77,452,2025-11-04T21:15:49
2006,3,Home Decor Item 2006,344.58,238,2025-03-06T12:35:34
2007,3,Home Decor Item 2007,348.19,369,2024-12-01T17:22:19
2008,2,Electronic Item 2008,200.2,31,2025-11-06T23:34:08
2009,1,Fashion Item 2009,196.99,41,2025-02-06T10:01:48
2010,1,Fashion Item 2010,418.42,83,2025-08-11T10:09:05
2011,2,Electronic Item 2011,87.9,474,2025-01-30T18:14:38
2012,1,Fashion Item 2012,142.21,444,2025-03-10T23:54:06
2013,4,Misc Item 2013,290.39,240,2025-10-15T23:15:44
2014,2,Electronic Item 2014,62.01,203,2025-11-02T07:51:57
2015,1,Fashion Item 2015,82.92,443,2024-12-10T14:09:45
2016,1,Fashion Item 2016,304.89,381,2024-12-18T03:40:27
2017,2,Electronic Item 2017,69.1,92,2025-11-06T02:31:09
2018,3,Home Decor Item 2018,332.55,473,2025-03-01T14:59:22
2019,1,Fashion Item 2019,288.08,220,2025-05-16T18:38:31
2020,3,Home Decor Item 2020,230.39,448,2024-12-21T19:56:50
2021,1,Fashion Item 2021,49.6,11,2025-02-14T16:32:58
2022,4,Misc Item 2022,290.33,167,2025-09-20T01:27:26
2023,1,Fashion Item 2023,420.8,302,2025-08-19T17:34:16
2024,3,Home Decor Item 2024,37.68,379,2024-12-27T06:52:41
2025,1,Fashion Item 2025,348.81,254,2025-11-19T03:23:07
2026,1,Fashion Item 2026,99.42,478,2025-05-27T10:54:34
2027,2,Electronic Item 2027,382.47,66,2025-08-11T05:56:19
2028,1,Fashion Item 2028,495.1,476,2025-10-30T15:32:31
2029,2,Electronic Item 2029,280.98,142,2025-10-28T00:51:59
2030,2,Electronic Item 2030,431.67,11,2025-04-29T22:36:53
2031,2,Electronic Item 2031,472.85,54,2025-06-04T19:17:34
2032,2,Electronic Item 2032,8.75,359,2024-11-28T20:31:48
2033,1,Fashion Item 2033,309.99,464,2025-05-03T12:51:01
2034,2,Electronic Item 2034,447.06,157,2025-01-13T04:33:39
2035,3,Home Decor Item 2035,499.03,190,2025-07-04T15:26:36
2036,2,Electronic Item 2036,57.68,428,2025-07-21T14:06:42
2037,1,Fashion Item 2037,34.4,60,2025-03-09T02:27:29
2038,3,Home Decor Item 2038,369.66,211,2025-02-16T22:33:16
2039,2,Electronic Item 2039,214.78,21,2025-02-22T06:26:43
2040,2,Electronic Item 2040,58.16,303,2025-11-12T02:59:04
2041,2,Electronic Item 2041,101.77,21,2025-05-01T14:25:53
2042,2,Electronic Item 2042,118.45,40,2025-11-02T20:26:51
2043,2,Electronic Item 2043,103.75,205,2025-08-30T02:45:54
2044,2,Electronic Item 2044,94.95,272,2025-03-01T17:59:09
2045,2,Electronic Item 2045,250.61,104,2025-09-26T10:29:18
2046,4,Misc Item 2046,402.81,397,2025-08-16T08:49:28
2047,3,Home Decor Item 2047,460.13,225,2025-07-19T14:59:43
2048,1,Fashion Item 2048,294.65,268,2025-07-27T01:53:26
2049,1,Fashion Item 2049,136.67,212,2025-04-24T03:16:34
2050,3,Home Decor Item 2050,398.58,25,2025-04-12T09:29:46
2051,1,Fashion Item 2051,375.77,134,2025-01-31T22:19:57
2052,3,Home Decor Item 2052,283.65,358,2024-11-29T07:56:47
2053,1,Fashion Item 2053,498.76,33,2025-06-18T00:39:23
2054,3,Home Decor Item 2054,152.33,425,2025-01-24T12:49:53
2055,2,Electronic Item 2055,325.77,101,2025-04-03T09:25:49
2056,3,Home Decor Item 2056,194.2,284,2025-07-01T03:12:27
2057,1,Fashion Item 2057,245.05,487,2025-11-01T13:15:51
2058,1,Fashion Item 2058,416.3,390,2025-06-14T15:00:59
2059,2,Electronic Item 2059,456.42,312,2025-04-13T06:23:22
2060,1,Fashion Item 2060,218.24,489,2024-12-24T01:50:30
2061,1,Fashion Item 2061,233.07,462,2025-02-24T00:40:41
2062,1,Fashion Item 2062,83.39,340,2024-12-25T05:55:28
2063,1,Fashion Item 2063,343.75,384,2025-01-16T10:06:48
2064,4,Misc Item 2064,449.24,42,2025-04-14T06:06:26
2065,3,Home Decor Item 2065,426.44,496,2025-02-20T16:23:46
2066,1,Fashion Item 2066,64.52,484,2025-05-28T11:55:11
2067,2,Electronic Item 2067,222.98,259,2025-05-19T14:59:18
2068,1,Fashion Item 2068,17.72,276,2025-11-03T15:40:32
2069,3,Home Decor Item 2069,415.26,92,2025-08-22T17:04:43
2070,1,Fashion Item 2070,325.74,43,2025-09-07T12:19:19
2071,3,Home Decor Item 2071,301.95,216,2025-02-13T12:32:53
2072,2,Electronic Item 2072,499.53,476,2025-03-27T07:47:22
2073,2,Electronic Item 2073,118.52,60,2025-07-18T03:42:12
2074,2,Electronic Item 2074,249.71,282,2025-01-02T21:53:23
2075,3,Home Decor Item 2075,405.2,283,2025-02-14T22:45:46
2076,3,Home Decor Item 2076,232.82,408,2024-12-24T07:34:43
2077,4,Misc Item 2077,463.48,359,2025-01-03T20:37:05
2078,2,Electronic Item 2078,361.58,479,2025-01-17T15:17:33
2079,2,Electronic Item 2079,80.09,227,2025-11-22T01:21:16
2080,2,Electronic Item 2080,84.1,477,2025-05-28T09:48:22
2081,1,Fashion Item 2081,275.62,0,2025-03-14T10:01:45
2082,2,Electronic Item 2082,253.4,314,2025-11-05T15:03:08
2083,2,Electronic Item 2083,495.34,385,2025-03-02T14:42:54
2084,2,Electronic Item 2084,36.39,153,2025-10-20T23:06:55
2085,2,Electronic Item 2085,378.97,307,2025-01-04T00:58:47
2086,1,Fashion Item 2086,110.61,368,2025-05-03T06:54:28
2087,1,Fashion Item 2087,130.98,284,2025-03-11T03:29:11
2088,4,Misc Item 2088,183.36,489,2025-07-07T19:55:28
2089,1,Fashion Item 2089,310.06,219,2025-06-17T07:14:49
2090,3,Home Decor Item 2090,140.43,403,2025-02-09T15:45:46
2091,4,Misc Item 2091,466.02,33,2025-03-08T02:18:27
2092,2,Electronic Item 2092,478.43,373,2025-11-25T16:20:02
2093,1,Fashion Item 2093,44.41,138,2025-04-29T12:06:03
2094,3,Home Decor Item 2094,313.16,470,2025-05-09T08:06:35
2095,2,Electronic Item 2095,271.51,412,2025-07-22T09:44:30
2096,2,Electronic Item 2096,159.25,259,2025-05-15T10:16:17
2097,1,Fashion Item 2097,296.23,160,2024-12-25T05:07:42
2098,3,Home Decor Item 2098,341.36,29,2024-12-10T13:31:43
2099,4,Misc Item 2099,27.02,58,2025-10-21T13:38:52
2100,3,Home Decor Item 2100,35.62,426,2025-01-25T11:20:31
2101,1,Fashion Item 2101,160.62,210,2024-11-28T07:20:39
2102,1,Fashion Item 2102,301.75,194,2025-03-24T06:38:37
2103,3,Home Decor Item 2103,152.86,497,2025-02-02T21:48:47
2104,4,Misc Item 2104,342.79,140,2025-02-14T08:35:25
2105,2,Electronic Item 2105,29.75,404,2025-04-17T21:22:45
2106,1,Fashion Item 2106,433.26,250,2025-04-14T18:32:50
2107,3,Home Decor Item 2107,157.72,163,2025-08-05T23:55:20
2108,2,Electronic Item 2108,125.05,400,2025-05-21T21:31:35
2109,4,Misc Item 2109,96.24,214,2025-06-07T20:23:39
2110,2,Electronic Item 2110,170.33,311,2025-06-02T22:35:21
2111,2,Electronic Item 2111,428.51,60,2025-08-30T01:23:00
2112,2,Electronic Item 2112,441.27,355,2024-12-25T13:40:02
2113,3,Home Decor Item 2113,308.57,199,2025-11-13T03:08:57
2114,1,Fashion Item 2114,455.81,436,2025-03-14T21:46:38
2115,4,Misc Item 2115,8.03,463,2025-02-26T06:22:36
2116,2,Electronic Item 2116,491.08,246,2024-11-27T12:55:04
2117,4,Misc Item 2117,90.58,304,2025-05-27T14:45:16
2118,2,Electronic Item 2118,497.14,209,2025-07-16T00:56:53
2119,3,Home Decor Item 2119,460.16,27,2025-08-14T11:40:18
2120,1,Fashion Item 2120,217.89,356,2025-01-29T16:52:27
2121,2,Electronic Item 2121,486.98,325,2025-09-01T17:30:24
2122,1,Fashion Item 2122,66.09,285,2024-12-06T22:27:21
2123,2,Electronic Item 2123,377.45,486,2025-07-13T05:12:24
2124,1,Fashion Item 2124,328.15,146,2024-12-28T13:54:44
2125,4,Misc Item 2125,423.53,39,2025-10-01T01:49:41
2126,4,Misc Item 2126,492.44,146,2025-02-24T08:32:23
2127,2,Electronic Item 2127,451.08,203,2025-08-13T22:04:47
2128,3,Home Decor Item 2128,87.35,86,2025-11-11T23:56:46
2129,3,Home Decor Item 2129,410.73,459,2025-03-28T18:02:52
2130,3,Home Decor Item 2130,38.3,401,2025-05-12T21:55:57
2131,1,Fashion Item 2131,306.4,405,2025-08-01T19:05:25
2132,1,Fashion Item 2132,447.43,169,2025-08-01T19:47:50
2133,2,Electronic Item 2133,359.0,202,2025-04-15T13:39:33
2134,4,Misc Item 2134,422.07,176,2025-08-30T20:46:14
2135,4,Misc Item 2135,477.98,133,2025-07-15T15:21:31
2136,3,Home Decor Item 2136,440.11,352,2025-10-24T13:37:30
2137,1,Fashion Item 2137,344.69,386,2024-12-19T19:15:15
2138,1,Fashion Item 2138,230.96,257,2025-03-09T21:37:20
2139,3,Home Decor Item 2139,286.11,217,2025-01-30T11:42:38
2140,1,Fashion Item 2140,492.72,246,2025-02-04T02:05:11
2141,3,Home Decor Item 2141,342.11,129,2025-05-18T22:27:23
2142,3,Home Decor Item 2142,91.64,67,2025-08-14T10:39:10
2143,2,Electronic Item 2143,122.94,405,2025-10-06T01:25:38
2144,2,Electronic Item 2144,19.89,471,2025-09-07T10:17:41
2145,4,Misc Item 2145,462.46,364,2025-02-04T10:38:30
2146,1,Fashion Item 2146,27.17,59,2025-11-20T00:11:00
2147,1,Fashion Item 2147,347.37,197,2025-04-04T15:07:22
2148,4,Misc Item 2148,256.42,323,2025-01-25T10:36:11
2149,1,Fashion Item 2149,276.13,418,2025-06-29T00:01:45
2150,1,Fashion Item 2150,459.05,120,2025-02-16T20:23:16
2151,2,Electronic Item 2151,47.1,261,2025-11-02T13:21:10
2152,2,Electronic Item 2152,101.52,158,2025-05-01T09:29:21
2153,1,Fashion Item 2153,103.29,395,2025-11-18T14:16:58
2154,2,Electronic Item 2154,408.71,483,2025-06-11T09:30:10
2155,1,Fashion Item 2155,451.95,23,2025-04-17T15:09:49
2156,1,Fashion Item 2156,11.46,331,2025-05-09T17:25:00
2157,3,Home Decor Item 2157,353.52,456,2025-08-03T20:38:56
2158,1,Fashion Item 2158,308.99,472,2025-01-28T21:08:03
2159,2,Electronic Item 2159,12.45,395,2025-02-12T23:50:11
2160,1,Fashion Item 2160,279.21,193,2025-02-26T10:15:44
2161,1,Fashion Item 2161,305.43,401,2025-11-19T11:42:03
2162,2,Electronic Item 2162,262.42,325,2025-02-11T02:36:56
2163,3,Home Decor Item 2163,245.22,314,2025-10-20T17:40:02
2164,1,Fashion Item 2164,229.5,39,2025-02-08T14:22:35
2165,1,Fashion Item 2165,471.92,67,2025-04-20T17:52:13
2166,2,Electronic Item 2166,154.85,40,2025-02-17T06:42:37
2167,3,Home Decor Item 2167,183.8,261,2025-06-20T02:38:06
2168,3,Home Decor Item 2168,73.3,151,2025-05-13T09:00:02
2169,1,Fashion Item 2169,306.23,303,2025-05-05T01:54:26
2170,1,Fashion Item 2170,303.56,244,2025-06-08T12:16:25
2171,1,Fashion Item 2171,355.03,467,2025-07-14T17:34:53
2172,3,Home Decor Item 2172,176.57,150,2025-05-20T13:13:29
2173,3,Home Decor Item 2173,67.58,432,2025-02-05T01:46:12
2174,3,Home Decor Item 2174,356.6,9,2025-11-02T04:36:58
2175,2,Electronic Item 2175,475.57,235,2025-08-31T23:13:52
2176,4,Misc Item 2176,254.03,470,2025-02-13T08:40:35
2177,1,Fashion Item 2177,49.03,266,2024-12-28T12:06:37
2178,3,Home Decor Item 2178,123.98,69,2025-04-27T04:17:02
2179,1,Fashion Item 2179,37.63,402,2025-05-31T10:26:41
2180,2,Electronic Item 2180,487.49,312,2025-08-27T14:02:09
2181,1,Fashion Item 2181,216.56,382,2025-11-04T17:43:00
2182,1,Fashion Item 2182,286.91,102,2025-11-05T05:43:41
2183,2,Electronic Item 2183,341.84,2,2025-03-24T21:35:13
2184,3,Home Decor Item 2184,283.08,167,2024-12-04T20:15:15
2185,2,Electronic Item 2185,279.89,109,2025-04-29T18:22:34
2186,1,Fashion Item 2186,238.75,59,2025-04-30T03:42:57
2187,4,Misc Item 2187,105.08,159,2025-02-25T03:54:51
2188,1,Fashion Item 2188,169.48,78,2025-05-30T10:28:49
2189,3,Home Decor Item 2189,39.02,456,2025-06-28T23:09:21
2190,2,Electronic Item 2190,264.39,451,2025-07-26T18:38:20
2191,1,Fashion Item 2191,431.71,279,2025-04-19T05:30:22
2192,2,Electronic Item 2192,113.42,367,2025-07-21T20:00:58
2193,2,Electronic Item 2193,484.0,162,2025-08-02T16:59:32
2194,2,Electronic Item 2194,168.77,27,2025-04-12T14:44:44
2195,2,Electronic Item 2195,227.25,171,2025-05-31T04:00:30
2196,1,Fashion Item 2196,95.47,422,2025-11-22T09:17:38
2197,4,Misc Item 2197,165.65,21,2025-03-19T08:01:27
2198,3,Home Decor Item 2198,302.04,455,2025-07-31T03:17:32
2199,3,Home Decor Item 2199,470.99,48,2025-01-24T06:13:40
2200,3,Home Decor Item 2200,31.72,359,2025-08-29T00:47:58
2201,4,Misc Item 2201,160.99,470,2025-07-13T03:53:44
2202,4,Misc Item 2202,335.1,93,2025-04-16T19:30:00
2203,1,Fashion Item 2203,430.67,388,2024-12-04T05:04:28
2204,1,Fashion Item 2204,432.1,476,2025-08-25T18:17:18
2205,2,Electronic Item 2205,310.73,16,2025-04-16T20:38:13
2206,3,Home Decor Item 2206,353.57,432,2025-09-21T14:02:26
2207,3,Home Decor Item 2207,296.99,187,2025-01-02T05:54:07
2208,1,Fashion Item 2208,491.37,147,2024-12-15T08:16:31
2209,1,Fashion Item 2209,449.14,60,2025-11-25T20:49:20
2210,4,Misc Item 2210,217.06,259,2025-01-17T20:34:31
2211,2,Electronic Item 2211,315.3,465,2025-10-09T22:51:47
2212,4,Misc Item 2212,480.12,183,2025-06-02T22:03:10
2213,1,Fashion Item 2213,183.87,36,2025-11-10T04:45:48
2214,2,Electronic Item 2214,201.9,219,2025-02-20T04:46:58
2215,3,Home Decor Item 2215,241.36,22,2024-12-05T22:07:32
2216,3,Home Decor Item 2216,478.43,339,2025-08-19T10:09:36
2217,4,Misc Item 2217,15.15,201,2025-03-20T14:13:50
2218,1,Fashion Item 2218,8.98,82,2025-01-06T18:15:18
2219,1,Fashion Item 2219,192.84,130,2025-09-21T16:40:53
2220,2,Electronic Item 2220,131.11,298,2025-10-26T08:04:05
2221,3,Home Decor Item 2221,78.98,404,2025-08-05T19:43:11
2222,3,Home Decor Item 2222,20.81,20,2025-01-01T15:34:03
2223,1,Fashion Item 2223,383.33,276,2025-02-15T15:50:59
2224,1,Fashion Item 2224,443.77,59,2025-10-12T16:56:28
2225,3,Home Decor Item 2225,310.05,3,2025-07-05T18:44:38
2226,1,Fashion Item 2226,438.85,288,2025-02-15T11:09:07
2227,1,Fashion Item 2227,298.74,303,2025-04-24T19:34:30
2228,1,Fashion Item 2228,422.37,214,2024-12-19T00:23:58
2229,2,Electronic Item 2229,180.09,95,2025-10-18T21:36:31
2230,3,Home Decor Item 2230,67.41,464,2025-04-14T02:45:11
2231,1,Fashion Item 2231,377.21,3,2025-08-27T00:02:25
2232,1,Fashion Item 2232,398.65,371,2024-12-24T00:42:01
2233,2,Electronic Item 2233,455.38,370,2025-11-24T17:35:46
2234,3,Home Decor Item 2234,254.05,108,2025-02-25T17:24:00
2235,2,Electronic Item 2235,234.56,498,2025-04-01T00:49:32
2236,2,Electronic Item 2236,355.87,384,2025-06-06T22:19:07
2237,4,Misc Item 2237,38.25,192,2025-01-20T01:17:43
2238,3,Home Decor Item 2238,141.67,492,2025-06-21T04:58:42
2239,1,Fashion Item 2239,378.23,83,2025-11-27T04:57:29
2240,2,Electronic Item 2240,270.64,320,2025-08-02T01:59:53
2241,1,Fashion Item 2241,142.98,142,2024-12-26T23:13:32
2242,1,Fashion Item 2242,487.1,489,2025-05-26T09:54:19
2243,3,Home Decor Item 2243,338.2,376,2025-01-10T06:26:54
2244,1,Fashion Item 2244,358.63,76,2025-08-07T02:08:47
2245,2,Electronic Item 2245,425.99,65,2024-12-06T03:09:52
2246,1,Fashion Item 2246,389.54,66,2025-03-15T03:31:03
2247,2,Electronic Item 2247,200.96,1,2024-12-13T04:49:55
2248,1,Fashion Item 2248,414.95,233,2025-04-05T17:58:00
2249,2,Electronic Item 2249,116.0,393,2025-10-22T06:05:20
2250,2,Electronic Item 2250,442.31,351,2025-10-20T13:49:22
2251,1,Fashion Item 2251,472.72,298,2025-02-28T22:58:48
2252,1,Fashion Item 2252,421.86,379,2025-02-22T20:52:40
2253,2,Electronic Item 2253,79.66,41,2025-08-16T02:36:29
2254,2,Electronic Item 2254,186.61,285,2025-05-22T15:42:57
2255,2,Electronic Item 2255,351.71,476,2025-09-10T03:51:39
2256,2,Electronic Item 2256,155.08,146,2025-07-19T19:58:56
2257,2,Electronic Item 2257,102.19,156,2025-01-22T00:03:28
2258,1,Fashion Item 2258,154.64,309,2025-05-19T00:49:58
2259,3,Home Decor Item 2259,195.74,222,2025-09-28T03:42:09
2260,3,Home Decor Item 2260,334.4,470,2025-06-04T07:05:31
2261,1,Fashion Item 2261,259.77,262,2025-01-06T05:29:34
2262,4,Misc Item 2262,299.09,351,2025-01-15T03:21:07
2263,2,Electronic Item 2263,363.56,464,2024-11-28T03:50:30
2264,1,Fashion Item 2264,172.72,122,2025-09-19T20:39:56
2265,3,Home Decor Item 2265,185.51,120,2025-08-03T21:59:02
2266,3,Home Decor Item 2266,124.24,40,2024-11-30T17:36:12
2267,1,Fashion Item 2267,490.17,136,2025-05-21T13:55:25
2268,2,Electronic Item 2268,399.05,205,2025-01-30T21:09:23
2269,4,Misc Item 2269,221.11,288,2025-03-30T21:03:42
2270,4,Misc Item 2270,299.35,257,2025-05-16T04:36:30
2271,4,Misc Item 2271,67.6,90,2025-06-04T20:31:36
2272,2,Electronic Item 2272,454.59,293,2025-06-09T08:24:38
2273,3,Home Decor Item 2273,96.76,204,2025-01-26T01:43:53
2274,2,Electronic Item 2274,422.9,93,2025-09-30T22:12:08
2275,1,Fashion Item 2275,187.13,367,2025-01-30T02:36:10
2276,1,Fashion Item 2276,407.75,26,2024-12-20T21:16:59
2277,1,Fashion Item 2277,449.14,481,2025-04-29T02:41:14
2278,4,Misc Item 2278,110.68,414,2025-10-29T14:26:13
2279,3,Home Decor Item 2279,231.66,53,2024-12-14T06:15:55
2280,2,Electronic Item 2280,267.76,182,2025-09-03T01:45:00
2281,3,Home Decor Item 2281,226.08,469,2025-02-14T20:41:52
2282,3,Home Decor Item 2282,92.23,455,2025-03-13T14:09:05
2283,1,Fashion Item 2283,251.12,329,2025-09-04T07:19:35
2284,3,Home Decor Item 2284,438.28,420,2025-09-12T22:49:12
2285,2,Electronic Item 2285,203.15,165,2025-05-03T00:04:03
2286,1,Fashion Item 2286,455.96,330,2025-11-03T08:00:40
2287,3,Home Decor Item 2287,466.55,32,2025-11-14T17:32:36
2288,1,Fashion Item 2288,460.78,247,2024-12-13T00:26:09
2289,1,Fashion Item 2289,234.24,433,2025-08-20T02:33:26
2290,1,Fashion Item 2290,288.96,405,2025-09-24T23:00:00
2291,2,Electronic Item 2291,86.42,17,2025-08-18T02:29:42
2292,1,Fashion Item 2292,356.05,265,2025-05-11T00:30:53
2293,2,Electronic Item 2293,317.43,248,2025-07-23T18:23:59
2294,4,Misc Item 2294,179.36,457,2024-12-24T23:09:38
2295,1,Fashion Item 2295,321.77,394,2025-04-14T22:39:51
2296,1,Fashion Item 2296,184.98,242,2024-12-08T22:50:18
2297,1,Fashion Item 2297,216.28,259,2025-06-01T05:39:28
2298,4,Misc Item 2298,277.86,235,2025-11-03T12:18:07
2299,2,Electronic Item 2299,395.02,61,2025-03-14T01:09:22
2300,1,Fashion Item 2300,248.24,79,2025-05-09T03:17:26
2301,4,Misc Item 2301,281.35,286,2025-01-08T00:15:52
2302,3,Home Decor Item 2302,421.7,222,2024-11-29T21:22:44
2303,2,Electronic Item 2303,165.53,385,2025-07-16T02:09:10
2304,4,Misc Item 2304,491.32,72,2025-09-05T12:24:52
2305,3,Home Decor Item 2305,149.56,78,2025-06-02T10:31:35
2306,3,Home Decor Item 2306,334.18,350,2025-01-08T00:13:09
2307,1,Fashion Item 2307,95.61,454,2025-01-14T18:38:02
2308,4,Misc Item 2308,124.91,459,2025-01-05T13:29:28
2309,4,Misc Item 2309,61.8,28,2025-07-10T16:28:32
2310,1,Fashion Item 2310,121.98,248,2024-12-19T19:26:42
2311,3,Home Decor Item 2311,328.33,165,2025-09-12T06:25:47
2312,1,Fashion Item 2312,332.24,260,2025-07-03T16:23:07
2313,3,Home Decor Item 2313,196.13,160,2025-07-08T13:35:14
2314,3,Home Decor Item 2314,468.71,337,2025-10-23T17:30:51
2315,1,Fashion Item 2315,285.28,470,2024-12-17T18:27:48
2316,1,Fashion Item 2316,467.01,46,2025-02-04T17:14:04
2317,2,Electronic Item 2317,250.84,412,2025-08-25T04:43:53
2318,1,Fashion Item 2318,88.52,499,2025-09-07T06:22:49
2319,1,Fashion Item 2319,365.84,45,2025-09-11T19:43:41
2320,3,Home Decor Item 2320,217.85,484,2025-01-13T16:13:52
2321,2,Electronic Item 2321,285.37,267,2025-03-29T23:04:22
2322,2,Electronic Item 2322,244.52,40,2025-01-23T00:10:26
2323,2,Electronic Item 2323,383.5,235,2025-06-06T09:55:24
2324,2,Electronic Item 2324,274.62,180,2025-07-28T07:42:58
2325,4,Misc Item 2325,350.65,158,2025-08-16T02:43:32
2326,1,Fashion Item 2326,98.25,488,2025-03-09T09:52:15
2327,1,Fashion Item 2327,27.61,61,2025-01-31T04:24:06
2328,3,Home Decor Item 2328,245.71,193,2025-07-10T20:37:38
2329,2,Electronic Item 2329,356.93,0,2025-09-16T15:36:00
2330,1,Fashion Item 2330,274.65,390,2025-04-18T12:50:58
2331,2,Electronic Item 2331,462.06,453,2025-10-12T15:38:21
2332,2,Electronic Item 2332,495.35,131,2025-06-11T05:43:15
2333,2,Electronic Item 2333,351.02,240,2025-08-18T05:33:11
2334,2,Electronic Item 2334,97.3,237,2025-04-16T04:02:39
2335,3,Home Decor Item 2335,72.99,356,2025-05-16T22:48:49
2336,2,Electronic Item 2336,360.91,91,2025-05-22T18:11:19
2337,1,Fashion Item 2337,209.7,105,2025-04-22T20:00:40
2338,2,Electronic Item 2338,458.5,317,2025-02-13T10:10:23
2339,1,Fashion Item 2339,144.44,336,2025-04-18T21:53:36
2340,4,Misc Item 2340,471.34,149,2025-08-05T19:43:53
2341,3,Home Decor Item 2341,156.15,62,2025-05-08T10:11:33
2342,3,Home Decor Item 2342,472.65,132,2025-07-08T09:52:02
2343,4,Misc Item 2343,135.58,269,2024-12-15T06:59:19
2344,1,Fashion Item 2344,298.69,256,2025-04-26T02:15:06
2345,3,Home Decor Item 2345,113.17,294,2024-12-19T11:30:39
2346,1,Fashion Item 2346,83.06,495,2025-11-22T10:08:00
2347,3,Home Decor Item 2347,62.0,245,2025-11-04T13:29:09
2348,1,Fashion Item 2348,317.0,401,2025-04-29T17:25:56
2349,4,Misc Item 2349,67.2,125,2025-11-22T05:21:39
2350,2,Electronic Item 2350,424.89,195,2025-10-26T01:31:15
2351,3,Home Decor Item 2351,75.01,377,2025-05-29T03:02:26
2352,1,Fashion Item 2352,199.77,182,2025-03-01T09:15:48
2353,2,Electronic Item 2353,315.86,429,2025-03-31T06:50:20
2354,4,Misc Item 2354,306.69,483,2025-10-22T21:25:02
2355,1,Fashion Item 2355,349.4,203,2025-05-12T22:51:59
2356,4,Misc Item 2356,277.61,24,2025-08-14T20:07:24
2357,3,Home Decor Item 2357,83.0,343,2025-09-19T05:42:14
2358,1,Fashion Item 2358,136.24,106,2024-12-27T02:59:56
2359,3,Home Decor Item 2359,358.53,212,2025-03-13T06:57:54
2360,1,Fashion Item 2360,396.78,486,2024-12-28T19:29:54
2361,2,Electronic Item 2361,293.37,25,2025-09-09T07:07:06
2362,4,Misc Item 2362,221.89,146,2025-10-25T13:57:48
2363,4,Misc Item 2363,154.54,430,2025-06-17T04:47:43
2364,2,Electronic Item 2364,396.73,187,2025-11-03T00:58:30
2365,4,Misc Item 2365,213.95,173,2025-08-26T14:35:44
2366,1,Fashion Item 2366,71.07,78,2025-01-11T22:24:42
2367,1,Fashion Item 2367,203.63,55,2025-08-08T23:28:51
2368,1,Fashion Item 2368,130.55,239,2025-04-16T04:27:27
2369,3,Home Decor Item 2369,185.77,417,2025-11-21T14:59:34
2370,2,Electronic Item 2370,176.95,416,2025-06-18T21:51:10
2371,2,Electronic Item 2371,109.25,40,2025-08-30T22:31:08
2372,1,Fashion Item 2372,19.38,138,2025-09-21T05:13:27
2373,2,Electronic Item 2373,473.54,409,2025-02-03T06:19:36
2374,4,Misc Item 2374,332.65,67,2025-07-01T05:01:32
2375,2,Electronic Item 2375,439.94,211,2025-07-17T11:01:37
2376,3,Home Decor Item 2376,240.76,325,2024-12-08T12:53:38
2377,2,Electronic Item 2377,417.04,479,2025-08-25T21:19:19
2378,2,Electronic Item 2378,117.56,446,2025-04-16T01:18:47
2379,1,Fashion Item 2379,436.74,32,2025-08-27T01:15:35
2380,3,Home Decor Item 2380,294.54,352,2025-06-04T16:53:44
2381,4,Misc Item 2381,363.73,75,2025-07-23T13:14:52
2382,2,Electronic Item 2382,385.86,39,2025-08-24T03:17:32
2383,4,Misc Item 2383,64.02,234,2025-03-10T05:23:43
2384,4,Misc Item 2384,278.64,413,2025-01-17T05:06:10
2385,4,Misc Item 2385,432.16,248,2025-07-01T05:36:38
2386,2,Electronic Item 2386,295.94,317,2025-01-14T21:45:17
2387,1,Fashion Item 2387,443.45,391,2025-10-01T12:56:15
2388,1,Fashion Item 2388,248.65,198,2025-07-19T21:49:45
2389,1,Fashion Item 2389,15.62,438,2025-07-02T01:28:28
2390,1,Fashion Item 2390,341.17,350,2025-07-16T09:24:06
2391,4,Misc Item 2391,371.32,0,2024-12-07T11:16:40
2392,4,Misc Item 2392,150.74,226,2025-11-17T19:49:42
2393,1,Fashion Item 2393,234.99,411,2025-09-03T06:32:50
2394,3,Home Decor Item 2394,343.76,36,2025-01-17T19:31:09
2395,1,Fashion Item 2395,352.49,93,2025-05-07T15:22:18
2396,2,Electronic Item 2396,137.66,231,2025-03-17T13:39:34
2397,4,Misc Item 2397,285.78,8,2025-04-27T03:59:25
2398,2,Electronic Item 2398,75.17,309,2025-09-20T05:54:43
2399,1,Fashion Item 2399,146.49,36,2025-06-14T15:58:37
2400,2,Electronic Item 2400,161.32,340,2024-12-03T09:44:57
2401,1,Fashion Item 2401,335.85,415,2025-09-09T07:24:43
2402,3,Home Decor Item 2402,477.21,21,2025-04-20T17:11:52
2403,2,Electronic Item 2403,277.86,49,2025-08-19T23:28:05
2404,2,Electronic Item 2404,426.41,22,2025-07-10T10:01:42
2405,1,Fashion Item 2405,322.97,90,2025-09-11T03:29:15
2406,2,Electronic Item 2406,151.56,339,2025-09-30T17:21:41
2407,2,Electronic Item 2407,270.21,205,2025-06-28T06:36:58
2408,2,Electronic Item 2408,134.76,275,2025-10-28T16:44:36
2409,3,Home Decor Item 2409,338.49,21,2025-05-13T00:27:17
2410,2,Electronic Item 2410,264.59,125,2025-06-19T11:57:44
2411,2,Electronic Item 2411,144.48,445,2025-05-06T19:36:27
2412,3,Home Decor Item 2412,112.77,337,2025-08-27T02:51:11
2413,3,Home Decor Item 2413,93.63,98,2025-08-26T06:18:01
2414,1,Fashion Item 2414,130.2,111,2025-09-30T20:40:39
2415,1,Fashion Item 2415,432.04,228,2025-09-09T16:07:55
2416,2,Electronic Item 2416,265.79,333,2025-09-05T12:13:13
2417,1,Fashion Item 2417,113.57,221,2025-04-24T16:00:07
2418,3,Home Decor Item 2418,35.88,178,2025-08-19T01:03:02
2419,1,Fashion Item 2419,52.7,164,2025-01-08T05:14:00
2420,1,Fashion Item 2420,443.72,460,2025-07-29T10:54:16
2421,4,Misc Item 2421,422.01,315,2025-08-31T10:22:06
2422,2,Electronic Item 2422,269.32,221,2025-09-04T14:16:13
2423,1,Fashion Item 2423,280.13,455,2025-08-13T12:39:38
2424,1,Fashion Item 2424,244.41,460,2025-10-15T12:30:46
2425,4,Misc Item 2425,481.92,467,2025-05-05T00:28:39
2426,1,Fashion Item 2426,219.86,156,2025-10-03T06:53:36
2427,3,Home Decor Item 2427,396.6,102,2025-08-03T08:45:30
2428,1,Fashion Item 2428,97.48,377,2025-01-24T04:37:07
2429,3,Home Decor Item 2429,383.31,481,2024-12-04T06:12:10
2430,2,Electronic Item 2430,327.07,216,2025-01-08T17:26:36
2431,4,Misc Item 2431,271.42,51,2024-12-27T21:13:26
2432,2,Electronic Item 2432,236.21,227,2025-05-02T02:40:17
2433,2,Electronic Item 2433,298.74,296,2025-02-26T07:30:11
2434,1,Fashion Item 2434,251.25,376,2024-12-17T06:19:03
2435,2,Electronic Item 2435,349.49,420,2025-05-06T11:29:09
2436,4,Misc Item 2436,289.5,48,2025-09-17T19:08:19
2437,1,Fashion Item 2437,256.08,289,2025-09-04T18:25:10
2438,3,Home Decor Item 2438,316.0,4,2025-04-13T20:04:42
2439,2,Electronic Item 2439,315.56,73,2025-01-14T15:55:21
2440,1,Fashion Item 2440,221.75,316,2025-05-08T13:17:08
2441,2,Electronic Item 2441,299.67,157,2024-12-10T12:47:26
2442,3,Home Decor Item 2442,426.05,145,2025-05-03T20:52:54
2443,1,Fashion Item 2443,233.71,147,2025-04-06T12:01:39
2444,3,Home Decor Item 2444,270.54,273,2025-10-03T17:03:29
2445,1,Fashion Item 2445,161.44,405,2025-01-22T00:51:18
2446,4,Misc Item 2446,166.7,87,2025-09-28T05:46:48
2447,1,Fashion Item 2447,232.05,203,2025-05-06T20:22:09
2448,1,Fashion Item 2448,274.46,138,2025-02-26T21:43:26
2449,3,Home Decor Item 2449,5.27,449,2025-02-23T10:03:22
2450,1,Fashion Item 2450,156.04,417,2025-02-23T10:51:34
2451,1,Fashion Item 2451,428.03,54,2025-02-16T18:15:59
2452,1,Fashion Item 2452,463.1,228,2025-05-22T06:27:36
2453,1,Fashion Item 2453,175.73,199,2024-12-14T16:14:23
2454,2,Electronic Item 2454,13.56,495,2025-05-27T16:49:06
2455,1,Fashion Item 2455,284.84,422,2025-04-16T11:12:46
2456,2,Electronic Item 2456,253.81,245,2025-11-17T07:07:31
2457,1,Fashion Item 2457,439.7,411,2025-11-10T05:47:10
2458,2,Electronic Item 2458,444.84,62,2025-11-02T22:30:56
2459,4,Misc Item 2459,129.77,307,2025-01-27T05:20:53
2460,1,Fashion Item 2460,174.76,216,2025-02-13T16:19:41
2461,4,Misc Item 2461,192.03,403,2025-09-24T02:40:10
2462,2,Electronic Item 2462,220.91,244,2025-09-17T19:26:20
2463,4,Misc Item 2463,94.5,311,2025-11-22T18:50:36
2464,4,Misc Item 2464,325.52,150,2025-04-16T05:51:10
2465,1,Fashion Item 2465,450.88,155,2025-02-22T20:25:00
2466,2,Electronic Item 2466,166.5,49,2025-07-31T11:28:02
2467,2,Electronic Item 2467,45.51,70,2025-07-02T18:47:54
2468,1,Fashion Item 2468,415.31,460,2025-01-26T04:52:17
2469,2,Electronic Item 2469,330.91,484,2025-10-12T04:26:52
2470,1,Fashion Item 2470,485.11,253,2025-09-07T15:25:39
2471,2,Electronic Item 2471,280.06,364,2024-12-16T19:13:39
2472,1,Fashion Item 2472,335.95,87,2024-12-13T18:18:56
2473,1,Fashion Item 2473,62.25,257,2025-06-12T13:06:36
2474,2,Electronic Item 2474,32.1,469,2025-10-31T11:39:34
2475,2,Electronic Item 2475,132.87,232,2025-06-22T21:07:13
2476,2,Electronic Item 2476,181.53,72,2025-06-27T14:57:47
2477,1,Fashion Item 2477,395.79,236,2025-09-27T17:56:49
2478,1,Fashion Item 2478,148.25,461,2025-01-22T23:31:33
2479,2,Electronic Item 2479,269.49,113,2025-08-20T02:22:44
2480,1,Fashion Item 2480,394.82,352,2025-08-16T22:11:53
2481,2,Electronic Item 2481,23.53,242,2025-03-12T11:26:47
2482,2,Electronic Item 2482,91.17,278,2025-03-28T23:46:34
2483,2,Electronic Item 2483,161.4,32,2025-06-20T00:18:49
2484,2,Electronic Item 2484,416.71,108,2025-06-12T22:40:45
2485,1,Fashion Item 2485,284.44,54,2025-05-28T15:27:17
2486,1,Fashion Item 2486,193.85,44,2025-03-26T14:48:19
2487,2,Electronic Item 2487,37.33,158,2025-08-04T23:16:51
2488,2,Electronic Item 2488,132.19,192,2025-01-08T15:16:01
2489,2,Electronic Item 2489,289.68,404,2025-11-13T05:34:43
2490,2,Electronic Item 2490,173.44,116,2025-02-05T06:18:20
2491,3,Home Decor Item 2491,86.04,360,2025-10-14T11:15:05
2492,4,Misc Item 2492,89.25,150,2025-05-11T20:50:25
2493,2,Electronic Item 2493,221.83,287,2025-05-21T13:04:22
2494,1,Fashion Item 2494,262.35,484,2025-03-07T02:52:33
2495,1,Fashion Item 2495,223.35,298,2025-04-04T11:18:20
2496,3,Home Decor Item 2496,153.12,276,2025-08-22T07:38:49
2497,2,Electronic Item 2497,463.48,384,2025-02-02T11:39:31
2498,3,Home Decor Item 2498,396.0,406,2025-08-13T15:25:58
2499,4,Misc Item 2499,56.88,93,2025-08-07T07:41:14
2500,2,Electronic Item 2500,174.15,222,2025-02-26T02:46:11
2501,2,Electronic Item 2501,492.99,427,2025-02-25T04:01:06
2502,1,Fashion Item 2502,411.43,377,2025-01-14T07:00:50
2503,3,Home Decor Item 2503,225.42,295,2025-11-02T17:26:14
2504,4,Misc Item 2504,294.67,113,2025-05-20T03:40:02
2505,3,Home Decor Item 2505,235.02,383,2025-11-20T19:19:48
2506,3,Home Decor Item 2506,65.16,294,2025-07-26T09:38:33
2507,4,Misc Item 2507,492.46,157,2025-09-19T07:23:29
2508,1,Fashion Item 2508,363.14,21,2025-02-07T04:46:21
2509,4,Misc Item 2509,360.0,21,2025-07-04T18:59:26
2510,1,Fashion Item 2510,358.74,105,2025-05-06T04:23:11
2511,1,Fashion Item 2511,379.98,71,2025-04-16T04:03:06
2512,2,Electronic Item 2512,301.79,290,2025-07-24T23:18:51
2513,1,Fashion Item 2513,8.52,170,2025-02-21T19:12:30
2514,2,Electronic Item 2514,149.49,340,2025-07-24T03:47:38
2515,1,Fashion Item 2515,246.23,95,2025-05-28T18:17:59
2516,1,Fashion Item 2516,199.48,347,2025-01-17T05:22:21
2517,2,Electronic Item 2517,94.95,14,2025-09-06T11:05:28
2518,2,Electronic Item 2518,174.84,127,2025-06-29T00:28:32
2519,3,Home Decor Item 2519,131.93,418,2024-12-01T15:54:54
2520,4,Misc Item 2520,165.05,456,2025-08-14T18:44:06
2521,3,Home Decor Item 2521,26.21,191,2025-09-25T05:33:32
2522,1,Fashion Item 2522,490.16,4,2025-07-15T01:43:38
2523,2,Electronic Item 2523,467.15,260,2025-10-05T21:20:13
2524,2,Electronic Item 2524,266.79,296,2025-08-01T09:22:12
2525,2,Electronic Item 2525,289.69,22,2025-04-26T12:53:24
2526,4,Misc Item 2526,315.21,354,2025-11-25T10:10:56
2527,2,Electronic Item 2527,382.95,142,2025-01-16T12:23:09
2528,3,Home Decor Item 2528,178.55,438,2024-11-30T22:17:22
2529,1,Fashion Item 2529,248.03,232,2025-07-13T23:46:02
2530,3,Home Decor Item 2530,480.13,61,2025-10-03T16:57:05
2531,1,Fashion Item 2531,473.82,302,2025-03-14T11:53:30
2532,1,Fashion Item 2532,237.6,333,2025-05-27T12:16:59
2533,1,Fashion Item 2533,145.56,243,2025-04-11T06:24:58
2534,3,Home Decor Item 2534,304.5,318,2025-09-30T18:12:45
2535,4,Misc Item 2535,97.21,65,2025-05-09T02:04:19
2536,3,Home Decor Item 2536,485.09,473,2025-07-16T04:27:14
2537,4,Misc Item 2537,307.55,370,2024-12-27T17:57:29
2538,1,Fashion Item 2538,137.92,143,2025-10-25T06:12:24
2539,3,Home Decor Item 2539,420.24,139,2025-10-06T10:21:04
2540,3,Home Decor Item 2540,323.41,30,2025-01-12T13:20:52
2541,1,Fashion Item 2541,142.14,487,2025-04-03T05:53:52
2542,1,Fashion Item 2542,197.94,130,2025-02-05T16:06:34
2543,2,Electronic Item 2543,495.97,431,2025-06-28T01:40:29
2544,1,Fashion Item 2544,445.59,330,2024-12-17T23:07:56
2545,1,Fashion Item 2545,415.08,26,2025-11-08T23:55:03
2546,1,Fashion Item 2546,193.83,25,2025-03-29T06:29:11
2547,2,Electronic Item 2547,328.13,28,2025-09-11T05:38:37
2548,3,Home Decor Item 2548,122.04,457,2025-04-29T01:59:18
2549,4,Misc Item 2549,293.78,5,2025-06-06T13:59:55
2550,1,Fashion Item 2550,52.41,124,2025-09-18T18:46:46
2551,3,Home Decor Item 2551,112.01,236,2025-10-13T00:01:24
2552,1,Fashion Item 2552,51.29,104,2025-02-23T17:03:48
2553,4,Misc Item 2553,329.27,253,2025-09-16T00:09:52
2554,3,Home Decor Item 2554,130.67,445,2024-11-28T20:45:11
2555,1,Fashion Item 2555,87.76,413,2025-10-22T13:40:00
2556,1,Fashion Item 2556,206.5,500,2025-09-13T22:42:36
2557,1,Fashion Item 2557,76.39,331,2025-05-08T06:21:45
2558,1,Fashion Item 2558,295.92,386,2025-10-16T01:45:22
2559,1,Fashion Item 2559,412.53,408,2025-03-30T00:21:32
2560,1,Fashion Item 2560,95.4,328,2025-01-10T18:03:59
2561,4,Misc Item 2561,237.81,40,2024-12-28T13:58:14
2562,4,Misc Item 2562,340.18,138,2025-06-03T17:50:57
2563,2,Electronic Item 2563,70.05,54,2025-02-06T02:54:08
2564,4,Misc Item 2564,50.0,412,2025-04-20T11:14:40
2565,3,Home Decor Item 2565,402.16,453,2025-04-29T21:37:41
2566,1,Fashion Item 2566,234.49,30,2025-11-22T12:42:41
2567,2,Electronic Item 2567,16.7,383,2025-07-31T14:57:52
2568,1,Fashion Item 2568,21.1,149,2025-01-13T10:16:12
2569,1,Fashion Item 2569,29.92,292,2025-03-01T23:34:59
2570,3,Home Decor Item 2570,393.78,117,2025-07-07T11:15:01
2571,4,Misc Item 2571,24.34,80,2025-09-27T22:46:03
2572,1,Fashion Item 2572,97.81,365,2025-11-23T00:48:01
2573,3,Home Decor Item 2573,248.38,480,2025-09-13T06:23:37
2574,3,Home Decor Item 2574,5.98,10,2025-11-17T10:57:05
2575,3,Home Decor Item 2575,497.06,232,2025-07-27T09:18:20
2576,1,Fashion Item 2576,63.96,408,2025-11-26T06:04:50
2577,2,Electronic Item 2577,377.72,321,2025-09-10T22:21:49
2578,1,Fashion Item 2578,231.09,425,2025-02-02T11:33:22
2579,3,Home Decor Item 2579,310.8,198,2025-11-22T11:11:52
2580,4,Misc Item 2580,433.97,280,2025-04-23T13:26:45
2581,1,Fashion Item 2581,30.08,471,2025-01-25T09:27:38
2582,1,Fashion Item 2582,63.78,49,2025-07-24T14:41:49
2583,1,Fashion Item 2583,332.77,284,2024-12-31T17:28:28
2584,3,Home Decor Item 2584,481.61,158,2025-09-12T06:15:42
2585,1,Fashion Item 2585,105.71,390,2025-07-27T20:48:40
2586,2,Electronic Item 2586,190.66,294,2025-01-20T09:10:43
2587,4,Misc Item 2587,140.3,207,2025-04-19T14:50:40
2588,1,Fashion Item 2588,277.52,136,2025-01-02T06:20:22
2589,3,Home Decor Item 2589,80.34,70,2024-12-27T22:49:21
2590,4,Misc Item 2590,78.9,456,2025-05-11T01:47:57
2591,2,Electronic Item 2591,39.66,134,2024-12-09T19:05:56
2592,3,Home Decor Item 2592,182.46,497,2025-08-20T15:56:16
2593,1,Fashion Item 2593,229.94,4,2025-06-30T03:44:55
2594,4,Misc Item 2594,282.21,71,2025-02-17T18:50:06
2595,3,Home Decor Item 2595,469.44,321,2025-08-28T07:55:45
2596,1,Fashion Item 2596,433.81,203,2025-09-30T05:46:08
2597,1,Fashion Item 2597,135.93,209,2025-11-15T04:57:54
2598,2,Electronic Item 2598,231.85,15,2025-10-13T00:31:24
2599,3,Home Decor Item 2599,462.99,218,2025-10-22T18:08:57
2600,4,Misc Item 2600,359.09,5,2025-03-17T15:17:23
2601,1,Fashion Item 2601,408.37,456,2025-07-17T19:33:42
2602,4,Misc Item 2602,156.2,90,2025-09-14T14:54:37
2603,4,Misc Item 2603,153.42,422,2025-11-15T03:01:29
2604,1,Fashion Item 2604,186.15,368,2025-01-10T23:27:39
2605,1,Fashion Item 2605,178.11,492,2025-04-26T03:53:55
2606,1,Fashion Item 2606,162.34,51,2024-12-15T02:19:40
2607,2,Electronic Item 2607,493.5,260,2025-05-10T15:41:35
2608,4,Misc Item 2608,428.68,141,2025-10-18T08:17:55
2609,4,Misc Item 2609,223.79,438,2025-07-11T08:13:14
2610,2,Electronic Item 2610,44.86,81,2025-02-04T04:44:07
2611,1,Fashion Item 2611,487.61,55,2025-03-10T19:52:48
2612,4,Misc Item 2612,486.91,64,2025-07-29T19:31:11
2613,1,Fashion Item 2613,157.08,214,2025-05-17T10:58:57
2614,1,Fashion Item 2614,396.36,221,2025-07-20T08:54:37
2615,1,Fashion Item 2615,393.9,8,2025-05-06T20:51:34
2616,3,Home Decor Item 2616,55.03,363,2025-01-17T12:58:17
2617,2,Electronic Item 2617,234.48,1,2024-12-19T15:18:09
2618,1,Fashion Item 2618,295.45,147,2025-03-15T12:37:15
2619,2,Electronic Item 2619,142.23,410,2025-04-26T11:22:39
2620,1,Fashion Item 2620,388.2,177,2025-10-08T03:15:17
2621,1,Fashion Item 2621,439.69,159,2025-08-18T07:01:13
2622,1,Fashion Item 2622,19.51,362,2025-05-06T05:04:04
2623,1,Fashion Item 2623,473.25,254,2025-09-16T03:15:53
2624,4,Misc Item 2624,105.3,31,2024-12-04T23:34:54
2625,2,Electronic Item 2625,298.15,309,2025-11-02T04:00:14
2626,4,Misc Item 2626,108.88,470,2025-03-29T02:40:17
2627,3,Home Decor Item 2627,250.71,50,2025-01-29T13:56:01
2628,3,Home Decor Item 2628,56.96,322,2025-05-13T01:15:30
2629,3,Home Decor Item 2629,132.89,297,2024-12-30T20:33:02
2630,4,Misc Item 2630,461.03,321,2025-09-27T04:07:06
2631,1,Fashion Item 2631,172.16,84,2024-12-01T02:34:36
2632,2,Electronic Item 2632,339.62,428,2025-04-13T11:53:47
2633,3,Home Decor Item 2633,301.38,28,2025-08-02T13:53:09
2634,1,Fashion Item 2634,346.68,56,2025-01-15T13:48:42
2635,3,Home Decor Item 2635,440.16,301,2025-01-06T16:56:06
2636,2,Electronic Item 2636,245.16,428,2025-08-03T05:27:19
2637,4,Misc Item 2637,450.34,3,2025-08-25T20:28:53
2638,3,Home Decor Item 2638,235.43,496,2025-03-16T05:46:38
2639,1,Fashion Item 2639,385.18,109,2025-05-09T00:08:35
2640,2,Electronic Item 2640,23.84,196,2025-01-22T16:59:58
2641,1,Fashion Item 2641,334.86,10,2025-05-11T14:48:46
2642,2,Electronic Item 2642,63.61,295,2025-05-25T01:45:06
2643,3,Home Decor Item 2643,420.17,458,2025-06-28T01:38:13
2644,1,Fashion Item 2644,185.17,481,2024-12-29T11:53:35
2645,1,Fashion Item 2645,109.88,383,2024-12-07T02:49:37
2646,2,Electronic Item 2646,147.84,437,2025-06-30T12:35:43
2647,1,Fashion Item 2647,456.87,378,2025-04-23T09:03:10
2648,1,Fashion Item 2648,118.17,75,2025-10-06T17:30:50
2649,3,Home Decor Item 2649,383.01,365,2025-02-18T16:47:30
2650,1,Fashion Item 2650,434.53,314,2025-06-11T22:27:07
2651,1,Fashion Item 2651,166.3,419,2025-09-27T20:52:10
2652,3,Home Decor Item 2652,81.96,258,2025-01-31T15:28:05
2653,1,Fashion Item 2653,171.8,381,2025-10-02T01:56:31
2654,4,Misc Item 2654,454.27,168,2025-10-08T02:02:42
2655,3,Home Decor Item 2655,251.39,50,2025-06-05T17:43:59
2656,3,Home Decor Item 2656,406.99,236,2025-09-05T22:39:19
2657,3,Home Decor Item 2657,220.39,377,2025-05-21T20:43:19
2658,1,Fashion Item 2658,37.01,52,2025-11-13T14:09:00
2659,1,Fashion Item 2659,195.22,134,2024-12-28T13:25:19
2660,2,Electronic Item 2660,362.72,110,2025-10-07T13:12:14
2661,2,Electronic Item 2661,389.28,454,2025-04-14T20:07:40
2662,3,Home Decor Item 2662,354.31,343,2025-08-26T16:58:01
2663,1,Fashion Item 2663,377.11,350,2025-03-01T16:15:24
2664,2,Electronic Item 2664,417.78,23,2025-04-11T15:45:16
2665,1,Fashion Item 2665,328.09,193,2024-12-12T23:23:28
2666,4,Misc Item 2666,354.67,482,2025-06-06T23:20:28
2667,2,Electronic Item 2667,73.49,309,2025-09-23T22:59:24
2668,3,Home Decor Item 2668,305.65,208,2024-12-19T05:49:24
2669,2,Electronic Item 2669,120.71,29,2024-12-06T18:44:26
2670,1,Fashion Item 2670,395.16,351,2025-03-03T08:55:58
2671,2,Electronic Item 2671,372.39,489,2025-06-12T09:13:01
2672,3,Home Decor Item 2672,160.56,349,2024-12-26T19:12:42
2673,2,Electronic Item 2673,441.51,255,2024-11-28T18:34:50
2674,2,Electronic Item 2674,43.1,360,2025-11-12T22:08:24
2675,3,Home Decor Item 2675,241.04,440,2025-05-05T02:10:53
2676,3,Home Decor Item 2676,91.84,329,2025-09-12T13:22:08
2677,3,Home Decor Item 2677,327.37,250,2025-04-22T08:49:56
2678,1,Fashion Item 2678,390.82,80,2025-01-15T11:08:46
2679,1,Fashion Item 2679,278.48,295,2025-02-16T22:27:04
2680,4,Misc Item 2680,418.6,489,2025-02-04T06:38:13
2681,1,Fashion Item 2681,449.75,382,2025-04-29T10:13:11
2682,4,Misc Item 2682,445.79,94,2024-12-14T16:27:00
2683,3,Home Decor Item 2683,34.97,279,2025-11-15T04:19:18
2684,4,Misc Item 2684,404.08,41,2025-05-06T23:51:33
2685,4,Misc Item 2685,344.2,481,2025-11-10T20:19:15
2686,1,Fashion Item 2686,418.39,93,2025-07-20T20:44:28
2687,4,Misc Item 2687,432.2,225,2025-09-06T10:25:04
2688,2,Electronic Item 2688,124.62,284,2025-11-24T11:15:54
2689,3,Home Decor Item 2689,379.33,166,2025-07-17T04:42:26
2690,1,Fashion Item 2690,303.79,377,2025-01-21T22:44:10
2691,4,Misc Item 2691,249.16,276,2025-10-14T01:05:43
2692,1,Fashion Item 2692,327.85,152,2025-02-11T15:17:42
2693,3,Home Decor Item 2693,229.02,330,2025-06-11T00:40:26
2694,2,Electronic Item 2694,106.68,250,2025-07-14T08:13:29
2695,3,Home Decor Item 2695,255.3,279,2025-04-18T19:57:05
2696,4,Misc Item 2696,378.0,433,2025-11-16T00:44:48
2697,3,Home Decor Item 2697,461.57,289,2025-08-31T09:15:33
2698,4,Misc Item 2698,389.43,483,2025-06-26T22:15:03
2699,1,Fashion Item 2699,288.35,17,2025-01-31T22:43:30
2700,4,Misc Item 2700,127.4,88,2025-11-24T00:48:53
2701,1,Fashion Item 2701,81.21,191,2024-12-28T18:51:28
2702,1,Fashion Item 2702,442.94,115,2025-06-07T20:35:41
2703,1,Fashion Item 2703,205.39,258,2025-02-16T10:31:29
2704,2,Electronic Item 2704,378.75,125,2025-08-21T01:01:03
2705,4,Misc Item 2705,298.09,67,2025-11-23T11:21:25
2706,2,Electronic Item 2706,371.51,330,2025-08-01T02:27:54
2707,1,Fashion Item 2707,440.45,29,2025-04-13T18:47:12
2708,4,Misc Item 2708,307.81,314,2025-09-20T04:52:06
2709,1,Fashion Item 2709,250.72,101,2025-10-19T13:24:22
2710,1,Fashion Item 2710,37.46,7,2025-05-15T00:17:15
2711,2,Electronic Item 2711,285.35,461,2025-04-11T18:28:30
2712,1,Fashion Item 2712,225.94,359,2025-08-02T03:17:13
2713,3,Home Decor Item 2713,68.41,216,2025-07-09T13:41:07
2714,1,Fashion Item 2714,55.93,463,2025-09-16T05:59:54
2715,2,Electronic Item 2715,384.39,13,2025-11-24T10:07:51
2716,4,Misc Item 2716,161.13,70,2025-07-12T04:41:57
2717,3,Home Decor Item 2717,36.08,353,2025-08-01T18:50:25
2718,1,Fashion Item 2718,387.09,51,2025-02-02T07:37:37
2719,3,Home Decor Item 2719,29.44,435,2025-04-14T13:15:39
2720,1,Fashion Item 2720,304.7,64,2025-05-19T21:46:22
2721,2,Electronic Item 2721,121.95,419,2025-07-19T08:02:53
2722,3,Home Decor Item 2722,297.4,376,2025-11-23T19:54:33
2723,2,Electronic Item 2723,318.85,424,2025-02-05T23:42:15
2724,2,Electronic Item 2724,493.16,220,2025-05-30T03:27:16
2725,1,Fashion Item 2725,236.3,277,2024-12-21T20:22:14
2726,4,Misc Item 2726,170.1,257,2025-05-27T11:43:30
2727,4,Misc Item 2727,163.72,223,2024-11-28T13:31:34
2728,3,Home Decor Item 2728,13.9,260,2025-07-13T16:26:10
2729,2,Electronic Item 2729,462.37,441,2025-01-04T19:18:47
2730,2,Electronic Item 2730,279.95,88,2025-08-25T18:10:01
2731,1,Fashion Item 2731,366.02,339,2025-01-05T16:09:03
2732,2,Electronic Item 2732,278.47,96,2025-01-29T21:45:00
2733,1,Fashion Item 2733,473.15,405,2025-09-04T21:58:41
2734,2,Electronic Item 2734,91.63,5,2025-11-20T08:52:41
2735,3,Home Decor Item 2735,224.48,68,2025-05-01T16:24:51
2736,3,Home Decor Item 2736,31.04,297,2025-05-26T15:15:22
2737,2,Electronic Item 2737,14.29,118,2025-01-17T04:11:50
2738,2,Electronic Item 2738,126.58,390,2025-08-16T11:18:29
2739,1,Fashion Item 2739,234.52,44,2025-01-27T22:50:00
2740,3,Home Decor Item 2740,212.84,10,2025-03-02T01:41:46
2741,2,Electronic Item 2741,203.12,472,2024-12-11T15:42:17
2742,4,Misc Item 2742,198.51,111,2024-11-29T11:46:56
2743,1,Fashion Item 2743,166.15,237,2025-08-30T23:38:44
2744,2,Electronic Item 2744,215.68,75,2025-08-05T02:52:12
2745,1,Fashion Item 2745,323.24,405,2025-01-14T21:29:39
2746,4,Misc Item 2746,153.34,480,2025-08-17T03:18:49
2747,1,Fashion Item 2747,409.48,59,2025-08-18T14:11:01
2748,3,Home Decor Item 2748,197.24,185,2025-03-27T15:37:24
2749,4,Misc Item 2749,108.17,128,2025-01-21T20:16:49
2750,3,Home Decor Item 2750,440.6,414,2025-10-22T13:41:16
2751,1,Fashion Item 2751,47.84,433,2025-03-18T08:21:35
2752,1,Fashion Item 2752,350.18,21,2025-09-01T20:28:22
2753,1,Fashion Item 2753,386.89,39,2025-03-18T00:47:55
2754,2,Electronic Item 2754,170.94,100,2025-03-15T16:46:13
2755,3,Home Decor Item 2755,10.34,183,2025-06-29T11:24:20
2756,2,Electronic Item 2756,286.07,143,2024-12-09T13:53:53
2757,2,Electronic Item 2757,354.52,32,2024-12-28T06:28:59
2758,1,Fashion Item 2758,437.83,320,2025-06-19T13:23:05
2759,2,Electronic Item 2759,142.87,164,2025-01-28T08:57:14
2760,3,Home Decor Item 2760,241.09,39,2025-07-15T15:21:51
2761,3,Home Decor Item 2761,150.33,233,2025-03-13T11:53:52
2762,2,Electronic Item 2762,190.71,277,2025-04-09T07:11:27
2763,4,Misc Item 2763,425.29,67,2024-12-14T16:48:27
2764,2,Electronic Item 2764,405.52,493,2025-10-23T17:32:03
2765,2,Electronic Item 2765,409.16,382,2025-01-19T10:07:28
2766,2,Electronic Item 2766,462.63,85,2025-02-05T02:55:06
2767,1,Fashion Item 2767,350.26,332,2025-02-12T16:54:13
2768,2,Electronic Item 2768,377.68,219,2025-11-09T18:38:12
2769,2,Electronic Item 2769,457.85,303,2025-03-11T21:58:46
2770,2,Electronic Item 2770,222.82,108,2025-11-15T16:11:38
2771,2,Electronic Item 2771,72.14,376,2025-08-25T15:36:31
2772,2,Electronic Item 2772,389.17,314,2025-11-18T12:17:08
2773,2,Electronic Item 2773,167.9,257,2025-06-11T09:09:29
2774,3,Home Decor Item 2774,288.46,104,2025-06-25T00:45:51
2775,4,Misc Item 2775,16.91,432,2025-06-18T07:42:21
2776,3,Home Decor Item 2776,320.22,292,2025-09-18T01:51:45
2777,1,Fashion Item 2777,428.94,216,2024-12-04T04:05:33
2778,3,Home Decor Item 2778,224.18,208,2025-05-10T23:25:31
2779,2,Electronic Item 2779,85.62,476,2024-12-16T06:23:00
2780,2,Electronic Item 2780,384.54,260,2025-01-16T04:00:26
2781,1,Fashion Item 2781,81.19,359,2025-06-14T23:29:35
2782,2,Electronic Item 2782,457.64,3,2025-02-26T15:31:35
2783,1,Fashion Item 2783,295.72,80,2025-11-11T23:24:50
2784,4,Misc Item 2784,48.11,394,2025-07-28T19:01:25
2785,1,Fashion Item 2785,182.6,289,2025-01-18T15:41:04
2786,2,Electronic Item 2786,36.44,174,2025-02-24T14:55:58
2787,1,Fashion Item 2787,305.59,83,2025-07-10T22:28:35
2788,3,Home Decor Item 2788,126.45,27,2024-12-05T01:34:55
2789,2,Electronic Item 2789,271.69,212,2025-03-30T12:38:46
2790,2,Electronic Item 2790,322.24,339,2025-08-06T02:46:35
2791,2,Electronic Item 2791,379.02,462,2025-11-01T03:10:29
2792,4,Misc Item 2792,292.55,370,2024-12-26T01:45:22
2793,1,Fashion Item 2793,470.04,396,2025-11-04T02:45:24
2794,2,Electronic Item 2794,152.68,228,2025-11-02T23:30:39
2795,2,Electronic Item 2795,261.2,459,2025-10-24T14:23:03
2796,2,Electronic Item 2796,302.32,212,2025-02-19T00:35:36
2797,1,Fashion Item 2797,473.53,338,2025-11-17T14:15:39
2798,4,Misc Item 2798,96.01,331,2025-04-01T07:56:12
2799,1,Fashion Item 2799,272.22,216,2025-01-28T02:50:00
2800,1,Fashion Item 2800,238.76,200,2025-09-21T06:21:25
2801,3,Home Decor Item 2801,123.85,61,2025-04-08T04:51:16
2802,1,Fashion Item 2802,451.17,135,2025-07-06T21:07:03
2803,2,Electronic Item 2803,96.02,129,2025-06-08T11:55:14
2804,1,Fashion Item 2804,369.21,151,2024-12-23T06:58:31
2805,3,Home Decor Item 2805,190.1,208,2025-01-26T06:14:50
2806,4,Misc Item 2806,231.97,127,2025-11-23T00:16:25
2807,2,Electronic Item 2807,409.1,360,2025-10-27T21:49:25
2808,1,Fashion Item 2808,459.55,150,2025-07-25T17:15:15
2809,1,Fashion Item 2809,180.66,357,2025-04-23T21:36:30
2810,3,Home Decor Item 2810,408.5,404,2025-05-22T20:47:15
2811,3,Home Decor Item 2811,139.63,449,2025-03-10T11:00:55
2812,4,Misc Item 2812,128.14,189,2025-07-08T16:21:26
2813,4,Misc Item 2813,480.56,118,2025-04-22T05:31:25
2814,3,Home Decor Item 2814,304.14,319,2025-03-01T16:04:39
2815,2,Electronic Item 2815,285.64,248,2024-12-21T00:34:53
2816,4,Misc Item 2816,97.07,268,2025-05-13T00:12:18
2817,2,Electronic Item 2817,68.76,196,2025-04-27T16:25:37
2818,2,Electronic Item 2818,92.58,456,2025-06-03T17:11:55
2819,3,Home Decor Item 2819,368.34,126,2025-08-08T19:15:00
2820,2,Electronic Item 2820,234.68,253,2025-04-10T08:40:50
2821,1,Fashion Item 2821,65.1,130,2025-03-04T00:38:12
2822,4,Misc Item 2822,407.48,48,2025-06-12T23:38:10
2823,1,Fashion Item 2823,67.4,5,2025-11-12T06:45:44
2824,1,Fashion Item 2824,489.55,357,2025-04-02T16:23:59
2825,4,Misc Item 2825,155.96,333,2024-12-23T22:39:53
2826,3,Home Decor Item 2826,284.19,111,2025-06-27T02:37:10
2827,1,Fashion Item 2827,451.06,431,2025-02-21T13:48:30
2828,2,Electronic Item 2828,417.25,196,2025-06-28T01:06:22
2829,1,Fashion Item 2829,484.96,332,2025-09-11T04:53:54
2830,1,Fashion Item 2830,119.9,291,2025-03-23T15:23:25
2831,2,Electronic Item 2831,134.2,463,2025-01-13T16:20:06
2832,4,Misc Item 2832,489.6,17,2024-12-29T17:27:04
2833,4,Misc Item 2833,47.16,337,2025-05-24T21:57:59
2834,2,Electronic Item 2834,207.47,479,2025-03-02T15:14:42
2835,3,Home Decor Item 2835,327.56,375,2025-01-02T20:21:03
2836,3,Home Decor Item 2836,157.14,131,2025-09-27T00:58:31
2837,2,Electronic Item 2837,311.24,435,2025-05-04T03:23:38
2838,2,Electronic Item 2838,102.24,86,2025-10-20T12:51:09
2839,2,Electronic Item 2839,380.0,390,2024-12-23T00:23:37
2840,3,Home Decor Item 2840,373.38,298,2025-01-26T04:20:20
2841,1,Fashion Item 2841,24.96,152,2025-08-24T20:13:18
2842,1,Fashion Item 2842,306.42,399,2025-07-11T12:57:35
2843,3,Home Decor Item 2843,269.6,443,2025-09-22T22:42:48
2844,3,Home Decor Item 2844,237.87,164,2025-10-18T08:46:32
2845,4,Misc Item 2845,345.59,436,2025-05-29T03:39:10
2846,4,Misc Item 2846,87.4,275,2025-01-27T18:17:07
2847,2,Electronic Item 2847,100.33,130,2025-11-08T08:53:43
2848,2,Electronic Item 2848,175.44,278,2025-10-18T03:26:54
2849,1,Fashion Item 2849,401.38,200,2024-12-19T17:36:25
2850,4,Misc Item 2850,28.21,251,2025-03-30T06:49:31
2851,1,Fashion Item 2851,126.69,424,2025-11-20T19:34:57
2852,2,Electronic Item 2852,492.43,389,2025-07-22T08:55:29
2853,1,Fashion Item 2853,272.12,348,2025-08-11T09:29:39
2854,3,Home Decor Item 2854,370.52,20,2025-07-27T12:13:06
2855,3,Home Decor Item 2855,142.96,497,2024-12-07T06:09:26
2856,1,Fashion Item 2856,164.24,311,2024-12-04T18:37:08
2857,3,Home Decor Item 2857,356.1,105,2025-08-14T22:18:15
2858,1,Fashion Item 2858,98.99,239,2025-06-26T21:19:27
2859,3,Home Decor Item 2859,421.01,249,2025-11-05T12:30:55
2860,4,Misc Item 2860,26.07,86,2025-11-06T02:38:45
2861,4,Misc Item 2861,44.04,102,2024-12-14T01:38:04
2862,1,Fashion Item 2862,170.97,141,2025-02-16T18:35:55
2863,1,Fashion Item 2863,202.67,95,2024-12-26T02:34:46
2864,1,Fashion Item 2864,497.13,408,2024-12-12T01:08:12
2865,1,Fashion Item 2865,452.97,347,2025-11-23T13:35:27
2866,3,Home Decor Item 2866,151.65,371,2024-12-05T04:51:31
2867,4,Misc Item 2867,448.22,40,2025-04-14T04:36:37
2868,3,Home Decor Item 2868,412.32,293,2025-06-06T22:02:38
2869,3,Home Decor Item 2869,498.91,67,2025-05-03T00:22:36
2870,4,Misc Item 2870,184.83,499,2025-11-21T01:54:13
2871,3,Home Decor Item 2871,154.1,66,2025-05-19T13:13:21
2872,1,Fashion Item 2872,197.19,205,2025-11-02T18:53:05
2873,1,Fashion Item 2873,200.93,222,2025-11-22T17:25:00
2874,2,Electronic Item 2874,217.32,428,2025-11-22T08:12:35
2875,1,Fashion Item 2875,112.1,22,2025-01-28T02:37:02
2876,2,Electronic Item 2876,75.87,69,2025-11-15T08:46:31
2877,3,Home Decor Item 2877,384.86,235,2025-05-21T10:13:39
2878,4,Misc Item 2878,289.37,422,2025-08-23T16:38:08
2879,2,Electronic Item 2879,269.06,22,2025-09-19T14:02:56
2880,3,Home Decor Item 2880,132.61,139,2025-01-08T09:25:21
2881,3,Home Decor Item 2881,481.51,144,2024-12-06T20:32:07
2882,1,Fashion Item 2882,13.06,287,2025-09-26T10:58:13
2883,2,Electronic Item 2883,267.05,145,2025-07-05T18:54:07
2884,4,Misc Item 2884,300.57,351,2025-05-22T01:29:00
2885,2,Electronic Item 2885,30.9,358,2025-05-02T17:05:31
2886,1,Fashion Item 2886,212.9,71,2025-06-21T11:11:54
2887,1,Fashion Item 2887,227.21,327,2025-09-09T15:34:24
2888,1,Fashion Item 2888,400.89,32,2025-05-23T12:34:27
2889,2,Electronic Item 2889,103.53,2,2025-10-23T14:51:32
2890,4,Misc Item 2890,214.46,414,2025-10-09T19:25:00
2891,1,Fashion Item 2891,222.82,31,2025-05-20T02:13:42
2892,1,Fashion Item 2892,126.42,167,2025-06-22T14:49:05
2893,3,Home Decor Item 2893,484.47,374,2025-05-23T23:08:21
2894,2,Electronic Item 2894,163.06,235,2025-09-24T10:04:23
2895,2,Electronic Item 2895,268.1,222,2025-06-26T16:11:30
2896,2,Electronic Item 2896,65.91,120,2025-08-19T19:11:23
2897,3,Home Decor Item 2897,232.7,280,2025-11-23T17:17:49
2898,4,Misc Item 2898,496.94,355,2025-03-27T13:39:49
2899,1,Fashion Item 2899,7.96,328,2025-10-06T10:24:03
2900,2,Electronic Item 2900,219.08,123,2025-08-08T00:01:05
2901,3,Home Decor Item 2901,110.29,349,2025-09-19T23:15:55
2902,1,Fashion Item 2902,97.09,287,2025-09-19T19:11:37
2903,3,Home Decor Item 2903,467.71,458,2025-04-05T17:13:52
2904,1,Fashion Item 2904,222.45,470,2025-07-28T08:16:43
2905,3,Home Decor Item 2905,28.13,122,2024-12-11T00:17:01
2906,1,Fashion Item 2906,310.34,116,2025-08-29T12:07:36
2907,1,Fashion Item 2907,151.98,337,2025-10-21T08:54:31
2908,4,Misc Item 2908,9.5,344,2025-03-24T18:51:26
2909,1,Fashion Item 2909,138.02,175,2025-09-23T16:45:36
2910,2,Electronic Item 2910,346.41,318,2025-10-22T23:34:41
2911,1,Fashion Item 2911,359.73,201,2025-07-04T21:58:19
2912,1,Fashion Item 2912,380.39,320,2025-09-11T02:15:09
2913,2,Electronic Item 2913,105.86,38,2025-04-28T12:29:31
2914,4,Misc Item 2914,366.41,14,2025-04-15T06:47:51
2915,1,Fashion Item 2915,192.33,17,2025-06-08T08:33:18
2916,1,Fashion Item 2916,147.39,372,2025-11-07T07:36:36
2917,3,Home Decor Item 2917,70.48,253,2025-07-12T06:14:58
2918,3,Home Decor Item 2918,186.58,85,2025-04-21T14:24:50
2919,3,Home Decor Item 2919,217.7,81,2025-11-20T05:27:59
2920,2,Electronic Item 2920,397.96,483,2025-05-04T21:22:14
2921,1,Fashion Item 2921,226.67,161,2025-01-26T13:14:22
2922,2,Electronic Item 2922,112.71,300,2024-12-04T10:08:36
2923,3,Home Decor Item 2923,355.49,431,2025-01-25T04:06:20
2924,1,Fashion Item 2924,371.35,455,2025-06-18T19:30:22
2925,2,Electronic Item 2925,401.22,106,2025-09-14T15:44:34
2926,1,Fashion Item 2926,373.92,499,2025-01-28T21:33:24
2927,1,Fashion Item 2927,360.71,299,2024-12-01T11:29:35
2928,1,Fashion Item 2928,147.72,477,2025-06-06T22:37:22
2929,3,Home Decor Item 2929,95.31,230,2025-04-18T00:58:33
2930,4,Misc Item 2930,153.58,423,2025-01-05T01:02:20
2931,3,Home Decor Item 2931,374.53,356,2025-03-21T04:35:07
2932,4,Misc Item 2932,68.74,230,2025-03-02T07:30:49
2933,1,Fashion Item 2933,275.59,434,2025-07-02T04:28:10
2934,2,Electronic Item 2934,43.13,374,2025-08-16T21:37:25
2935,2,Electronic Item 2935,489.87,306,2025-02-25T21:03:21
2936,1,Fashion Item 2936,217.05,227,2025-01-11T21:07:01
2937,1,Fashion Item 2937,340.74,123,2025-11-25T08:19:01
2938,2,Electronic Item 2938,64.07,429,2025-02-22T04:45:44
2939,2,Electronic Item 2939,70.54,50,2025-04-26T19:10:33
2940,3,Home Decor Item 2940,206.14,142,2025-06-10T12:44:44
2941,1,Fashion Item 2941,377.05,183,2025-03-19T18:06:18
2942,2,Electronic Item 2942,140.93,3,2025-10-31T16:51:15
2943,2,Electronic Item 2943,405.6,413,2025-03-01T02:05:18
2944,2,Electronic Item 2944,210.29,180,2025-07-19T19:05:13
2945,4,Misc Item 2945,431.48,133,2025-10-22T12:16:16
2946,1,Fashion Item 2946,401.83,426,2025-08-15T23:35:01
2947,1,Fashion Item 2947,388.89,428,2025-06-17T13:48:46
2948,2,Electronic Item 2948,479.37,209,2025-08-20T05:15:49
2949,4,Misc Item 2949,258.78,210,2025-10-27T00:36:41
2950,3,Home Decor Item 2950,272.58,376,2025-02-26T22:47:30
2951,3,Home Decor Item 2951,110.23,342,2025-02-04T06:28:55
2952,3,Home Decor Item 2952,240.44,248,2025-02-05T13:11:34
2953,2,Electronic Item 2953,59.21,185,2025-05-11T08:44:09
2954,1,Fashion Item 2954,457.61,237,2025-08-14T18:02:12
2955,1,Fashion Item 2955,257.17,7,2025-02-06T19:12:16
2956,2,Electronic Item 2956,340.03,454,2025-06-07T09:38:35
2957,3,Home Decor Item 2957,218.94,86,2025-01-15T21:47:08
2958,3,Home Decor Item 2958,484.88,181,2025-02-28T09:03:39
2959,2,Electronic Item 2959,436.15,239,2025-08-21T19:33:26
2960,1,Fashion Item 2960,373.33,340,2025-04-05T13:46:07
2961,2,Electronic Item 2961,306.78,489,2025-09-29T07:01:40
2962,4,Misc Item 2962,370.22,465,2024-12-10T11:53:35
2963,1,Fashion Item 2963,263.38,370,2025-09-21T08:50:45
2964,3,Home Decor Item 2964,403.96,141,2025-10-03T10:09:00
2965,1,Fashion Item 2965,446.29,15,2025-01-01T17:47:40
2966,1,Fashion Item 2966,212.9,246,2025-06-30T12:07:24
2967,1,Fashion Item 2967,6.23,206,2025-08-25T09:25:44
2968,2,Electronic Item 2968,490.95,271,2025-10-11T13:51:25
2969,1,Fashion Item 2969,77.61,195,2025-05-25T18:32:54
2970,2,Electronic Item 2970,298.89,11,2025-04-26T01:21:41
2971,3,Home Decor Item 2971,113.93,242,2025-09-27T14:31:40
2972,4,Misc Item 2972,442.53,116,2025-03-30T10:03:12
2973,3,Home Decor Item 2973,399.31,500,2025-04-21T19:24:18
2974,1,Fashion Item 2974,444.84,143,2025-04-02T14:39:43
2975,1,Fashion Item 2975,396.58,215,2025-03-17T19:29:32
2976,4,Misc Item 2976,439.87,278,2025-02-23T08:11:33
2977,3,Home Decor Item 2977,234.07,33,2025-05-30T09:41:24
2978,2,Electronic Item 2978,154.74,261,2025-01-19T08:05:17
2979,3,Home Decor Item 2979,109.0,134,2025-02-18T12:17:30
2980,4,Misc Item 2980,479.94,350,2025-03-26T16:24:39
2981,1,Fashion Item 2981,202.58,55,2025-08-27T02:45:14
2982,3,Home Decor Item 2982,275.86,413,2025-02-21T03:17:27
2983,3,Home Decor Item 2983,393.15,50,2025-03-11T02:03:04
2984,1,Fashion Item 2984,203.89,366,2025-01-26T05:35:20
2985,2,Electronic Item 2985,113.63,399,2025-09-12T09:27:39
2986,2,Electronic Item 2986,447.27,114,2025-07-09T12:18:16
2987,2,Electronic Item 2987,229.79,23,2025-07-25T19:24:41
2988,1,Fashion Item 2988,257.96,211,2025-03-06T22:43:15
2989,3,Home Decor Item 2989,11.57,249,2025-04-14T22:19:34
2990,1,Fashion Item 2990,167.99,323,2025-11-05T19:20:04
2991,2,Electronic Item 2991,323.64,268,2025-03-27T08:25:38
2992,3,Home Decor Item 2992,143.68,22,2025-06-20T17:32:16
2993,4,Misc Item 2993,159.12,157,2025-03-25T05:03:06
2994,4,Misc Item 2994,489.0,406,2025-06-15T05:07:52
2995,2,Electronic Item 2995,224.76,166,2025-01-09T16:35:41
2996,3,Home Decor Item 2996,293.48,224,2025-04-10T08:25:33
2997,1,Fashion Item 2997,486.89,411,2025-01-09T21:12:06
2998,1,Fashion Item 2998,488.28,294,2025-06-30T06:01:21
2999,3,Home Decor Item 2999,216.5,152,2025-11-16T04:30:21
3000,2,Electronic Item 3000,380.4,259,2024-12-23T23:20:20
3001,4,Misc Item 3001,186.2,361,2025-09-05T09:01:34
3002,1,Fashion Item 3002,256.98,492,2025-02-13T23:20:11
3003,1,Fashion Item 3003,187.3,361,2024-12-23T19:50:38
3004,1,Fashion Item 3004,153.54,192,2025-05-21T04:24:43
3005,2,Electronic Item 3005,293.62,408,2025-05-12T06:03:02
3006,1,Fashion Item 3006,195.23,241,2024-11-28T21:39:12
3007,1,Fashion Item 3007,317.93,182,2025-02-21T20:36:13
3008,1,Fashion Item 3008,466.29,475,2025-01-19T02:44:23
3009,1,Fashion Item 3009,11.5,82,2025-09-04T04:07:21
3010,2,Electronic Item 3010,278.15,330,2025-07-04T03:19:23
3011,3,Home Decor Item 3011,196.37,455,2025-10-28T09:24:46
3012,3,Home Decor Item 3012,147.46,376,2025-09-22T09:23:16
3013,1,Fashion Item 3013,320.28,123,2025-08-16T05:52:45
3014,4,Misc Item 3014,375.81,294,2024-12-31T09:37:08
3015,1,Fashion Item 3015,445.89,212,2025-05-17T14:27:04
3016,4,Misc Item 3016,209.86,487,2025-10-19T06:52:07
3017,3,Home Decor Item 3017,458.06,142,2025-08-30T05:45:20
3018,1,Fashion Item 3018,350.98,112,2025-07-12T08:34:42
3019,1,Fashion Item 3019,494.34,371,2025-04-16T15:30:31
3020,2,Electronic Item 3020,310.51,8,2025-10-09T13:39:09
3021,1,Fashion Item 3021,319.65,141,2025-05-05T02:32:36
3022,2,Electronic Item 3022,109.59,397,2025-06-01T04:38:30
3023,4,Misc Item 3023,219.97,157,2025-09-16T17:12:03
3024,2,Electronic Item 3024,126.93,384,2025-09-22T17:06:07
3025,2,Electronic Item 3025,376.47,376,2025-01-01T17:02:14
3026,3,Home Decor Item 3026,321.48,248,2024-12-11T14:57:06
3027,1,Fashion Item 3027,27.27,110,2025-02-19T19:08:58
3028,1,Fashion Item 3028,365.66,106,2025-07-11T20:25:03
3029,2,Electronic Item 3029,94.38,466,2025-02-25T22:35:48
3030,3,Home Decor Item 3030,478.57,33,2025-07-20T17:46:21
3031,2,Electronic Item 3031,243.69,297,2025-08-18T01:30:18
3032,1,Fashion Item 3032,391.93,234,2025-03-02T12:05:52
3033,1,Fashion Item 3033,71.34,352,2025-11-22T20:22:56
3034,1,Fashion Item 3034,223.2,333,2025-04-18T15:27:08
3035,1,Fashion Item 3035,266.53,191,2025-03-15T05:02:40
3036,4,Misc Item 3036,47.46,105,2025-02-02T03:51:13
3037,4,Misc Item 3037,128.83,221,2025-03-25T11:26:58
3038,2,Electronic Item 3038,472.92,7,2025-03-23T10:57:10
3039,1,Fashion Item 3039,309.49,207,2025-01-07T11:49:36
3040,1,Fashion Item 3040,381.69,429,2025-10-30T16:07:17
3041,1,Fashion Item 3041,216.77,296,2024-12-25T23:43:01
3042,2,Electronic Item 3042,135.32,361,2025-08-19T06:28:40
3043,1,Fashion Item 3043,31.84,490,2025-03-14T15:12:15
3044,4,Misc Item 3044,14.34,167,2025-09-18T00:47:57
3045,1,Fashion Item 3045,395.19,13,2025-05-04T16:02:14
3046,1,Fashion Item 3046,131.77,378,2025-01-29T10:18:06
3047,4,Misc Item 3047,203.89,457,2025-07-22T23:25:48
3048,1,Fashion Item 3048,72.63,19,2025-11-10T19:17:24
3049,1,Fashion Item 3049,92.17,190,2025-05-18T01:49:55
3050,4,Misc Item 3050,61.37,106,2025-07-18T11:28:27
3051,1,Fashion Item 3051,55.01,116,2025-01-03T00:34:36
3052,4,Misc Item 3052,62.79,109,2025-09-06T22:03:59
3053,3,Home Decor Item 3053,208.8,145,2025-06-10T02:19:37
3054,1,Fashion Item 3054,403.06,312,2025-04-14T15:19:59
3055,2,Electronic Item 3055,217.87,98,2025-07-13T00:35:34
3056,4,Misc Item 3056,127.52,384,2025-04-08T07:44:36
3057,1,Fashion Item 3057,288.56,326,2025-01-10T17:47:49
3058,3,Home Decor Item 3058,181.32,427,2025-10-10T18:44:26
3059,2,Electronic Item 3059,169.6,433,2025-10-24T21:11:00
3060,2,Electronic Item 3060,126.91,327,2025-03-11T04:43:03
3061,1,Fashion Item 3061,239.0,189,2025-08-06T21:50:59
3062,1,Fashion Item 3062,439.69,398,2025-07-11T16:35:06
3063,3,Home Decor Item 3063,172.34,287,2025-02-02T16:04:43
3064,3,Home Decor Item 3064,81.28,103,2024-11-29T16:47:14
3065,1,Fashion Item 3065,240.04,80,2025-01-02T14:15:36
3066,1,Fashion Item 3066,110.19,337,2025-07-03T15:57:56
3067,1,Fashion Item 3067,290.99,211,2025-10-06T16:36:13
3068,2,Electronic Item 3068,297.17,121,2025-01-15T08:46:17
3069,2,Electronic Item 3069,180.47,114,2024-12-17T12:42:55
3070,4,Misc Item 3070,260.06,100,2024-12-06T14:06:21
3071,1,Fashion Item 3071,251.07,106,2025-03-30T02:09:39
3072,3,Home Decor Item 3072,388.63,395,2025-11-25T03:26:57
3073,4,Misc Item 3073,452.4,9,2025-02-16T01:49:42
3074,2,Electronic Item 3074,63.32,62,2025-07-03T16:25:26
3075,3,Home Decor Item 3075,223.8,94,2025-06-14T07:31:57
3076,2,Electronic Item 3076,352.75,176,2025-05-03T23:27:19
3077,2,Electronic Item 3077,375.29,299,2025-01-29T07:57:48
3078,2,Electronic Item 3078,288.47,258,2024-12-22T04:00:48
3079,2,Electronic Item 3079,455.97,367,2025-06-30T10:16:25
3080,2,Electronic Item 3080,494.84,13,2025-04-30T10:52:22
3081,1,Fashion Item 3081,59.91,53,2025-05-12T03:00:42
3082,1,Fashion Item 3082,389.15,126,2025-02-09T09:01:06
3083,3,Home Decor Item 3083,45.25,115,2025-07-31T21:00:49
3084,3,Home Decor Item 3084,330.11,105,2024-12-10T20:57:38
3085,3,Home Decor Item 3085,275.02,353,2025-07-15T03:41:49
3086,2,Electronic Item 3086,112.17,37,2025-07-21T11:06:07
3087,1,Fashion Item 3087,145.05,335,2024-11-28T09:25:50
3088,1,Fashion Item 3088,159.22,460,2025-09-06T05:30:57
3089,4,Misc Item 3089,463.29,206,2025-02-22T05:43:21
3090,1,Fashion Item 3090,76.47,488,2025-08-16T21:32:11
3091,1,Fashion Item 3091,134.26,79,2025-10-27T23:17:40
3092,2,Electronic Item 3092,349.2,289,2024-12-19T03:25:19
3093,1,Fashion Item 3093,274.05,30,2025-10-17T19:07:46
3094,3,Home Decor Item 3094,62.42,448,2025-09-19T03:21:50
3095,4,Misc Item 3095,155.21,237,2024-12-20T06:45:59
3096,1,Fashion Item 3096,64.02,430,2025-02-26T14:11:52
3097,4,Misc Item 3097,467.27,38,2025-01-19T23:09:49
3098,3,Home Decor Item 3098,187.41,194,2025-06-29T15:18:53
3099,1,Fashion Item 3099,320.39,154,2025-01-17T02:52:28
3100,1,Fashion Item 3100,322.5,60,2025-06-01T20:35:04
3101,1,Fashion Item 3101,171.08,169,2025-10-31T15:57:38
3102,4,Misc Item 3102,96.85,34,2025-05-02T10:58:33
3103,1,Fashion Item 3103,499.18,89,2024-12-26T12:50:01
3104,1,Fashion Item 3104,184.83,249,2025-10-24T13:56:13
3105,2,Electronic Item 3105,457.88,183,2025-04-22T16:42:29
3106,4,Misc Item 3106,300.95,29,2025-11-11T17:28:46
3107,2,Electronic Item 3107,177.19,339,2025-05-05T23:20:33
3108,1,Fashion Item 3108,77.09,94,2025-04-11T07:41:20
3109,2,Electronic Item 3109,70.97,334,2025-05-25T16:10:27
3110,2,Electronic Item 3110,8.96,11,2024-12-23T05:21:49
3111,4,Misc Item 3111,60.06,113,2025-11-24T17:09:29
3112,1,Fashion Item 3112,394.79,262,2025-04-14T03:11:15
3113,2,Electronic Item 3113,301.76,344,2025-07-11T03:16:18
3114,1,Fashion Item 3114,238.5,86,2025-08-20T12:39:51
3115,4,Misc Item 3115,331.5,71,2025-08-02T01:43:23
3116,1,Fashion Item 3116,81.74,6,2025-02-25T20:48:42
3117,2,Electronic Item 3117,182.17,310,2025-01-28T09:14:31
3118,1,Fashion Item 3118,24.31,384,2025-02-16T21:09:59
3119,1,Fashion Item 3119,445.5,52,2024-12-02T02:43:10
3120,3,Home Decor Item 3120,473.12,160,2025-08-19T19:19:13
3121,1,Fashion Item 3121,323.35,303,2025-09-21T06:38:40
3122,2,Electronic Item 3122,468.32,184,2025-03-21T10:39:39
3123,2,Electronic Item 3123,19.46,474,2025-02-24T06:17:50
3124,1,Fashion Item 3124,147.41,443,2024-11-27T18:55:45
3125,2,Electronic Item 3125,436.44,64,2025-03-11T03:26:32
3126,2,Electronic Item 3126,400.93,147,2025-01-10T02:13:49
3127,1,Fashion Item 3127,257.42,284,2025-01-18T22:47:39
3128,3,Home Decor Item 3128,251.37,467,2025-02-13T07:31:53
3129,2,Electronic Item 3129,294.67,59,2024-12-21T01:36:39
3130,2,Electronic Item 3130,452.93,227,2025-07-21T22:12:05
3131,1,Fashion Item 3131,408.09,282,2025-06-14T18:22:52
3132,2,Electronic Item 3132,156.5,393,2025-11-16T11:05:24
3133,4,Misc Item 3133,5.33,214,2025-01-22T15:16:12
3134,2,Electronic Item 3134,80.85,311,2025-02-21T15:17:54
3135,3,Home Decor Item 3135,197.31,215,2025-04-05T22:09:49
3136,2,Electronic Item 3136,26.4,204,2025-06-18T01:41:02
3137,4,Misc Item 3137,212.04,286,2025-10-22T20:02:34
3138,2,Electronic Item 3138,319.33,262,2025-07-06T23:50:36
3139,2,Electronic Item 3139,84.56,313,2025-05-07T20:09:18
3140,3,Home Decor Item 3140,251.95,465,2025-08-26T19:09:33
3141,3,Home Decor Item 3141,123.99,72,2025-07-22T00:35:03
3142,1,Fashion Item 3142,229.91,64,2025-06-23T02:53:46
3143,4,Misc Item 3143,202.17,55,2025-06-12T11:27:35
3144,2,Electronic Item 3144,423.69,299,2025-11-12T16:56:09
3145,3,Home Decor Item 3145,12.4,142,2025-09-03T17:29:28
3146,1,Fashion Item 3146,76.48,406,2025-06-06T09:05:09
3147,4,Misc Item 3147,424.92,164,2025-01-03T11:20:30
3148,1,Fashion Item 3148,143.37,466,2025-09-16T08:53:32
3149,4,Misc Item 3149,346.63,307,2025-10-11T14:48:28
3150,2,Electronic Item 3150,475.88,307,2025-09-17T02:09:10
3151,2,Electronic Item 3151,273.08,393,2025-08-29T02:34:57
3152,2,Electronic Item 3152,450.42,195,2025-01-21T23:16:49
3153,1,Fashion Item 3153,67.47,181,2025-11-10T23:04:44
3154,2,Electronic Item 3154,252.56,154,2025-02-27T17:52:41
3155,1,Fashion Item 3155,52.13,299,2025-11-03T03:03:18
3156,1,Fashion Item 3156,311.4,250,2025-01-21T13:11:03
3157,1,Fashion Item 3157,324.83,94,2024-11-29T09:44:30
3158,2,Electronic Item 3158,96.18,174,2025-05-18T20:42:02
3159,3,Home Decor Item 3159,180.18,307,2025-06-22T06:50:01
3160,1,Fashion Item 3160,146.4,399,2025-06-03T23:00:55
3161,1,Fashion Item 3161,195.61,321,2025-04-01T13:58:33
3162,1,Fashion Item 3162,191.54,225,2025-07-02T22:00:03
3163,2,Electronic Item 3163,472.77,180,2025-08-18T08:33:29
3164,2,Electronic Item 3164,251.98,496,2025-04-25T15:20:23
3165,1,Fashion Item 3165,238.11,458,2025-04-27T04:29:15
3166,2,Electronic Item 3166,411.58,331,2025-06-15T13:33:50
3167,3,Home Decor Item 3167,399.59,319,2025-10-28T01:14:52
3168,2,Electronic Item 3168,314.9,348,2025-04-15T06:02:52
3169,2,Electronic Item 3169,106.23,125,2025-09-19T01:25:10
3170,1,Fashion Item 3170,181.09,79,2025-10-22T01:53:48
3171,2,Electronic Item 3171,186.98,112,2025-03-18T03:52:21
3172,2,Electronic Item 3172,100.32,20,2025-11-12T22:00:32
3173,2,Electronic Item 3173,271.25,464,2024-12-06T01:30:59
3174,1,Fashion Item 3174,133.53,176,2025-01-24T06:56:26
3175,2,Electronic Item 3175,108.3,497,2025-03-26T11:25:51
3176,3,Home Decor Item 3176,104.84,349,2025-03-17T15:53:46
3177,4,Misc Item 3177,460.08,71,2025-11-06T03:29:30
3178,3,Home Decor Item 3178,20.02,198,2025-05-31T00:57:51
3179,2,Electronic Item 3179,433.57,448,2025-08-06T17:29:44
3180,1,Fashion Item 3180,143.43,482,2025-06-03T22:53:28
3181,3,Home Decor Item 3181,160.44,384,2025-05-13T08:34:58
3182,2,Electronic Item 3182,296.4,81,2025-09-03T20:46:36
3183,3,Home Decor Item 3183,15.73,208,2025-01-11T01:53:44
3184,4,Misc Item 3184,212.31,196,2025-02-26T18:46:11
3185,3,Home Decor Item 3185,31.85,215,2025-09-23T14:38:14
3186,2,Electronic Item 3186,119.55,163,2024-12-03T06:07:48
3187,1,Fashion Item 3187,439.28,443,2025-09-18T04:16:02
3188,1,Fashion Item 3188,434.99,336,2025-05-21T06:45:51
3189,1,Fashion Item 3189,249.25,281,2024-12-09T06:41:44
3190,3,Home Decor Item 3190,234.5,449,2025-09-17T17:19:18
3191,2,Electronic Item 3191,105.79,332,2025-01-18T11:38:15
3192,2,Electronic Item 3192,341.91,484,2025-09-14T22:04:31
3193,3,Home Decor Item 3193,82.25,28,2025-02-09T21:06:10
3194,2,Electronic Item 3194,384.14,227,2025-11-20T16:31:34
3195,1,Fashion Item 3195,74.61,441,2025-03-05T15:24:02
3196,1,Fashion Item 3196,73.47,406,2025-09-11T05:56:16
3197,2,Electronic Item 3197,137.87,198,2025-07-20T11:08:53
3198,2,Electronic Item 3198,228.42,295,2025-05-16T06:05:17
3199,2,Electronic Item 3199,251.89,378,2025-01-05T03:47:58
3200,4,Misc Item 3200,321.86,129,2025-01-20T20:30:32
3201,1,Fashion Item 3201,492.76,469,2025-04-26T20:43:52
3202,1,Fashion Item 3202,97.96,133,2025-01-12T17:28:00
3203,2,Electronic Item 3203,413.31,496,2025-11-27T04:06:13
3204,2,Electronic Item 3204,240.22,402,2025-02-28T07:32:18
3205,1,Fashion Item 3205,264.34,260,2025-02-04T07:39:39
3206,2,Electronic Item 3206,35.32,31,2025-07-10T22:06:45
3207,2,Electronic Item 3207,256.94,38,2024-12-10T23:08:50
3208,2,Electronic Item 3208,56.0,263,2024-12-31T23:00:49
3209,1,Fashion Item 3209,255.31,100,2025-11-05T08:11:14
3210,2,Electronic Item 3210,162.29,144,2025-04-12T02:55:07
3211,1,Fashion Item 3211,50.15,474,2025-01-20T05:34:07
3212,2,Electronic Item 3212,305.12,355,2025-02-13T07:24:32
3213,2,Electronic Item 3213,57.82,264,2025-05-11T15:28:31
3214,1,Fashion Item 3214,287.79,423,2025-05-13T14:57:23
3215,3,Home Decor Item 3215,84.12,33,2025-03-29T05:24:20
3216,4,Misc Item 3216,270.47,191,2025-08-21T21:37:04
3217,2,Electronic Item 3217,213.88,225,2024-12-01T01:27:49
3218,2,Electronic Item 3218,123.51,126,2025-02-03T07:02:03
3219,1,Fashion Item 3219,203.09,72,2025-10-09T13:52:45
3220,1,Fashion Item 3220,168.47,416,2025-07-12T15:26:16
3221,2,Electronic Item 3221,107.97,417,2025-08-16T06:41:17
3222,1,Fashion Item 3222,450.97,236,2025-08-27T13:29:01
3223,1,Fashion Item 3223,39.47,189,2024-11-29T04:41:38
3224,4,Misc Item 3224,188.46,153,2025-04-23T03:02:45
3225,3,Home Decor Item 3225,236.22,97,2025-11-23T11:26:18
3226,4,Misc Item 3226,421.97,327,2025-04-07T22:46:35
3227,3,Home Decor Item 3227,237.23,470,2025-09-29T02:31:21
3228,1,Fashion Item 3228,348.18,246,2024-12-27T12:34:29
3229,3,Home Decor Item 3229,35.43,226,2025-10-16T01:35:31
3230,1,Fashion Item 3230,151.13,148,2025-03-21T23:02:12
3231,3,Home Decor Item 3231,347.41,228,2025-04-01T03:30:11
3232,4,Misc Item 3232,340.54,298,2025-01-07T13:38:19
3233,2,Electronic Item 3233,306.91,179,2025-05-06T16:15:49
3234,1,Fashion Item 3234,306.65,348,2025-05-17T11:50:40
3235,3,Home Decor Item 3235,12.96,314,2024-11-26T17:34:27
3236,4,Misc Item 3236,493.27,194,2024-12-12T17:39:04
3237,2,Electronic Item 3237,478.81,93,2025-09-23T03:42:37
3238,4,Misc Item 3238,353.19,234,2025-11-16T17:44:56
3239,3,Home Decor Item 3239,213.56,390,2025-09-29T18:44:30
3240,1,Fashion Item 3240,472.62,19,2024-12-03T03:25:17
3241,3,Home Decor Item 3241,455.22,214,2025-11-23T05:48:16
3242,2,Electronic Item 3242,360.3,342,2025-07-16T13:51:27
3243,4,Misc Item 3243,459.66,104,2025-08-06T19:19:18
3244,2,Electronic Item 3244,447.74,307,2025-08-24T02:59:54
3245,2,Electronic Item 3245,50.19,129,2025-05-14T22:05:43
3246,2,Electronic Item 3246,145.4,425,2025-07-28T01:15:07
3247,4,Misc Item 3247,475.11,354,2025-09-16T06:59:17
3248,2,Electronic Item 3248,390.45,72,2025-06-21T16:37:12
3249,4,Misc Item 3249,298.16,85,2025-03-17T02:14:36
3250,1,Fashion Item 3250,22.02,450,2024-12-16T06:58:21
3251,3,Home Decor Item 3251,47.75,341,2025-05-18T06:17:14
3252,1,Fashion Item 3252,412.83,253,2025-09-29T16:20:10
3253,4,Misc Item 3253,349.56,101,2025-07-29T19:15:45
3254,2,Electronic Item 3254,357.82,426,2025-08-17T06:27:17
3255,3,Home Decor Item 3255,296.72,269,2025-01-26T09:29:29
3256,3,Home Decor Item 3256,405.72,158,2025-02-28T05:17:24
3257,1,Fashion Item 3257,476.16,33,2025-06-08T11:07:32
3258,2,Electronic Item 3258,30.03,378,2025-08-02T05:07:33
3259,2,Electronic Item 3259,211.49,45,2025-07-25T15:43:23
3260,4,Misc Item 3260,17.24,403,2025-10-16T01:48:50
3261,2,Electronic Item 3261,177.65,442,2025-02-07T19:53:16
3262,3,Home Decor Item 3262,424.17,446,2025-06-02T22:54:10
3263,1,Fashion Item 3263,177.68,280,2025-08-10T22:01:15
3264,2,Electronic Item 3264,105.39,229,2025-01-14T12:34:44
3265,2,Electronic Item 3265,493.78,382,2025-06-23T01:49:42
3266,2,Electronic Item 3266,207.05,442,2025-05-28T07:20:36
3267,2,Electronic Item 3267,245.48,245,2024-12-09T03:20:40
3268,2,Electronic Item 3268,449.48,336,2025-02-28T11:09:52
3269,2,Electronic Item 3269,265.35,340,2024-12-20T17:54:21
3270,2,Electronic Item 3270,389.09,327,2025-09-05T14:10:45
3271,1,Fashion Item 3271,215.43,222,2025-04-13T12:10:58
3272,2,Electronic Item 3272,201.56,486,2025-05-08T19:05:43
3273,4,Misc Item 3273,303.1,456,2024-11-26T11:20:36
3274,1,Fashion Item 3274,293.95,413,2025-06-17T10:19:49
3275,1,Fashion Item 3275,313.13,245,2025-04-03T01:22:42
3276,2,Electronic Item 3276,17.34,429,2025-08-22T10:38:31
3277,1,Fashion Item 3277,19.52,37,2024-11-28T20:19:54
3278,1,Fashion Item 3278,473.88,198,2025-06-11T13:20:36
3279,2,Electronic Item 3279,476.93,71,2025-01-28T18:05:23
3280,2,Electronic Item 3280,223.49,331,2025-09-29T19:41:45
3281,1,Fashion Item 3281,327.49,396,2025-11-05T06:45:52
3282,1,Fashion Item 3282,353.48,92,2025-03-04T14:38:27
3283,1,Fashion Item 3283,234.21,25,2025-01-10T22:26:35
3284,2,Electronic Item 3284,13.92,52,2025-09-11T18:32:53
3285,2,Electronic Item 3285,418.63,18,2025-03-19T20:54:08
3286,2,Electronic Item 3286,323.35,176,2025-09-12T00:19:39
3287,2,Electronic Item 3287,109.36,60,2025-01-06T10:30:19
3288,4,Misc Item 3288,11.75,487,2025-03-16T07:39:37
3289,4,Misc Item 3289,407.13,402,2025-08-30T16:54:35
3290,1,Fashion Item 3290,403.44,231,2025-05-24T22:12:49
3291,4,Misc Item 3291,350.16,167,2025-03-19T03:34:22
3292,2,Electronic Item 3292,333.36,305,2025-05-22T16:04:05
3293,3,Home Decor Item 3293,273.66,252,2025-08-12T17:44:50
3294,1,Fashion Item 3294,168.5,33,2025-07-06T17:03:29
3295,2,Electronic Item 3295,437.63,101,2024-12-20T21:10:40
3296,2,Electronic Item 3296,428.79,338,2025-05-30T07:04:43
3297,1,Fashion Item 3297,211.16,253,2025-08-08T15:06:55
3298,2,Electronic Item 3298,123.97,15,2024-12-22T14:08:56
3299,2,Electronic Item 3299,462.53,461,2025-01-19T20:20:17
3300,2,Electronic Item 3300,403.07,287,2025-08-07T07:00:24
3301,4,Misc Item 3301,365.76,305,2024-12-08T18:38:44
3302,1,Fashion Item 3302,363.41,156,2025-06-17T04:45:15
3303,2,Electronic Item 3303,268.35,205,2025-04-04T00:54:32
3304,1,Fashion Item 3304,90.25,388,2025-01-22T23:46:54
3305,2,Electronic Item 3305,457.77,250,2025-09-15T09:25:53
3306,3,Home Decor Item 3306,175.95,321,2024-12-11T06:44:56
3307,2,Electronic Item 3307,170.87,179,2025-10-01T18:01:18
3308,3,Home Decor Item 3308,319.83,153,2025-06-05T06:04:48
3309,1,Fashion Item 3309,174.99,452,2025-10-25T01:51:09
3310,3,Home Decor Item 3310,344.9,350,2025-07-30T22:46:30
3311,1,Fashion Item 3311,399.76,371,2025-10-07T02:51:26
3312,2,Electronic Item 3312,141.01,444,2025-09-02T16:19:10
3313,3,Home Decor Item 3313,78.75,222,2024-12-16T17:04:36
3314,1,Fashion Item 3314,30.3,186,2025-03-18T22:47:16
3315,1,Fashion Item 3315,174.4,41,2025-07-17T07:54:56
3316,2,Electronic Item 3316,165.47,40,2025-03-27T19:50:20
3317,3,Home Decor Item 3317,113.86,232,2024-12-05T05:47:07
3318,1,Fashion Item 3318,423.37,212,2025-04-07T23:38:56
3319,2,Electronic Item 3319,498.86,71,2025-10-13T19:21:53
3320,3,Home Decor Item 3320,382.44,382,2025-09-02T15:26:05
3321,1,Fashion Item 3321,132.48,60,2025-03-10T07:04:31
3322,1,Fashion Item 3322,312.61,30,2025-04-23T10:07:59
3323,1,Fashion Item 3323,396.1,120,2025-01-14T09:09:40
3324,3,Home Decor Item 3324,470.81,159,2025-06-09T05:44:25
3325,4,Misc Item 3325,66.9,346,2024-12-01T15:40:34
3326,3,Home Decor Item 3326,54.48,88,2025-08-08T20:42:51
3327,1,Fashion Item 3327,175.36,479,2025-10-11T06:58:54
3328,1,Fashion Item 3328,187.8,417,2025-07-25T16:19:58
3329,4,Misc Item 3329,76.65,89,2025-07-29T03:01:30
3330,1,Fashion Item 3330,184.1,189,2025-04-14T17:08:20
3331,1,Fashion Item 3331,168.96,302,2025-11-14T20:32:17
3332,2,Electronic Item 3332,355.09,331,2025-06-26T21:52:02
3333,1,Fashion Item 3333,398.79,453,2025-11-07T07:08:31
3334,2,Electronic Item 3334,340.71,54,2025-06-16T06:20:53
3335,2,Electronic Item 3335,474.62,479,2025-04-01T08:53:51
3336,3,Home Decor Item 3336,455.3,109,2025-09-05T12:22:57
3337,3,Home Decor Item 3337,366.92,250,2025-08-01T08:24:09
3338,2,Electronic Item 3338,450.45,402,2025-06-15T14:48:24
3339,2,Electronic Item 3339,244.6,395,2025-11-13T17:51:11
3340,3,Home Decor Item 3340,246.23,226,2025-01-01T20:17:28
3341,2,Electronic Item 3341,102.27,130,2025-07-09T19:21:09
3342,1,Fashion Item 3342,389.18,193,2025-03-05T22:02:17
3343,4,Misc Item 3343,373.66,158,2025-01-04T18:19:04
3344,2,Electronic Item 3344,253.98,231,2025-05-08T05:12:13
3345,1,Fashion Item 3345,304.27,368,2025-08-13T20:58:42
3346,3,Home Decor Item 3346,152.31,35,2025-02-26T01:36:01
3347,1,Fashion Item 3347,444.89,425,2025-02-19T02:06:41
3348,1,Fashion Item 3348,376.42,51,2025-07-25T22:01:08
3349,1,Fashion Item 3349,158.7,76,2025-11-26T03:20:08
3350,2,Electronic Item 3350,121.84,16,2025-02-18T23:45:04
3351,2,Electronic Item 3351,363.21,326,2025-04-30T22:49:51
3352,2,Electronic Item 3352,339.98,348,2025-10-13T07:18:42
3353,2,Electronic Item 3353,235.6,261,2025-01-27T19:46:22
3354,1,Fashion Item 3354,26.16,181,2025-09-22T03:58:54
3355,3,Home Decor Item 3355,483.43,467,2025-11-22T14:17:36
3356,4,Misc Item 3356,18.65,334,2024-12-18T11:30:45
3357,1,Fashion Item 3357,232.1,270,2025-05-21T03:58:36
3358,2,Electronic Item 3358,400.28,155,2025-05-25T21:28:25
3359,2,Electronic Item 3359,310.33,176,2025-06-06T16:44:33
3360,2,Electronic Item 3360,251.77,120,2025-04-16T14:40:46
3361,2,Electronic Item 3361,210.56,72,2025-04-23T22:09:58
3362,1,Fashion Item 3362,203.85,424,2025-05-15T14:52:51
3363,2,Electronic Item 3363,249.74,234,2025-10-07T23:48:06
3364,3,Home Decor Item 3364,412.47,23,2025-09-04T01:50:01
3365,3,Home Decor Item 3365,480.9,154,2025-06-27T16:41:17
3366,1,Fashion Item 3366,113.11,151,2024-12-14T02:54:07
3367,2,Electronic Item 3367,52.9,152,2025-08-29T08:07:25
3368,1,Fashion Item 3368,117.25,307,2025-05-07T11:33:31
3369,1,Fashion Item 3369,18.47,128,2025-05-12T19:31:13
3370,2,Electronic Item 3370,451.69,474,2025-11-15T23:02:33
3371,3,Home Decor Item 3371,119.51,14,2025-07-07T11:12:56
3372,2,Electronic Item 3372,117.37,431,2025-10-17T18:22:47
3373,3,Home Decor Item 3373,354.94,485,2025-01-27T02:47:12
3374,2,Electronic Item 3374,301.16,143,2025-10-26T05:19:58
3375,3,Home Decor Item 3375,344.37,296,2025-10-10T03:56:21
3376,1,Fashion Item 3376,66.42,98,2025-11-17T03:44:14
3377,3,Home Decor Item 3377,387.47,484,2025-05-05T07:11:04
3378,3,Home Decor Item 3378,265.28,373,2025-03-05T07:01:58
3379,2,Electronic Item 3379,227.15,307,2025-10-28T19:25:41
3380,2,Electronic Item 3380,59.64,279,2025-05-01T18:41:56
3381,3,Home Decor Item 3381,278.68,273,2024-12-23T03:12:33
3382,2,Electronic Item 3382,248.8,323,2024-12-11T19:30:48
3383,4,Misc Item 3383,104.06,48,2025-09-01T09:12:35
3384,3,Home Decor Item 3384,227.07,91,2025-04-29T03:09:36
3385,1,Fashion Item 3385,457.36,259,2025-10-22T03:41:40
3386,2,Electronic Item 3386,346.42,302,2024-12-30T09:46:42
3387,4,Misc Item 3387,87.51,24,2025-09-29T23:22:48
3388,1,Fashion Item 3388,495.6,178,2025-08-23T00:40:13
3389,3,Home Decor Item 3389,347.07,215,2025-09-26T22:06:34
3390,1,Fashion Item 3390,23.13,434,2025-11-03T19:37:09
3391,1,Fashion Item 3391,337.91,307,2025-05-28T20:09:05
3392,2,Electronic Item 3392,174.16,215,2025-07-29T09:09:42
3393,2,Electronic Item 3393,142.83,375,2025-08-07T08:56:28
3394,3,Home Decor Item 3394,446.53,54,2025-04-16T21:00:29
3395,1,Fashion Item 3395,440.89,34,2025-01-08T21:40:23
3396,4,Misc Item 3396,452.78,54,2024-12-02T00:17:23
3397,3,Home Decor Item 3397,65.15,277,2025-05-08T22:25:48
3398,1,Fashion Item 3398,107.92,395,2025-02-15T21:45:34
3399,1,Fashion Item 3399,112.73,26,2025-01-22T22:05:57
3400,2,Electronic Item 3400,263.05,377,2025-06-07T08:17:08
3401,2,Electronic Item 3401,332.49,185,2025-02-03T11:19:17
3402,1,Fashion Item 3402,366.04,287,2025-01-18T08:52:59
3403,2,Electronic Item 3403,319.85,456,2025-08-22T18:57:30
3404,2,Electronic Item 3404,37.94,105,2025-08-08T08:17:16
3405,2,Electronic Item 3405,241.72,69,2025-09-26T13:29:23
3406,4,Misc Item 3406,354.64,92,2025-06-24T02:05:43
3407,3,Home Decor Item 3407,472.82,48,2024-12-09T08:28:08
3408,3,Home Decor Item 3408,35.36,344,2025-07-25T00:11:38
3409,4,Misc Item 3409,51.6,278,2025-10-06T07:18:02
3410,1,Fashion Item 3410,151.78,497,2025-02-16T21:03:56
3411,1,Fashion Item 3411,143.36,413,2025-05-23T06:39:24
3412,2,Electronic Item 3412,352.27,480,2025-10-12T02:37:35
3413,1,Fashion Item 3413,171.5,140,2025-11-22T08:36:57
3414,1,Fashion Item 3414,179.02,317,2025-02-23T08:20:53
3415,1,Fashion Item 3415,158.97,325,2025-09-19T19:59:51
3416,2,Electronic Item 3416,413.2,197,2025-10-20T04:21:10
3417,1,Fashion Item 3417,163.16,136,2025-08-26T09:52:56
3418,2,Electronic Item 3418,91.38,245,2025-05-15T17:01:46
3419,4,Misc Item 3419,214.6,88,2025-09-02T10:10:32
3420,1,Fashion Item 3420,194.94,291,2025-07-22T03:32:31
3421,2,Electronic Item 3421,13.04,318,2025-07-31T19:47:55
3422,2,Electronic Item 3422,78.65,1,2025-05-17T15:27:45
3423,1,Fashion Item 3423,99.7,412,2025-06-26T12:05:08
3424,4,Misc Item 3424,132.39,241,2025-05-22T03:11:25
3425,4,Misc Item 3425,130.93,19,2025-03-12T15:05:52
3426,1,Fashion Item 3426,128.3,287,2025-08-28T16:57:09
3427,1,Fashion Item 3427,227.63,104,2025-06-06T06:07:58
3428,1,Fashion Item 3428,380.76,286,2025-01-06T11:52:45
3429,4,Misc Item 3429,460.98,431,2025-01-08T06:37:21
3430,3,Home Decor Item 3430,304.5,491,2025-04-24T20:36:20
3431,3,Home Decor Item 3431,237.81,168,2025-11-04T21:30:26
3432,1,Fashion Item 3432,382.2,408,2025-01-29T18:32:10
3433,1,Fashion Item 3433,141.01,145,2025-01-18T07:26:15
3434,2,Electronic Item 3434,219.65,230,2025-01-29T11:18:10
3435,2,Electronic Item 3435,57.71,358,2025-01-03T06:06:47
3436,1,Fashion Item 3436,134.13,225,2025-10-16T03:58:54
3437,3,Home Decor Item 3437,134.05,487,2025-04-12T03:11:12
3438,2,Electronic Item 3438,365.31,0,2024-12-27T18:35:29
3439,2,Electronic Item 3439,14.9,49,2025-05-14T13:01:55
3440,4,Misc Item 3440,343.13,104,2025-07-04T23:22:08
3441,2,Electronic Item 3441,167.19,452,2025-07-07T19:07:09
3442,3,Home Decor Item 3442,207.22,362,2025-02-04T22:34:25
3443,3,Home Decor Item 3443,375.95,135,2025-08-27T10:29:53
3444,4,Misc Item 3444,401.76,63,2025-06-27T05:42:40
3445,1,Fashion Item 3445,431.79,439,2025-07-26T11:18:07
3446,2,Electronic Item 3446,90.35,192,2025-06-25T12:12:11
3447,3,Home Decor Item 3447,128.44,331,2025-07-02T10:03:43
3448,3,Home Decor Item 3448,101.95,262,2025-05-31T22:53:11
3449,3,Home Decor Item 3449,425.83,72,2025-04-16T10:55:29
3450,4,Misc Item 3450,307.14,106,2025-11-26T20:13:15
3451,4,Misc Item 3451,452.33,250,2025-04-05T18:10:12
3452,1,Fashion Item 3452,112.04,167,2025-04-29T01:34:58
3453,1,Fashion Item 3453,155.5,144,2025-08-10T08:01:37
3454,2,Electronic Item 3454,300.89,382,2025-07-24T22:27:12
3455,3,Home Decor Item 3455,79.52,113,2025-05-21T14:54:45
3456,2,Electronic Item 3456,113.82,63,2025-04-12T19:56:51
3457,2,Electronic Item 3457,216.86,345,2025-04-30T01:58:30
3458,2,Electronic Item 3458,160.02,21,2025-03-11T08:33:32
3459,3,Home Decor Item 3459,136.16,253,2025-05-19T08:35:40
3460,4,Misc Item 3460,420.46,364,2025-06-09T01:53:11
3461,2,Electronic Item 3461,232.55,129,2025-11-12T22:11:03
3462,2,Electronic Item 3462,240.28,12,2025-07-15T01:27:04
3463,2,Electronic Item 3463,44.86,305,2025-04-13T18:09:12
3464,1,Fashion Item 3464,378.42,392,2025-08-12T07:11:39
3465,3,Home Decor Item 3465,323.46,23,2025-02-07T20:48:37
3466,2,Electronic Item 3466,364.36,76,2025-07-26T20:20:46
3467,2,Electronic Item 3467,479.5,170,2024-12-26T06:59:40
3468,1,Fashion Item 3468,94.25,102,2024-12-16T02:11:07
3469,2,Electronic Item 3469,458.13,343,2025-11-21T05:34:58
3470,4,Misc Item 3470,287.46,40,2025-10-23T04:44:28
3471,2,Electronic Item 3471,377.96,185,2025-04-26T04:05:27
3472,2,Electronic Item 3472,297.83,204,2025-06-20T03:59:52
3473,3,Home Decor Item 3473,162.55,110,2025-04-11T20:50:58
3474,2,Electronic Item 3474,215.4,47,2025-03-10T07:31:06
3475,3,Home Decor Item 3475,143.93,236,2025-02-01T15:56:13
3476,2,Electronic Item 3476,77.89,314,2025-11-18T17:20:51
3477,1,Fashion Item 3477,302.2,191,2025-11-18T11:44:41
3478,3,Home Decor Item 3478,352.18,354,2025-08-01T06:47:30
3479,2,Electronic Item 3479,454.59,437,2025-11-18T19:26:04
3480,1,Fashion Item 3480,269.84,89,2025-09-09T04:28:50
3481,1,Fashion Item 3481,438.46,272,2025-05-12T17:13:48
3482,1,Fashion Item 3482,434.47,109,2025-02-17T09:24:49
3483,3,Home Decor Item 3483,252.67,85,2025-07-16T14:20:59
3484,1,Fashion Item 3484,167.02,134,2025-07-06T03:10:08
3485,4,Misc Item 3485,116.84,258,2025-03-25T07:26:04
3486,4,Misc Item 3486,270.95,382,2024-12-12T16:07:51
3487,4,Misc Item 3487,432.94,245,2025-06-26T03:26:45
3488,4,Misc Item 3488,459.74,39,2025-03-14T00:04:55
3489,2,Electronic Item 3489,190.07,136,2025-04-26T19:20:06
3490,1,Fashion Item 3490,312.89,269,2025-02-24T17:38:44
3491,2,Electronic Item 3491,303.15,175,2025-01-12T08:21:15
3492,1,Fashion Item 3492,443.67,406,2025-10-20T00:42:15
3493,2,Electronic Item 3493,261.82,454,2025-10-01T17:12:17
3494,1,Fashion Item 3494,271.33,482,2025-10-08T09:31:46
3495,2,Electronic Item 3495,359.66,21,2025-10-29T23:47:03
3496,4,Misc Item 3496,98.59,65,2024-12-01T08:50:02
3497,4,Misc Item 3497,55.88,311,2025-05-21T10:00:58
3498,4,Misc Item 3498,424.26,430,2025-01-31T03:13:26
3499,2,Electronic Item 3499,81.6,463,2025-08-20T20:10:32
3500,3,Home Decor Item 3500,48.62,127,2025-10-15T18:49:23
3501,3,Home Decor Item 3501,476.37,164,2025-08-05T05:30:13
3502,1,Fashion Item 3502,223.27,45,2024-12-19T03:17:21
3503,2,Electronic Item 3503,276.77,339,2025-06-19T19:16:51
3504,1,Fashion Item 3504,401.11,166,2025-06-25T02:33:57
3505,2,Electronic Item 3505,53.65,208,2025-01-16T09:09:09
3506,1,Fashion Item 3506,156.86,42,2025-01-15T03:10:26
3507,4,Misc Item 3507,375.37,328,2025-05-16T08:30:02
3508,1,Fashion Item 3508,378.11,430,2024-12-02T11:45:22
3509,1,Fashion Item 3509,371.33,207,2025-02-26T01:46:31
3510,1,Fashion Item 3510,46.44,415,2025-03-16T17:58:03
3511,3,Home Decor Item 3511,286.4,195,2025-09-14T05:48:49
3512,2,Electronic Item 3512,466.54,44,2025-11-26T06:31:06
3513,1,Fashion Item 3513,400.83,324,2025-01-06T18:07:06
3514,2,Electronic Item 3514,230.65,360,2025-08-16T01:10:27
3515,4,Misc Item 3515,332.2,467,2025-07-13T10:34:33
3516,3,Home Decor Item 3516,130.77,97,2025-02-15T14:03:47
3517,1,Fashion Item 3517,170.67,461,2025-11-04T18:51:55
3518,3,Home Decor Item 3518,77.97,323,2025-03-07T16:22:49
3519,2,Electronic Item 3519,90.88,478,2025-08-25T21:22:43
3520,3,Home Decor Item 3520,443.77,134,2025-04-10T16:23:28
3521,1,Fashion Item 3521,291.89,131,2025-10-15T07:49:10
3522,2,Electronic Item 3522,481.65,132,2025-08-15T05:38:20
3523,2,Electronic Item 3523,180.44,412,2025-09-19T22:53:35
3524,2,Electronic Item 3524,463.74,226,2025-05-15T18:16:04
3525,2,Electronic Item 3525,122.64,105,2025-05-11T06:55:47
3526,1,Fashion Item 3526,464.1,431,2025-01-29T06:05:05
3527,2,Electronic Item 3527,9.52,143,2025-03-25T09:28:26
3528,4,Misc Item 3528,44.42,295,2025-01-16T06:21:42
3529,1,Fashion Item 3529,65.02,369,2025-07-18T11:57:08
3530,3,Home Decor Item 3530,282.26,486,2025-02-08T20:22:13
3531,1,Fashion Item 3531,405.4,374,2025-11-02T17:45:16
3532,1,Fashion Item 3532,123.49,183,2025-10-10T16:02:16
3533,3,Home Decor Item 3533,169.03,113,2025-09-23T06:59:03
3534,4,Misc Item 3534,380.77,206,2025-01-10T11:40:23
3535,2,Electronic Item 3535,332.11,303,2025-09-02T17:32:27
3536,4,Misc Item 3536,83.63,463,2025-09-03T11:23:21
3537,2,Electronic Item 3537,81.36,191,2025-08-12T05:24:13
3538,1,Fashion Item 3538,269.91,152,2024-12-13T15:32:38
3539,2,Electronic Item 3539,307.35,204,2025-07-07T19:07:43
3540,4,Misc Item 3540,368.36,294,2025-06-13T09:59:38
3541,1,Fashion Item 3541,119.37,325,2025-08-17T03:58:06
3542,3,Home Decor Item 3542,356.01,307,2025-01-10T01:08:50
3543,1,Fashion Item 3543,355.73,494,2025-07-09T03:45:22
3544,4,Misc Item 3544,195.96,454,2025-09-07T15:19:14
3545,3,Home Decor Item 3545,420.32,333,2025-09-27T08:27:19
3546,1,Fashion Item 3546,308.5,182,2025-06-18T04:18:14
3547,1,Fashion Item 3547,60.24,206,2025-04-15T11:38:56
3548,4,Misc Item 3548,8.93,414,2025-11-01T10:19:33
3549,3,Home Decor Item 3549,410.0,31,2025-10-01T16:30:19
3550,3,Home Decor Item 3550,167.0,243,2024-12-28T07:38:49
3551,1,Fashion Item 3551,143.98,277,2025-08-08T19:48:26
3552,2,Electronic Item 3552,278.88,290,2025-01-09T11:59:39
3553,3,Home Decor Item 3553,477.68,411,2025-01-06T12:29:41
3554,1,Fashion Item 3554,153.51,2,2025-10-21T18:46:32
3555,2,Electronic Item 3555,441.17,204,2025-05-06T13:13:46
3556,1,Fashion Item 3556,211.33,8,2025-06-03T22:00:05
3557,1,Fashion Item 3557,445.81,248,2025-07-13T16:15:15
3558,1,Fashion Item 3558,169.72,105,2025-05-08T20:02:24
3559,1,Fashion Item 3559,346.98,363,2025-02-28T18:12:56
3560,3,Home Decor Item 3560,185.39,21,2025-09-01T03:48:38
3561,3,Home Decor Item 3561,425.65,332,2024-12-25T23:00:14
3562,2,Electronic Item 3562,438.0,281,2025-09-17T03:40:13
3563,2,Electronic Item 3563,112.68,310,2025-05-21T16:26:41
3564,1,Fashion Item 3564,375.45,1,2025-04-12T10:29:29
3565,3,Home Decor Item 3565,415.92,42,2024-12-20T10:26:25
3566,2,Electronic Item 3566,190.45,35,2025-09-09T10:04:33
3567,3,Home Decor Item 3567,303.99,84,2025-06-06T23:25:22
3568,2,Electronic Item 3568,93.03,388,2024-12-17T22:01:12
3569,3,Home Decor Item 3569,240.56,225,2025-04-13T15:06:29
3570,2,Electronic Item 3570,184.01,155,2025-01-17T21:20:09
3571,1,Fashion Item 3571,384.09,274,2025-03-30T06:59:37
3572,4,Misc Item 3572,401.35,89,2025-09-16T06:49:33
3573,2,Electronic Item 3573,473.57,355,2025-07-26T20:03:24
3574,2,Electronic Item 3574,234.59,63,2025-11-01T05:11:06
3575,2,Electronic Item 3575,233.86,439,2025-08-01T20:26:49
3576,1,Fashion Item 3576,447.74,134,2024-12-06T11:23:16
3577,2,Electronic Item 3577,185.81,492,2025-03-15T18:39:43
3578,1,Fashion Item 3578,138.83,494,2025-01-06T13:09:47
3579,2,Electronic Item 3579,438.39,191,2025-04-01T23:07:55
3580,4,Misc Item 3580,270.52,494,2025-05-20T18:11:51
3581,2,Electronic Item 3581,300.91,426,2025-03-22T17:44:19
3582,2,Electronic Item 3582,26.93,403,2025-02-28T21:21:58
3583,1,Fashion Item 3583,110.64,376,2024-12-26T07:41:29
3584,1,Fashion Item 3584,235.18,128,2025-05-05T09:20:11
3585,1,Fashion Item 3585,489.64,342,2025-01-28T13:06:51
3586,2,Electronic Item 3586,358.25,292,2025-06-06T05:24:13
3587,2,Electronic Item 3587,145.28,365,2025-05-05T05:34:23
3588,1,Fashion Item 3588,413.2,51,2025-11-18T04:05:22
3589,3,Home Decor Item 3589,24.46,53,2025-04-17T05:38:21
3590,2,Electronic Item 3590,247.0,221,2024-12-03T09:10:23
3591,1,Fashion Item 3591,53.44,462,2024-12-02T01:14:24
3592,2,Electronic Item 3592,391.39,340,2025-02-18T09:36:37
3593,3,Home Decor Item 3593,179.71,101,2025-04-21T13:11:57
3594,3,Home Decor Item 3594,299.2,23,2025-03-22T04:49:08
3595,1,Fashion Item 3595,47.26,109,2025-07-31T18:20:50
3596,2,Electronic Item 3596,41.83,97,2025-11-02T08:56:48
3597,2,Electronic Item 3597,158.33,314,2025-08-02T15:11:12
3598,1,Fashion Item 3598,357.57,372,2025-02-09T15:50:54
3599,4,Misc Item 3599,137.67,493,2025-11-15T23:47:11
3600,4,Misc Item 3600,338.4,116,2025-05-24T08:01:34
3601,2,Electronic Item 3601,80.92,422,2025-11-14T12:13:16
3602,4,Misc Item 3602,336.35,121,2025-03-30T09:23:41
3603,1,Fashion Item 3603,255.76,390,2025-03-04T16:42:41
3604,1,Fashion Item 3604,67.5,65,2025-08-19T00:52:13
3605,1,Fashion Item 3605,83.74,193,2025-10-16T02:59:01
3606,3,Home Decor Item 3606,405.96,442,2025-06-23T16:34:00
3607,4,Misc Item 3607,316.44,139,2025-05-17T17:22:05
3608,2,Electronic Item 3608,410.39,143,2025-07-04T04:08:28
3609,3,Home Decor Item 3609,345.33,340,2024-12-05T18:26:57
3610,1,Fashion Item 3610,483.35,351,2025-06-07T01:39:59
3611,3,Home Decor Item 3611,112.11,428,2025-04-21T12:14:45
3612,4,Misc Item 3612,469.85,133,2025-05-16T02:01:24
3613,4,Misc Item 3613,134.21,267,2025-07-25T23:42:08
3614,1,Fashion Item 3614,34.53,49,2025-10-02T00:12:10
3615,4,Misc Item 3615,10.65,0,2025-03-11T13:23:08
3616,2,Electronic Item 3616,244.04,374,2025-02-07T06:32:18
3617,2,Electronic Item 3617,58.66,278,2025-07-28T13:59:31
3618,2,Electronic Item 3618,244.18,334,2025-03-25T04:31:55
3619,2,Electronic Item 3619,25.69,279,2025-03-03T12:07:51
3620,3,Home Decor Item 3620,55.97,199,2025-02-05T22:49:37
3621,2,Electronic Item 3621,152.2,168,2025-05-05T21:34:37
3622,1,Fashion Item 3622,308.37,205,2025-11-08T19:10:00
3623,2,Electronic Item 3623,456.3,407,2025-02-09T05:42:53
3624,1,Fashion Item 3624,69.69,416,2024-12-24T02:45:17
3625,1,Fashion Item 3625,39.23,442,2025-05-19T10:35:00
3626,2,Electronic Item 3626,274.69,296,2025-05-10T14:00:34
3627,1,Fashion Item 3627,480.56,472,2025-07-24T04:29:04
3628,3,Home Decor Item 3628,391.57,174,2025-08-31T16:18:14
3629,2,Electronic Item 3629,368.81,387,2025-11-14T10:53:01
3630,3,Home Decor Item 3630,259.63,72,2025-01-22T22:28:47
3631,3,Home Decor Item 3631,414.64,98,2024-12-12T08:17:35
3632,2,Electronic Item 3632,443.27,167,2025-10-14T13:26:47
3633,2,Electronic Item 3633,112.75,353,2024-11-30T18:21:23
3634,3,Home Decor Item 3634,155.61,464,2025-10-13T01:26:32
3635,2,Electronic Item 3635,186.98,487,2025-01-05T09:42:01
3636,1,Fashion Item 3636,114.17,413,2025-01-22T14:24:04
3637,1,Fashion Item 3637,245.54,13,2025-08-21T05:44:03
3638,4,Misc Item 3638,447.16,155,2025-10-21T02:12:21
3639,1,Fashion Item 3639,51.15,200,2025-07-20T11:13:51
3640,1,Fashion Item 3640,226.87,286,2025-07-18T02:43:30
3641,2,Electronic Item 3641,433.51,223,2025-10-27T06:34:53
3642,1,Fashion Item 3642,471.16,335,2024-11-26T09:32:48
3643,3,Home Decor Item 3643,321.33,241,2025-07-29T05:17:57
3644,3,Home Decor Item 3644,362.67,231,2025-06-09T12:43:24
3645,1,Fashion Item 3645,5.16,277,2025-07-06T11:30:19
3646,3,Home Decor Item 3646,491.69,371,2025-08-08T02:39:39
3647,1,Fashion Item 3647,173.75,148,2025-09-04T13:18:51
3648,3,Home Decor Item 3648,360.47,153,2025-03-27T15:51:58
3649,2,Electronic Item 3649,496.65,242,2025-05-10T19:45:27
3650,3,Home Decor Item 3650,178.79,174,2025-04-05T01:28:01
3651,1,Fashion Item 3651,343.15,107,2025-06-28T12:28:02
3652,3,Home Decor Item 3652,292.09,311,2025-03-12T21:32:10
3653,3,Home Decor Item 3653,10.65,222,2025-05-16T09:26:14
3654,1,Fashion Item 3654,262.1,476,2025-05-01T10:58:34
3655,4,Misc Item 3655,445.73,224,2025-01-25T17:17:06
3656,3,Home Decor Item 3656,106.53,289,2025-05-03T01:40:08
3657,4,Misc Item 3657,404.91,472,2025-04-14T04:23:00
3658,4,Misc Item 3658,380.85,183,2025-09-25T02:11:22
3659,1,Fashion Item 3659,397.52,208,2025-02-23T07:08:33
3660,1,Fashion Item 3660,100.33,482,2025-07-27T05:02:03
3661,1,Fashion Item 3661,192.65,403,2025-05-06T05:55:15
3662,3,Home Decor Item 3662,341.63,1,2025-05-06T08:38:31
3663,2,Electronic Item 3663,440.58,165,2025-09-16T09:07:19
3664,2,Electronic Item 3664,125.01,366,2025-11-03T05:43:17
3665,2,Electronic Item 3665,414.87,172,2025-07-02T11:33:51
3666,1,Fashion Item 3666,481.11,323,2025-03-06T06:33:58
3667,2,Electronic Item 3667,158.95,73,2025-03-01T06:41:17
3668,2,Electronic Item 3668,496.71,496,2025-09-20T17:37:41
3669,2,Electronic Item 3669,485.61,217,2025-02-18T11:37:31
3670,1,Fashion Item 3670,94.31,117,2025-01-29T02:11:16
3671,4,Misc Item 3671,458.94,17,2025-10-10T08:17:51
3672,4,Misc Item 3672,461.64,487,2025-01-27T09:55:36
3673,2,Electronic Item 3673,389.48,81,2025-03-06T12:49:32
3674,1,Fashion Item 3674,82.97,158,2025-02-09T17:43:57
3675,2,Electronic Item 3675,334.93,200,2025-06-21T19:59:07
3676,1,Fashion Item 3676,381.32,277,2025-02-14T12:28:48
3677,1,Fashion Item 3677,43.9,21,2025-08-27T11:43:59
3678,3,Home Decor Item 3678,79.28,10,2025-09-13T01:07:35
3679,1,Fashion Item 3679,444.29,184,2025-06-27T17:34:36
3680,1,Fashion Item 3680,251.65,70,2024-12-25T04:26:31
3681,2,Electronic Item 3681,70.15,238,2025-06-16T07:14:56
3682,1,Fashion Item 3682,342.07,292,2025-04-11T21:43:00
3683,1,Fashion Item 3683,362.05,28,2025-03-25T11:27:38
3684,1,Fashion Item 3684,288.57,190,2025-03-12T12:57:31
3685,2,Electronic Item 3685,355.07,5,2025-04-23T05:08:24
3686,2,Electronic Item 3686,299.24,117,2025-09-19T16:18:40
3687,3,Home Decor Item 3687,268.1,256,2024-12-02T03:17:33
3688,2,Electronic Item 3688,362.57,289,2025-04-19T12:51:06
3689,1,Fashion Item 3689,68.92,37,2025-02-08T02:09:53
3690,2,Electronic Item 3690,361.83,64,2025-07-28T22:39:51
3691,3,Home Decor Item 3691,416.51,294,2024-12-30T23:43:30
3692,2,Electronic Item 3692,56.05,274,2025-01-07T17:22:51
3693,2,Electronic Item 3693,109.45,309,2024-12-31T14:46:16
3694,1,Fashion Item 3694,14.6,403,2025-04-02T18:45:13
3695,4,Misc Item 3695,481.77,468,2025-08-25T20:02:09
3696,2,Electronic Item 3696,83.43,66,2025-06-02T09:01:51
3697,1,Fashion Item 3697,39.69,153,2024-12-27T09:59:03
3698,1,Fashion Item 3698,462.38,222,2024-11-29T14:08:08
3699,1,Fashion Item 3699,319.5,101,2025-01-08T18:26:57
3700,2,Electronic Item 3700,86.57,498,2025-05-18T17:44:48
3701,4,Misc Item 3701,377.58,435,2025-06-22T22:48:41
3702,2,Electronic Item 3702,287.82,390,2025-08-03T21:05:06
3703,2,Electronic Item 3703,67.05,241,2025-02-02T15:40:36
3704,3,Home Decor Item 3704,285.97,4,2025-01-24T04:31:37
3705,2,Electronic Item 3705,68.09,450,2025-09-02T16:09:32
3706,1,Fashion Item 3706,134.54,78,2025-11-10T22:53:00
3707,1,Fashion Item 3707,381.43,367,2025-07-12T08:00:10
3708,1,Fashion Item 3708,124.65,483,2024-11-29T02:47:07
3709,2,Electronic Item 3709,456.16,132,2025-03-20T18:58:18
3710,4,Misc Item 3710,318.9,267,2025-07-14T02:20:25
3711,4,Misc Item 3711,307.36,377,2025-07-10T14:35:54
3712,1,Fashion Item 3712,271.66,124,2024-12-30T19:09:42
3713,4,Misc Item 3713,243.24,244,2025-10-15T18:04:27
3714,3,Home Decor Item 3714,87.25,393,2025-09-04T19:57:25
3715,1,Fashion Item 3715,26.14,103,2025-09-14T08:53:30
3716,3,Home Decor Item 3716,319.9,221,2025-06-26T14:25:11
3717,1,Fashion Item 3717,228.55,250,2025-07-22T19:05:40
3718,3,Home Decor Item 3718,145.65,328,2025-07-23T02:22:27
3719,3,Home Decor Item 3719,376.21,376,2025-04-19T14:47:55
3720,4,Misc Item 3720,116.19,100,2025-06-23T22:30:20
3721,1,Fashion Item 3721,427.57,378,2024-12-18T09:26:36
3722,1,Fashion Item 3722,237.06,355,2025-08-05T18:44:56
3723,3,Home Decor Item 3723,413.87,50,2025-08-05T21:57:24
3724,1,Fashion Item 3724,316.39,429,2024-12-14T23:20:35
3725,2,Electronic Item 3725,55.23,91,2025-09-09T20:15:04
3726,2,Electronic Item 3726,271.67,97,2024-11-26T14:13:29
3727,1,Fashion Item 3727,27.19,468,2025-10-20T16:22:06
3728,3,Home Decor Item 3728,166.69,419,2025-11-12T13:10:29
3729,1,Fashion Item 3729,430.3,27,2025-01-30T21:12:37
3730,1,Fashion Item 3730,325.58,351,2024-12-16T20:01:53
3731,1,Fashion Item 3731,298.9,80,2025-05-20T17:22:10
3732,1,Fashion Item 3732,401.39,18,2025-03-23T12:06:16
3733,3,Home Decor Item 3733,412.04,375,2025-06-04T06:08:49
3734,2,Electronic Item 3734,130.69,390,2025-10-22T08:28:41
3735,3,Home Decor Item 3735,429.87,160,2025-05-27T12:51:29
3736,2,Electronic Item 3736,119.15,490,2025-03-08T07:55:12
3737,1,Fashion Item 3737,420.75,220,2025-09-26T15:58:36
3738,3,Home Decor Item 3738,436.94,336,2025-05-24T15:10:25
3739,2,Electronic Item 3739,470.08,160,2025-11-05T20:23:42
3740,2,Electronic Item 3740,331.47,256,2025-05-27T07:10:47
3741,2,Electronic Item 3741,43.29,97,2024-12-10T23:04:02
3742,1,Fashion Item 3742,383.9,19,2025-10-03T05:18:59
3743,3,Home Decor Item 3743,425.54,375,2025-08-08T09:04:54
3744,2,Electronic Item 3744,107.53,143,2025-05-10T07:01:22
3745,2,Electronic Item 3745,61.37,495,2025-03-11T13:41:49
3746,1,Fashion Item 3746,409.56,180,2025-04-25T09:13:40
3747,3,Home Decor Item 3747,194.0,204,2025-02-14T11:23:49
3748,2,Electronic Item 3748,10.96,486,2025-09-08T13:08:44
3749,4,Misc Item 3749,60.57,342,2025-07-01T14:37:58
3750,2,Electronic Item 3750,179.09,144,2025-11-17T13:57:10
3751,4,Misc Item 3751,114.86,393,2025-05-06T08:56:41
3752,1,Fashion Item 3752,131.38,500,2025-07-04T08:48:09
3753,2,Electronic Item 3753,44.32,198,2025-03-25T21:19:54
3754,2,Electronic Item 3754,362.99,230,2025-05-21T04:26:01
3755,4,Misc Item 3755,46.58,155,2025-05-29T15:13:37
3756,3,Home Decor Item 3756,398.82,420,2025-05-05T23:22:42
3757,2,Electronic Item 3757,458.47,335,2025-04-16T23:17:43
3758,1,Fashion Item 3758,266.98,492,2025-06-02T15:19:16
3759,1,Fashion Item 3759,237.51,244,2025-03-25T22:06:50
3760,1,Fashion Item 3760,250.09,285,2025-03-26T02:58:53
3761,3,Home Decor Item 3761,58.33,144,2025-02-19T13:25:45
3762,1,Fashion Item 3762,334.07,70,2025-05-19T20:21:43
3763,3,Home Decor Item 3763,498.41,151,2025-01-29T05:46:54
3764,3,Home Decor Item 3764,295.14,281,2025-08-12T10:14:31
3765,1,Fashion Item 3765,257.45,69,2025-06-21T17:10:43
3766,1,Fashion Item 3766,400.18,395,2025-07-05T21:52:02
3767,1,Fashion Item 3767,292.23,149,2025-08-04T19:31:55
3768,2,Electronic Item 3768,116.88,9,2025-03-20T20:48:08
3769,2,Electronic Item 3769,323.69,160,2025-07-11T15:52:30
3770,2,Electronic Item 3770,348.13,183,2025-10-06T11:55:21
3771,1,Fashion Item 3771,228.91,167,2025-01-07T16:12:22
3772,1,Fashion Item 3772,23.49,114,2025-07-04T05:30:18
3773,2,Electronic Item 3773,424.76,488,2025-10-06T00:12:27
3774,2,Electronic Item 3774,284.11,22,2025-07-16T03:11:56
3775,3,Home Decor Item 3775,255.89,465,2025-11-20T18:39:37
3776,3,Home Decor Item 3776,401.51,435,2025-08-26T23:00:14
3777,3,Home Decor Item 3777,245.53,314,2025-11-09T09:40:16
3778,1,Fashion Item 3778,74.56,200,2025-01-17T19:09:53
3779,1,Fashion Item 3779,81.87,74,2025-09-06T21:28:27
3780,2,Electronic Item 3780,419.01,97,2025-10-21T22:01:40
3781,1,Fashion Item 3781,186.66,115,2025-10-21T02:55:22
3782,2,Electronic Item 3782,193.42,300,2025-09-25T21:19:37
3783,3,Home Decor Item 3783,207.34,196,2025-10-15T06:01:51
3784,4,Misc Item 3784,286.09,381,2025-09-25T03:12:43
3785,3,Home Decor Item 3785,192.29,336,2024-12-15T09:06:19
3786,2,Electronic Item 3786,278.34,397,2025-08-10T20:23:03
3787,1,Fashion Item 3787,144.05,101,2025-10-22T12:08:54
3788,1,Fashion Item 3788,474.64,175,2025-10-14T22:29:46
3789,2,Electronic Item 3789,295.69,1,2025-06-21T19:34:13
3790,2,Electronic Item 3790,5.67,381,2025-07-10T05:11:03
3791,1,Fashion Item 3791,409.68,234,2025-03-02T23:10:47
3792,1,Fashion Item 3792,405.62,181,2025-05-11T21:01:43
3793,4,Misc Item 3793,80.47,167,2024-12-23T13:43:26
3794,2,Electronic Item 3794,137.53,113,2025-08-09T14:32:56
3795,2,Electronic Item 3795,308.65,496,2025-03-03T14:32:50
3796,1,Fashion Item 3796,57.74,117,2025-05-09T08:32:11
3797,3,Home Decor Item 3797,205.24,153,2025-10-22T06:45:59
3798,2,Electronic Item 3798,405.49,179,2025-07-31T04:32:36
3799,2,Electronic Item 3799,474.24,123,2025-10-14T05:36:18
3800,2,Electronic Item 3800,323.78,151,2025-05-03T03:28:41
3801,2,Electronic Item 3801,197.31,147,2025-11-17T04:41:11
3802,4,Misc Item 3802,203.0,306,2025-06-26T10:28:56
3803,2,Electronic Item 3803,260.8,239,2025-11-20T07:16:15
3804,1,Fashion Item 3804,31.51,456,2025-04-07T13:51:52
3805,2,Electronic Item 3805,475.09,391,2025-08-05T07:07:03
3806,4,Misc Item 3806,299.78,414,2025-08-16T05:34:37
3807,1,Fashion Item 3807,443.06,226,2025-10-03T10:02:03
3808,4,Misc Item 3808,142.63,12,2025-09-01T03:32:37
3809,1,Fashion Item 3809,472.68,414,2025-05-28T18:45:21
3810,1,Fashion Item 3810,120.02,340,2024-12-23T12:01:39
3811,4,Misc Item 3811,463.18,191,2025-09-05T22:35:33
3812,3,Home Decor Item 3812,18.12,108,2025-07-30T17:48:32
3813,1,Fashion Item 3813,348.89,299,2025-02-02T00:21:56
3814,4,Misc Item 3814,111.15,197,2025-09-30T08:35:21
3815,1,Fashion Item 3815,497.25,110,2025-02-09T19:52:31
3816,1,Fashion Item 3816,250.18,370,2025-09-10T23:47:03
3817,3,Home Decor Item 3817,191.18,168,2024-12-23T22:03:14
3818,3,Home Decor Item 3818,197.07,232,2024-12-23T03:33:21
3819,1,Fashion Item 3819,104.38,63,2025-03-25T08:45:06
3820,2,Electronic Item 3820,185.82,286,2025-01-03T03:14:10
3821,2,Electronic Item 3821,67.02,450,2025-09-25T16:46:31
3822,2,Electronic Item 3822,406.68,285,2025-01-18T00:04:45
3823,1,Fashion Item 3823,108.27,303,2025-02-26T09:13:29
3824,4,Misc Item 3824,333.0,321,2024-12-31T18:59:37
3825,1,Fashion Item 3825,437.6,306,2025-07-28T21:48:05
3826,3,Home Decor Item 3826,492.85,203,2025-02-02T01:25:43
3827,1,Fashion Item 3827,312.46,88,2025-05-12T04:58:19
3828,3,Home Decor Item 3828,399.15,56,2024-12-21T04:54:24
3829,2,Electronic Item 3829,423.81,235,2025-08-20T10:28:01
3830,2,Electronic Item 3830,45.54,485,2025-10-13T22:30:47
3831,3,Home Decor Item 3831,258.44,335,2025-08-20T11:35:43
3832,3,Home Decor Item 3832,314.12,391,2024-12-13T10:30:34
3833,3,Home Decor Item 3833,112.94,31,2025-07-14T21:22:10
3834,4,Misc Item 3834,126.28,211,2025-05-25T19:22:52
3835,2,Electronic Item 3835,67.59,36,2025-02-28T11:00:34
3836,2,Electronic Item 3836,376.57,269,2025-05-07T20:27:30
3837,1,Fashion Item 3837,316.7,499,2025-08-05T05:51:55
3838,1,Fashion Item 3838,62.6,321,2025-04-17T08:48:11
3839,1,Fashion Item 3839,314.71,302,2025-10-24T15:51:22
3840,1,Fashion Item 3840,125.69,115,2025-02-05T04:27:27
3841,3,Home Decor Item 3841,488.87,71,2025-02-27T01:29:30
3842,3,Home Decor Item 3842,456.2,89,2025-05-16T08:59:12
3843,3,Home Decor Item 3843,86.88,95,2025-06-20T00:11:14
3844,1,Fashion Item 3844,343.48,142,2025-07-22T07:59:35
3845,2,Electronic Item 3845,436.69,452,2025-09-29T04:12:54
3846,1,Fashion Item 3846,132.46,309,2024-11-29T12:00:00
3847,2,Electronic Item 3847,421.25,162,2024-12-02T18:15:47
3848,3,Home Decor Item 3848,87.62,246,2025-02-28T13:29:12
3849,2,Electronic Item 3849,345.61,8,2024-11-26T21:13:20
3850,1,Fashion Item 3850,209.17,453,2025-05-07T16:31:55
3851,1,Fashion Item 3851,256.82,37,2025-02-26T06:40:44
3852,1,Fashion Item 3852,311.52,290,2025-03-21T13:52:08
3853,4,Misc Item 3853,399.34,100,2025-01-22T17:51:08
3854,3,Home Decor Item 3854,38.39,492,2025-01-02T01:36:21
3855,1,Fashion Item 3855,242.34,110,2025-05-10T14:19:08
3856,1,Fashion Item 3856,180.8,490,2024-12-27T14:03:55
3857,1,Fashion Item 3857,474.3,149,2025-09-05T23:26:56
3858,2,Electronic Item 3858,183.94,489,2025-07-23T05:45:20
3859,2,Electronic Item 3859,87.23,129,2025-01-04T10:35:04
3860,1,Fashion Item 3860,455.01,442,2025-09-01T02:53:43
3861,1,Fashion Item 3861,320.15,117,2025-04-22T18:03:56
3862,1,Fashion Item 3862,6.32,68,2025-11-24T04:35:28
3863,2,Electronic Item 3863,73.17,240,2025-07-21T04:23:53
3864,2,Electronic Item 3864,350.6,390,2025-08-11T08:00:49
3865,1,Fashion Item 3865,367.03,167,2025-05-30T18:50:05
3866,1,Fashion Item 3866,184.9,41,2025-11-10T12:14:08
3867,3,Home Decor Item 3867,385.45,363,2025-09-23T02:13:59
3868,1,Fashion Item 3868,212.08,231,2025-09-20T02:13:35
3869,1,Fashion Item 3869,328.83,118,2025-11-25T23:59:27
3870,4,Misc Item 3870,321.67,101,2025-04-07T18:52:33
3871,4,Misc Item 3871,384.92,72,2025-02-14T05:49:34
3872,3,Home Decor Item 3872,114.45,216,2025-04-22T08:37:59
3873,1,Fashion Item 3873,107.14,0,2025-07-19T17:18:47
3874,4,Misc Item 3874,197.82,223,2025-05-10T21:18:53
3875,1,Fashion Item 3875,275.56,148,2025-06-10T10:48:50
3876,3,Home Decor Item 3876,52.02,208,2025-06-27T01:43:39
3877,2,Electronic Item 3877,295.24,151,2025-10-09T02:35:24
3878,3,Home Decor Item 3878,328.83,493,2025-05-02T08:31:18
3879,3,Home Decor Item 3879,387.55,62,2025-06-12T01:00:34
3880,3,Home Decor Item 3880,70.91,406,2025-02-18T05:10:33
3881,4,Misc Item 3881,325.72,325,2025-06-24T22:22:00
3882,3,Home Decor Item 3882,477.55,435,2024-11-26T19:46:47
3883,3,Home Decor Item 3883,339.8,305,2025-05-25T05:13:19
3884,3,Home Decor Item 3884,409.45,163,2025-03-12T15:04:14
3885,2,Electronic Item 3885,114.42,227,2025-07-08T11:34:16
3886,1,Fashion Item 3886,482.1,410,2025-02-26T12:26:45
3887,1,Fashion Item 3887,274.07,34,2025-06-22T02:08:41
3888,2,Electronic Item 3888,352.75,491,2024-12-07T20:10:55
3889,1,Fashion Item 3889,369.54,180,2025-02-11T16:06:48
3890,2,Electronic Item 3890,305.6,436,2025-10-13T03:01:42
3891,3,Home Decor Item 3891,115.63,362,2025-06-23T18:51:32
3892,4,Misc Item 3892,165.94,444,2024-12-13T03:08:02
3893,1,Fashion Item 3893,287.14,456,2025-05-28T11:36:16
3894,3,Home Decor Item 3894,58.97,178,2024-12-25T00:48:38
3895,2,Electronic Item 3895,263.24,397,2025-05-19T04:42:36
3896,1,Fashion Item 3896,219.15,383,2025-10-22T02:11:37
3897,1,Fashion Item 3897,494.25,253,2025-07-06T16:42:31
3898,3,Home Decor Item 3898,366.61,292,2025-01-21T07:39:22
3899,2,Electronic Item 3899,318.53,475,2025-06-11T16:34:48
3900,2,Electronic Item 3900,245.45,276,2025-03-06T18:04:46
3901,3,Home Decor Item 3901,481.8,287,2025-01-16T12:16:41
3902,3,Home Decor Item 3902,484.73,239,2025-05-08T22:05:11
3903,2,Electronic Item 3903,237.78,254,2025-01-30T20:33:45
3904,2,Electronic Item 3904,450.82,337,2025-07-20T19:38:50
3905,2,Electronic Item 3905,292.86,424,2025-08-31T15:24:41
3906,3,Home Decor Item 3906,174.96,334,2025-07-31T20:05:01
3907,3,Home Decor Item 3907,20.34,409,2025-07-17T21:50:23
3908,4,Misc Item 3908,260.28,488,2025-01-10T07:44:13
3909,3,Home Decor Item 3909,353.5,293,2025-04-21T17:40:30
3910,4,Misc Item 3910,250.96,213,2024-12-21T10:49:10
3911,2,Electronic Item 3911,158.17,421,2025-08-07T19:45:39
3912,1,Fashion Item 3912,224.21,343,2025-10-07T13:57:28
3913,4,Misc Item 3913,344.61,440,2025-08-20T19:24:25
3914,2,Electronic Item 3914,269.63,198,2025-02-02T01:13:02
3915,3,Home Decor Item 3915,253.02,144,2025-11-20T22:19:12
3916,1,Fashion Item 3916,279.39,349,2025-11-05T00:06:15
3917,4,Misc Item 3917,343.27,201,2025-06-18T23:48:10
3918,1,Fashion Item 3918,348.71,363,2025-06-11T02:35:42
3919,1,Fashion Item 3919,299.15,27,2025-08-23T01:50:19
3920,2,Electronic Item 3920,42.04,217,2025-01-17T18:55:04
3921,3,Home Decor Item 3921,160.41,176,2024-12-06T14:29:07
3922,1,Fashion Item 3922,208.48,240,2025-07-22T04:14:31
3923,1,Fashion Item 3923,467.01,184,2025-02-11T20:56:37
3924,1,Fashion Item 3924,84.26,282,2025-02-11T21:50:50
3925,2,Electronic Item 3925,367.55,402,2025-11-19T15:41:13
3926,3,Home Decor Item 3926,56.17,78,2025-09-02T01:28:58
3927,3,Home Decor Item 3927,318.0,186,2025-05-13T20:08:41
3928,1,Fashion Item 3928,7.16,131,2025-05-21T17:27:44
3929,2,Electronic Item 3929,30.27,496,2025-05-02T23:11:44
3930,2,Electronic Item 3930,246.21,275,2025-01-20T19:34:40
3931,1,Fashion Item 3931,207.92,98,2025-02-04T09:03:21
3932,1,Fashion Item 3932,262.18,355,2025-07-24T16:20:54
3933,4,Misc Item 3933,214.92,475,2025-02-12T06:17:27
3934,1,Fashion Item 3934,284.3,191,2025-06-08T06:04:21
3935,3,Home Decor Item 3935,23.38,329,2025-04-05T06:03:30
3936,3,Home Decor Item 3936,90.46,28,2025-08-12T09:39:35
3937,2,Electronic Item 3937,301.57,457,2025-09-05T02:45:15
3938,2,Electronic Item 3938,100.85,121,2024-12-10T22:30:18
3939,1,Fashion Item 3939,460.33,400,2024-12-29T08:44:08
3940,4,Misc Item 3940,116.04,245,2025-10-15T01:06:42
3941,1,Fashion Item 3941,32.55,286,2025-09-24T01:37:56
3942,2,Electronic Item 3942,143.47,232,2025-10-30T19:26:03
3943,1,Fashion Item 3943,368.99,274,2025-04-14T00:51:38
3944,2,Electronic Item 3944,79.61,354,2024-12-23T12:02:36
3945,2,Electronic Item 3945,290.58,27,2025-06-30T21:30:17
3946,2,Electronic Item 3946,291.9,70,2025-07-11T13:02:38
3947,2,Electronic Item 3947,347.84,9,2024-12-30T15:23:30
3948,3,Home Decor Item 3948,132.25,418,2025-06-05T00:28:59
3949,3,Home Decor Item 3949,237.29,280,2025-02-25T21:25:31
3950,2,Electronic Item 3950,241.88,234,2025-10-30T15:07:21
3951,2,Electronic Item 3951,305.3,488,2025-09-09T11:03:10
3952,2,Electronic Item 3952,398.8,69,2025-03-10T01:35:05
3953,3,Home Decor Item 3953,379.17,131,2025-09-26T14:59:33
3954,1,Fashion Item 3954,260.39,217,2025-11-09T18:44:15
3955,2,Electronic Item 3955,10.23,103,2025-10-19T07:34:32
3956,4,Misc Item 3956,484.86,295,2025-05-22T07:46:05
3957,2,Electronic Item 3957,264.23,459,2025-09-25T00:34:51
3958,3,Home Decor Item 3958,122.92,191,2024-12-17T21:05:27
3959,1,Fashion Item 3959,303.95,500,2025-01-15T10:39:59
3960,2,Electronic Item 3960,6.37,359,2025-09-27T13:45:52
3961,3,Home Decor Item 3961,344.15,248,2025-10-05T17:33:38
3962,3,Home Decor Item 3962,32.13,423,2025-07-04T04:48:13
3963,3,Home Decor Item 3963,300.57,231,2024-12-04T01:24:04
3964,3,Home Decor Item 3964,167.12,34,2025-10-12T05:38:58
3965,1,Fashion Item 3965,237.15,417,2025-10-03T12:51:04
3966,1,Fashion Item 3966,92.42,190,2025-11-03T01:30:47
3967,2,Electronic Item 3967,85.92,390,2025-01-10T22:33:44
3968,1,Fashion Item 3968,338.92,317,2025-03-31T17:39:11
3969,1,Fashion Item 3969,233.05,354,2024-12-27T18:46:17
3970,1,Fashion Item 3970,434.2,231,2025-06-21T21:39:38
3971,2,Electronic Item 3971,340.71,315,2025-07-17T07:18:50
3972,1,Fashion Item 3972,145.69,178,2025-08-10T14:52:26
3973,1,Fashion Item 3973,449.55,96,2025-07-27T14:13:36
3974,4,Misc Item 3974,395.76,407,2025-05-08T10:02:43
3975,2,Electronic Item 3975,373.05,461,2025-05-19T06:44:55
3976,2,Electronic Item 3976,48.76,407,2025-04-06T19:57:27
3977,1,Fashion Item 3977,363.18,264,2025-03-12T04:03:10
3978,2,Electronic Item 3978,109.66,419,2025-06-07T12:35:53
3979,3,Home Decor Item 3979,338.55,227,2025-07-19T21:15:20
3980,1,Fashion Item 3980,132.93,391,2025-07-25T19:22:09
3981,1,Fashion Item 3981,62.7,354,2025-10-28T12:03:38
3982,4,Misc Item 3982,128.89,346,2025-04-23T12:17:37
3983,3,Home Decor Item 3983,42.81,182,2025-02-04T15:55:15
3984,3,Home Decor Item 3984,229.71,355,2025-08-17T07:13:37
3985,4,Misc Item 3985,24.74,79,2025-09-12T07:00:56
3986,1,Fashion Item 3986,310.02,485,2025-03-19T02:02:06
3987,1,Fashion Item 3987,413.99,421,2025-02-05T12:05:54
3988,3,Home Decor Item 3988,74.75,32,2025-07-05T13:47:37
3989,2,Electronic Item 3989,196.37,150,2025-08-29T09:39:54
3990,2,Electronic Item 3990,276.08,129,2024-12-12T13:38:58
3991,2,Electronic Item 3991,231.72,255,2025-06-07T11:25:56
3992,3,Home Decor Item 3992,312.64,459,2025-08-26T15:29:32
3993,2,Electronic Item 3993,254.21,332,2025-01-14T14:21:26
3994,4,Misc Item 3994,168.67,142,2025-06-11T12:15:20
3995,3,Home Decor Item 3995,483.41,120,2025-07-08T06:46:04
3996,3,Home Decor Item 3996,292.72,354,2025-08-09T15:46:44
3997,4,Misc Item 3997,220.31,356,2025-04-08T18:48:13
3998,1,Fashion Item 3998,448.43,264,2025-01-23T05:55:56
3999,3,Home Decor Item 3999,266.35,403,2025-06-29T13:30:03
4000,2,Electronic Item 4000,460.96,35,2025-05-26T16:00:38
4001,3,Home Decor Item 4001,352.11,122,2025-10-26T13:58:51
4002,2,Electronic Item 4002,433.86,495,2025-08-01T03:12:16
4003,3,Home Decor Item 4003,227.51,472,2025-06-26T22:08:19
4004,4,Misc Item 4004,92.25,453,2024-12-28T13:00:28
4005,2,Electronic Item 4005,85.17,152,2025-04-07T18:06:07
4006,3,Home Decor Item 4006,57.04,320,2025-10-18T23:17:17
4007,2,Electronic Item 4007,246.69,388,2025-11-02T16:32:18
4008,3,Home Decor Item 4008,152.91,318,2025-03-10T18:51:36
4009,2,Electronic Item 4009,355.78,151,2025-10-17T11:53:08
4010,4,Misc Item 4010,341.93,90,2025-06-07T01:50:38
4011,4,Misc Item 4011,264.04,276,2025-05-15T15:09:57
4012,3,Home Decor Item 4012,308.66,199,2025-01-29T08:52:10
4013,4,Misc Item 4013,421.15,146,2025-04-12T05:36:44
4014,1,Fashion Item 4014,44.23,112,2024-12-17T00:49:21
4015,1,Fashion Item 4015,368.13,442,2025-09-02T23:17:30
4016,4,Misc Item 4016,472.6,267,2025-04-17T20:15:22
4017,4,Misc Item 4017,375.74,279,2025-05-12T01:57:54
4018,1,Fashion Item 4018,76.29,236,2025-05-18T05:51:55
4019,2,Electronic Item 4019,456.82,229,2025-02-12T22:40:36
4020,4,Misc Item 4020,8.59,93,2024-12-21T11:22:25
4021,1,Fashion Item 4021,318.48,416,2025-01-05T17:30:52
4022,4,Misc Item 4022,90.87,488,2024-12-30T02:13:27
4023,2,Electronic Item 4023,384.72,28,2025-07-19T18:53:12
4024,2,Electronic Item 4024,294.09,111,2025-10-27T02:20:31
4025,3,Home Decor Item 4025,67.65,281,2025-06-03T14:36:22
4026,3,Home Decor Item 4026,25.67,372,2025-09-09T18:52:10
4027,2,Electronic Item 4027,364.59,358,2024-12-11T22:48:23
4028,1,Fashion Item 4028,56.61,212,2025-03-27T10:36:36
4029,2,Electronic Item 4029,293.97,326,2025-07-03T16:22:10
4030,2,Electronic Item 4030,394.45,447,2025-06-04T17:05:01
4031,2,Electronic Item 4031,464.08,135,2024-12-18T15:13:21
4032,1,Fashion Item 4032,357.28,319,2025-10-22T00:59:14
4033,2,Electronic Item 4033,235.3,353,2025-04-17T05:52:01
4034,4,Misc Item 4034,123.38,314,2025-07-15T19:32:06
4035,2,Electronic Item 4035,20.73,211,2025-11-14T07:45:38
4036,1,Fashion Item 4036,47.15,483,2025-11-02T22:43:01
4037,3,Home Decor Item 4037,124.46,484,2025-03-13T12:45:45
4038,2,Electronic Item 4038,127.64,217,2025-02-18T08:11:02
4039,3,Home Decor Item 4039,42.47,276,2024-12-18T06:18:27
4040,1,Fashion Item 4040,143.7,413,2025-08-17T19:03:04
4041,1,Fashion Item 4041,329.69,251,2025-09-03T12:18:01
4042,4,Misc Item 4042,186.08,220,2024-12-24T08:18:48
4043,3,Home Decor Item 4043,292.78,459,2025-06-28T18:03:16
4044,2,Electronic Item 4044,188.57,188,2025-11-13T18:26:58
4045,3,Home Decor Item 4045,196.43,288,2024-11-28T07:55:46
4046,4,Misc Item 4046,478.75,146,2025-10-19T10:33:54
4047,4,Misc Item 4047,346.39,67,2024-12-22T17:33:44
4048,4,Misc Item 4048,447.64,396,2025-02-28T07:25:51
4049,2,Electronic Item 4049,160.1,447,2025-10-23T08:42:16
4050,3,Home Decor Item 4050,190.26,151,2024-11-28T20:09:06
4051,1,Fashion Item 4051,404.38,69,2025-03-29T07:57:40
4052,2,Electronic Item 4052,17.73,374,2025-02-20T01:46:17
4053,3,Home Decor Item 4053,184.38,439,2025-07-27T00:38:59
4054,3,Home Decor Item 4054,145.83,146,2025-11-23T00:37:45
4055,1,Fashion Item 4055,323.77,406,2025-11-15T09:57:22
4056,3,Home Decor Item 4056,48.83,282,2025-11-07T17:45:15
4057,2,Electronic Item 4057,161.91,290,2025-10-27T05:56:36
4058,4,Misc Item 4058,48.83,409,2024-12-26T22:18:23
4059,1,Fashion Item 4059,9.04,283,2025-01-27T03:45:25
4060,3,Home Decor Item 4060,366.28,119,2025-07-15T12:38:01
4061,1,Fashion Item 4061,384.73,319,2025-04-20T00:31:08
4062,1,Fashion Item 4062,249.32,148,2025-09-23T02:42:02
4063,3,Home Decor Item 4063,311.53,452,2024-12-05T23:30:09
4064,1,Fashion Item 4064,298.07,156,2025-02-14T05:40:19
4065,2,Electronic Item 4065,324.14,364,2025-10-22T09:51:52
4066,1,Fashion Item 4066,183.43,96,2025-09-28T10:05:14
4067,2,Electronic Item 4067,39.7,111,2025-08-20T19:14:18
4068,1,Fashion Item 4068,479.75,119,2025-04-20T08:07:48
4069,4,Misc Item 4069,487.03,364,2024-12-06T04:24:13
4070,1,Fashion Item 4070,329.32,353,2025-02-19T10:25:06
4071,4,Misc Item 4071,397.63,245,2025-07-02T05:37:16
4072,1,Fashion Item 4072,362.48,400,2025-09-07T06:05:19
4073,2,Electronic Item 4073,217.78,490,2025-03-20T04:08:02
4074,3,Home Decor Item 4074,175.75,423,2025-03-18T14:24:05
4075,3,Home Decor Item 4075,328.24,77,2025-08-04T04:11:01
4076,1,Fashion Item 4076,17.92,100,2024-12-22T12:48:40
4077,1,Fashion Item 4077,486.35,343,2025-10-29T19:26:16
4078,4,Misc Item 4078,381.05,293,2025-01-17T17:07:12
4079,2,Electronic Item 4079,435.47,11,2025-11-20T18:20:55
4080,4,Misc Item 4080,484.08,203,2024-12-10T08:54:38
4081,4,Misc Item 4081,127.67,353,2025-04-05T04:45:55
4082,1,Fashion Item 4082,342.19,267,2025-11-23T05:57:40
4083,1,Fashion Item 4083,29.04,215,2025-08-17T21:50:02
4084,1,Fashion Item 4084,20.16,385,2025-05-03T18:37:48
4085,1,Fashion Item 4085,441.43,277,2024-12-06T11:46:02
4086,1,Fashion Item 4086,170.85,374,2025-11-24T09:53:14
4087,2,Electronic Item 4087,445.22,467,2025-02-23T01:46:33
4088,3,Home Decor Item 4088,181.26,445,2025-09-30T23:13:12
4089,3,Home Decor Item 4089,482.11,470,2025-06-20T12:00:47
4090,2,Electronic Item 4090,273.62,465,2025-08-13T10:58:42
4091,4,Misc Item 4091,421.39,98,2025-09-13T22:09:58
4092,1,Fashion Item 4092,121.52,130,2025-04-16T17:40:01
4093,2,Electronic Item 4093,400.78,264,2025-04-20T13:27:40
4094,1,Fashion Item 4094,384.53,66,2025-11-07T16:20:52
4095,1,Fashion Item 4095,445.68,294,2025-04-14T13:25:06
4096,1,Fashion Item 4096,259.13,2,2025-03-10T03:09:26
4097,1,Fashion Item 4097,44.34,224,2025-08-27T11:06:54
4098,3,Home Decor Item 4098,353.01,456,2025-10-23T04:16:36
4099,1,Fashion Item 4099,459.13,440,2025-08-17T17:16:05
4100,2,Electronic Item 4100,375.43,400,2025-06-09T18:28:57
4101,1,Fashion Item 4101,485.82,465,2025-07-18T00:32:07
4102,2,Electronic Item 4102,377.76,473,2025-07-31T12:43:30
4103,3,Home Decor Item 4103,103.21,449,2024-12-15T20:59:41
4104,3,Home Decor Item 4104,180.32,210,2025-04-24T05:52:47
4105,1,Fashion Item 4105,477.86,329,2025-09-18T01:22:56
4106,4,Misc Item 4106,484.49,192,2025-01-30T13:45:13
4107,3,Home Decor Item 4107,327.56,372,2025-04-13T23:21:45
4108,3,Home Decor Item 4108,438.0,482,2025-02-02T19:05:46
4109,4,Misc Item 4109,294.81,132,2025-11-11T08:54:43
4110,3,Home Decor Item 4110,453.91,16,2025-02-22T02:47:27
4111,4,Misc Item 4111,378.04,484,2025-11-17T22:09:54
4112,2,Electronic Item 4112,98.47,381,2025-03-29T14:03:05
4113,1,Fashion Item 4113,246.07,292,2025-06-10T09:56:13
4114,1,Fashion Item 4114,94.71,488,2025-05-29T21:38:09
4115,2,Electronic Item 4115,168.01,70,2025-10-14T13:35:36
4116,2,Electronic Item 4116,88.44,3,2025-11-21T02:50:11
4117,2,Electronic Item 4117,226.18,138,2025-06-23T14:08:25
4118,2,Electronic Item 4118,120.95,345,2025-09-27T16:01:16
4119,3,Home Decor Item 4119,214.17,465,2025-03-08T08:51:29
4120,1,Fashion Item 4120,225.25,238,2025-02-16T03:09:25
4121,2,Electronic Item 4121,172.23,207,2025-10-19T22:12:24
4122,1,Fashion Item 4122,144.51,357,2025-07-03T00:35:52
4123,3,Home Decor Item 4123,394.65,454,2025-02-22T23:34:08
4124,3,Home Decor Item 4124,430.43,337,2025-03-20T10:01:57
4125,1,Fashion Item 4125,73.57,453,2025-06-13T17:08:51
4126,4,Misc Item 4126,238.81,423,2025-10-15T18:29:03
4127,3,Home Decor Item 4127,433.33,491,2025-04-02T05:33:26
4128,1,Fashion Item 4128,362.16,1,2025-03-22T09:55:14
4129,1,Fashion Item 4129,153.84,205,2025-07-18T21:39:15
4130,4,Misc Item 4130,499.68,438,2025-03-13T22:08:40
4131,2,Electronic Item 4131,155.2,374,2025-06-25T13:06:07
4132,2,Electronic Item 4132,275.58,333,2025-06-08T00:11:51
4133,2,Electronic Item 4133,149.73,345,2025-03-18T14:13:48
4134,2,Electronic Item 4134,444.24,323,2025-09-12T18:31:16
4135,4,Misc Item 4135,82.63,384,2024-12-29T10:43:08
4136,3,Home Decor Item 4136,206.06,292,2025-02-01T04:43:26
4137,3,Home Decor Item 4137,78.46,220,2025-05-26T23:31:21
4138,2,Electronic Item 4138,207.88,206,2024-12-19T11:38:27
4139,3,Home Decor Item 4139,98.51,381,2025-03-31T06:34:22
4140,2,Electronic Item 4140,406.32,249,2025-03-06T04:42:38
4141,3,Home Decor Item 4141,211.37,365,2024-12-01T15:05:54
4142,1,Fashion Item 4142,251.86,430,2024-12-01T05:38:40
4143,1,Fashion Item 4143,139.3,79,2024-12-17T15:04:42
4144,2,Electronic Item 4144,433.29,478,2024-12-12T00:30:55
4145,4,Misc Item 4145,400.23,344,2025-07-12T18:31:58
4146,2,Electronic Item 4146,216.4,202,2025-05-26T20:52:04
4147,1,Fashion Item 4147,55.97,300,2025-07-11T12:46:36
4148,1,Fashion Item 4148,460.12,20,2025-08-19T19:44:01
4149,3,Home Decor Item 4149,35.2,223,2025-08-27T16:27:41
4150,1,Fashion Item 4150,423.35,199,2024-12-22T21:36:50
4151,4,Misc Item 4151,115.23,5,2025-01-18T05:43:17
4152,3,Home Decor Item 4152,24.42,195,2025-08-02T18:43:33
4153,2,Electronic Item 4153,139.52,204,2025-03-26T17:31:16
4154,3,Home Decor Item 4154,104.05,389,2025-01-06T09:59:49
4155,3,Home Decor Item 4155,440.47,204,2025-05-02T09:03:37
4156,2,Electronic Item 4156,112.46,132,2025-09-22T01:28:55
4157,1,Fashion Item 4157,473.5,266,2025-07-31T13:58:49
4158,2,Electronic Item 4158,92.47,172,2025-02-03T23:21:14
4159,3,Home Decor Item 4159,360.14,422,2024-12-05T04:59:10
4160,1,Fashion Item 4160,107.77,479,2025-11-09T23:28:51
4161,1,Fashion Item 4161,120.44,389,2025-08-19T02:24:58
4162,2,Electronic Item 4162,186.73,324,2025-10-16T02:16:02
4163,4,Misc Item 4163,314.84,6,2025-07-12T14:00:09
4164,1,Fashion Item 4164,264.26,363,2025-01-02T08:07:13
4165,2,Electronic Item 4165,213.38,337,2025-05-13T11:14:58
4166,2,Electronic Item 4166,187.92,361,2025-05-28T19:44:23
4167,1,Fashion Item 4167,247.29,356,2025-02-23T22:49:26
4168,2,Electronic Item 4168,19.91,105,2024-11-27T01:37:37
4169,4,Misc Item 4169,484.3,219,2025-03-04T11:39:05
4170,1,Fashion Item 4170,480.97,269,2025-02-15T23:09:15
4171,2,Electronic Item 4171,308.74,310,2025-04-01T12:04:04
4172,1,Fashion Item 4172,189.29,121,2025-09-04T03:28:44
4173,3,Home Decor Item 4173,413.02,215,2025-06-03T17:42:50
4174,1,Fashion Item 4174,10.78,223,2025-04-18T07:16:52
4175,2,Electronic Item 4175,231.58,152,2025-03-18T15:43:14
4176,3,Home Decor Item 4176,290.62,272,2025-04-21T21:56:39
4177,4,Misc Item 4177,5.48,270,2025-06-09T00:10:49
4178,4,Misc Item 4178,193.66,78,2025-10-05T19:04:52
4179,1,Fashion Item 4179,340.12,151,2025-08-13T10:04:11
4180,2,Electronic Item 4180,458.89,147,2025-11-23T23:36:10
4181,1,Fashion Item 4181,373.33,212,2025-05-25T15:04:04
4182,2,Electronic Item 4182,259.21,111,2025-11-11T04:58:21
4183,1,Fashion Item 4183,77.5,413,2025-04-01T23:29:42
4184,1,Fashion Item 4184,372.74,85,2025-05-31T16:42:17
4185,1,Fashion Item 4185,366.21,145,2025-03-13T14:27:57
4186,2,Electronic Item 4186,37.33,341,2025-05-11T06:44:17
4187,1,Fashion Item 4187,10.14,280,2025-03-06T15:14:19
4188,3,Home Decor Item 4188,107.9,439,2025-09-09T15:52:25
4189,3,Home Decor Item 4189,281.02,292,2025-01-09T23:43:30
4190,2,Electronic Item 4190,143.3,247,2025-04-21T04:48:05
4191,2,Electronic Item 4191,459.64,149,2024-11-29T07:00:18
4192,1,Fashion Item 4192,146.35,384,2025-03-20T21:55:59
4193,4,Misc Item 4193,418.52,130,2025-03-19T23:09:12
4194,3,Home Decor Item 4194,441.68,381,2024-11-27T19:04:09
4195,3,Home Decor Item 4195,197.55,176,2025-10-13T10:47:04
4196,3,Home Decor Item 4196,224.06,303,2025-03-01T11:16:18
4197,1,Fashion Item 4197,135.69,22,2025-01-20T16:14:25
4198,2,Electronic Item 4198,200.56,382,2025-06-15T04:49:13
4199,2,Electronic Item 4199,287.47,302,2024-12-17T16:43:34
4200,4,Misc Item 4200,86.87,476,2025-08-05T20:04:02
4201,1,Fashion Item 4201,205.82,168,2025-08-29T02:50:31
4202,3,Home Decor Item 4202,197.49,421,2025-07-29T12:33:30
4203,1,Fashion Item 4203,434.55,214,2025-01-12T20:20:16
4204,4,Misc Item 4204,295.77,30,2025-08-10T13:33:30
4205,2,Electronic Item 4205,232.48,376,2025-02-02T02:27:44
4206,1,Fashion Item 4206,62.32,173,2025-11-04T22:16:02
4207,3,Home Decor Item 4207,489.62,282,2025-05-01T12:37:12
4208,1,Fashion Item 4208,415.13,62,2025-06-19T11:56:57
4209,1,Fashion Item 4209,69.86,278,2025-04-28T16:19:11
4210,2,Electronic Item 4210,161.25,0,2025-11-14T00:49:49
4211,3,Home Decor Item 4211,10.72,448,2025-11-12T04:25:35
4212,4,Misc Item 4212,51.87,277,2025-10-10T17:16:40
4213,3,Home Decor Item 4213,328.77,46,2025-01-24T20:10:31
4214,1,Fashion Item 4214,203.58,401,2025-05-20T05:36:21
4215,2,Electronic Item 4215,337.56,378,2025-01-27T22:49:05
4216,1,Fashion Item 4216,219.38,338,2025-03-20T04:07:37
4217,2,Electronic Item 4217,307.11,75,2025-01-25T23:29:44
4218,1,Fashion Item 4218,459.61,359,2025-10-06T09:04:19
4219,4,Misc Item 4219,113.9,416,2025-09-17T04:13:15
4220,2,Electronic Item 4220,85.78,69,2025-11-05T10:26:31
4221,1,Fashion Item 4221,496.05,109,2025-03-28T04:15:50
4222,2,Electronic Item 4222,177.63,79,2025-04-11T21:38:35
4223,2,Electronic Item 4223,38.81,470,2025-08-26T15:49:52
4224,2,Electronic Item 4224,458.84,198,2025-01-27T17:25:48
4225,2,Electronic Item 4225,51.18,56,2025-09-27T10:44:21
4226,1,Fashion Item 4226,45.53,62,2024-12-21T02:07:33
4227,1,Fashion Item 4227,95.14,182,2025-02-01T12:25:43
4228,1,Fashion Item 4228,395.08,113,2025-09-29T20:33:55
4229,2,Electronic Item 4229,345.32,358,2025-01-22T03:05:01
4230,2,Electronic Item 4230,287.51,207,2025-02-20T05:09:39
4231,1,Fashion Item 4231,49.08,72,2025-11-01T23:01:01
4232,2,Electronic Item 4232,140.67,52,2024-12-09T10:39:03
4233,3,Home Decor Item 4233,404.6,429,2025-11-05T11:13:18
4234,4,Misc Item 4234,132.04,411,2025-02-17T22:19:39
4235,2,Electronic Item 4235,135.49,289,2025-05-31T05:50:13
4236,3,Home Decor Item 4236,425.57,170,2025-03-16T05:39:31
4237,1,Fashion Item 4237,202.2,304,2025-02-14T22:53:50
4238,2,Electronic Item 4238,25.11,132,2025-09-15T08:46:21
4239,1,Fashion Item 4239,311.24,8,2025-07-01T08:20:20
4240,4,Misc Item 4240,93.68,434,2025-08-21T08:05:28
4241,2,Electronic Item 4241,198.31,43,2025-01-23T18:20:52
4242,2,Electronic Item 4242,429.06,146,2025-03-19T01:51:47
4243,1,Fashion Item 4243,494.67,344,2024-11-27T17:15:29
4244,1,Fashion Item 4244,392.25,351,2025-05-13T02:12:33
4245,4,Misc Item 4245,46.98,388,2025-05-11T16:50:06
4246,2,Electronic Item 4246,385.16,157,2025-01-25T11:54:52
4247,4,Misc Item 4247,299.28,323,2024-12-16T15:53:02
4248,1,Fashion Item 4248,187.94,80,2025-03-17T13:02:38
4249,1,Fashion Item 4249,185.14,478,2025-03-18T02:06:44
4250,1,Fashion Item 4250,140.39,492,2025-08-15T18:32:12
4251,3,Home Decor Item 4251,5.34,164,2025-03-04T08:22:30
4252,2,Electronic Item 4252,58.46,489,2025-10-29T18:33:47
4253,2,Electronic Item 4253,367.41,116,2025-06-10T23:40:12
4254,2,Electronic Item 4254,188.88,211,2025-11-18T18:55:50
4255,1,Fashion Item 4255,78.96,371,2024-11-28T02:25:26
4256,4,Misc Item 4256,461.07,296,2025-07-11T21:31:28
4257,3,Home Decor Item 4257,142.2,357,2025-01-03T04:11:19
4258,2,Electronic Item 4258,136.29,464,2025-08-18T07:47:50
4259,3,Home Decor Item 4259,79.81,447,2025-06-25T05:16:48
4260,2,Electronic Item 4260,267.8,116,2025-10-10T23:01:19
4261,4,Misc Item 4261,451.09,264,2025-10-16T12:38:13
4262,4,Misc Item 4262,402.99,290,2025-05-15T01:26:24
4263,4,Misc Item 4263,175.18,237,2025-03-06T08:28:31
4264,3,Home Decor Item 4264,184.0,242,2025-04-09T20:38:50
4265,2,Electronic Item 4265,384.79,153,2025-03-14T11:53:35
4266,3,Home Decor Item 4266,496.11,421,2025-01-11T01:29:41
4267,1,Fashion Item 4267,164.36,167,2025-09-29T04:27:42
4268,2,Electronic Item 4268,168.9,127,2025-07-21T18:40:30
4269,3,Home Decor Item 4269,97.41,492,2025-03-31T01:08:24
4270,2,Electronic Item 4270,192.95,193,2024-11-30T05:18:42
4271,2,Electronic Item 4271,250.1,164,2024-11-30T12:41:55
4272,1,Fashion Item 4272,314.76,160,2025-08-13T04:17:33
4273,2,Electronic Item 4273,304.07,52,2025-05-21T01:57:43
4274,3,Home Decor Item 4274,22.06,430,2025-06-29T03:55:49
4275,1,Fashion Item 4275,410.42,7,2025-05-13T03:57:05
4276,1,Fashion Item 4276,395.28,305,2025-05-15T19:47:10
4277,1,Fashion Item 4277,466.13,109,2025-10-22T09:15:15
4278,1,Fashion Item 4278,65.63,435,2025-05-25T22:39:59
4279,4,Misc Item 4279,393.82,477,2025-04-11T00:55:45
4280,1,Fashion Item 4280,17.45,23,2025-08-13T07:52:11
4281,1,Fashion Item 4281,301.83,186,2024-11-27T11:09:46
4282,2,Electronic Item 4282,368.16,268,2025-03-13T03:33:43
4283,1,Fashion Item 4283,356.72,476,2025-09-22T02:42:51
4284,2,Electronic Item 4284,131.29,233,2025-04-17T22:55:41
4285,4,Misc Item 4285,293.77,23,2025-08-11T23:07:03
4286,1,Fashion Item 4286,118.41,308,2025-06-15T21:18:35
4287,1,Fashion Item 4287,227.98,351,2025-09-27T19:33:23
4288,2,Electronic Item 4288,158.28,241,2025-03-17T21:36:30
4289,1,Fashion Item 4289,195.57,440,2025-05-30T16:16:44
4290,2,Electronic Item 4290,359.94,82,2025-02-19T01:17:33
4291,2,Electronic Item 4291,64.86,424,2025-08-10T12:35:36
4292,2,Electronic Item 4292,396.12,390,2025-04-16T02:03:24
4293,2,Electronic Item 4293,102.79,5,2025-06-26T17:48:38
4294,3,Home Decor Item 4294,23.16,205,2025-05-05T16:27:56
4295,4,Misc Item 4295,51.78,103,2025-07-20T07:07:57
4296,4,Misc Item 4296,262.92,372,2025-07-08T09:52:07
4297,4,Misc Item 4297,330.62,440,2025-04-19T18:07:34
4298,4,Misc Item 4298,94.75,14,2025-05-11T22:21:56
4299,2,Electronic Item 4299,355.22,157,2025-02-13T22:42:44
4300,4,Misc Item 4300,51.95,352,2025-04-30T18:36:55
4301,3,Home Decor Item 4301,411.03,412,2025-01-10T17:22:09
4302,2,Electronic Item 4302,252.32,386,2025-08-18T03:07:19
4303,4,Misc Item 4303,199.97,295,2025-03-18T00:28:09
4304,2,Electronic Item 4304,262.24,243,2025-03-22T17:35:37
4305,2,Electronic Item 4305,108.27,397,2025-06-22T03:40:19
4306,1,Fashion Item 4306,176.29,396,2025-02-16T06:04:05
4307,1,Fashion Item 4307,394.38,437,2025-09-21T23:55:59
4308,3,Home Decor Item 4308,247.55,207,2025-09-29T17:41:42
4309,1,Fashion Item 4309,306.85,171,2025-06-22T11:47:00
4310,1,Fashion Item 4310,103.41,497,2025-07-21T12:44:27
4311,1,Fashion Item 4311,294.59,6,2025-10-14T06:49:51
4312,3,Home Decor Item 4312,195.31,419,2025-07-21T14:09:55
4313,1,Fashion Item 4313,453.34,114,2025-03-01T05:56:56
4314,2,Electronic Item 4314,119.43,231,2025-08-27T05:35:30
4315,3,Home Decor Item 4315,382.03,234,2025-08-26T15:10:55
4316,2,Electronic Item 4316,400.23,290,2025-02-10T14:56:45
4317,2,Electronic Item 4317,237.14,340,2024-12-31T17:40:09
4318,2,Electronic Item 4318,82.69,448,2025-03-21T13:55:25
4319,3,Home Decor Item 4319,157.59,316,2025-10-08T13:56:13
4320,3,Home Decor Item 4320,425.77,2,2025-01-30T15:29:08
4321,3,Home Decor Item 4321,22.29,387,2025-03-03T18:26:03
4322,2,Electronic Item 4322,493.22,245,2025-01-28T20:14:34
4323,4,Misc Item 4323,208.31,139,2025-03-18T05:03:51
4324,1,Fashion Item 4324,247.55,429,2025-03-19T06:58:17
4325,2,Electronic Item 4325,405.2,408,2025-07-14T18:44:03
4326,3,Home Decor Item 4326,195.58,132,2025-02-01T07:52:33
4327,1,Fashion Item 4327,421.77,414,2025-07-27T20:54:29
4328,2,Electronic Item 4328,359.87,66,2025-07-21T06:04:01
4329,2,Electronic Item 4329,302.26,2,2025-02-13T20:59:15
4330,1,Fashion Item 4330,117.36,319,2025-07-17T18:48:27
4331,3,Home Decor Item 4331,177.95,283,2025-11-10T13:22:22
4332,1,Fashion Item 4332,269.17,473,2025-05-04T09:47:36
4333,1,Fashion Item 4333,302.41,155,2025-03-04T05:21:41
4334,2,Electronic Item 4334,232.01,28,2025-07-10T03:44:33
4335,1,Fashion Item 4335,406.34,361,2025-07-19T05:51:21
4336,3,Home Decor Item 4336,440.35,208,2025-05-26T12:07:01
4337,1,Fashion Item 4337,445.97,473,2025-05-08T13:54:36
4338,1,Fashion Item 4338,491.81,403,2025-05-09T15:11:56
4339,4,Misc Item 4339,476.06,462,2025-03-23T23:45:59
4340,1,Fashion Item 4340,299.34,400,2025-10-30T09:58:03
4341,1,Fashion Item 4341,48.95,91,2025-01-09T13:06:39
4342,3,Home Decor Item 4342,59.54,447,2025-01-25T18:59:05
4343,2,Electronic Item 4343,233.43,289,2025-01-06T13:50:07
4344,4,Misc Item 4344,432.21,11,2025-04-23T03:44:55
4345,1,Fashion Item 4345,164.11,441,2024-12-26T17:24:29
4346,2,Electronic Item 4346,109.13,174,2025-11-15T18:24:03
4347,1,Fashion Item 4347,236.33,371,2025-05-04T11:42:16
4348,3,Home Decor Item 4348,34.93,43,2025-01-05T11:11:55
4349,2,Electronic Item 4349,123.38,368,2025-05-07T03:28:11
4350,1,Fashion Item 4350,248.53,129,2025-05-24T09:08:33
4351,4,Misc Item 4351,55.71,377,2025-08-12T21:52:37
4352,4,Misc Item 4352,225.72,171,2024-12-06T12:32:09
4353,2,Electronic Item 4353,380.45,321,2025-05-03T07:34:43
4354,3,Home Decor Item 4354,137.33,253,2025-11-08T14:21:17
4355,2,Electronic Item 4355,366.72,262,2025-08-19T06:32:10
4356,3,Home Decor Item 4356,178.88,109,2025-04-19T18:57:38
4357,4,Misc Item 4357,439.43,317,2025-09-21T13:28:33
4358,2,Electronic Item 4358,98.63,443,2025-04-09T10:44:59
4359,3,Home Decor Item 4359,402.78,131,2025-07-25T03:54:43
4360,3,Home Decor Item 4360,253.78,136,2025-07-16T21:11:47
4361,4,Misc Item 4361,295.87,12,2025-08-17T00:08:39
4362,2,Electronic Item 4362,189.01,2,2024-11-26T18:27:40
4363,2,Electronic Item 4363,31.77,380,2025-05-26T01:08:09
4364,4,Misc Item 4364,305.49,306,2024-12-24T08:15:38
4365,1,Fashion Item 4365,15.56,307,2025-09-03T21:58:15
4366,2,Electronic Item 4366,484.68,500,2025-07-25T05:51:16
4367,2,Electronic Item 4367,402.61,140,2025-10-28T00:22:10
4368,1,Fashion Item 4368,77.25,499,2025-01-09T08:44:27
4369,2,Electronic Item 4369,461.09,2,2025-11-15T20:17:03
4370,3,Home Decor Item 4370,268.19,358,2025-11-07T16:55:25
4371,1,Fashion Item 4371,437.87,400,2024-12-08T05:44:19
4372,4,Misc Item 4372,176.56,271,2025-07-02T14:36:06
4373,2,Electronic Item 4373,413.15,307,2025-04-12T23:28:30
4374,1,Fashion Item 4374,359.76,326,2024-12-13T19:00:08
4375,2,Electronic Item 4375,46.9,80,2025-03-24T01:37:54
4376,2,Electronic Item 4376,140.87,67,2025-01-30T17:59:48
4377,1,Fashion Item 4377,184.36,331,2025-04-01T15:40:30
4378,1,Fashion Item 4378,172.53,21,2025-07-26T04:58:13
4379,3,Home Decor Item 4379,426.93,317,2025-06-11T19:52:45
4380,1,Fashion Item 4380,400.61,7,2024-11-29T20:12:46
4381,2,Electronic Item 4381,61.99,365,2025-06-14T05:48:52
4382,3,Home Decor Item 4382,147.61,364,2025-07-02T05:25:40
4383,4,Misc Item 4383,209.42,476,2025-05-26T18:18:05
4384,2,Electronic Item 4384,169.66,261,2025-10-19T04:39:57
4385,3,Home Decor Item 4385,226.09,397,2025-06-11T19:59:59
4386,4,Misc Item 4386,139.4,294,2025-08-26T17:27:15
4387,1,Fashion Item 4387,259.59,75,2025-07-02T09:33:31
4388,2,Electronic Item 4388,13.43,31,2024-11-28T20:32:45
4389,4,Misc Item 4389,275.97,158,2025-02-08T15:46:30
4390,4,Misc Item 4390,423.5,54,2025-04-17T15:23:58
4391,3,Home Decor Item 4391,173.75,215,2024-12-24T13:08:04
4392,1,Fashion Item 4392,19.79,86,2025-04-10T15:14:01
4393,2,Electronic Item 4393,66.34,79,2025-09-09T13:03:11
4394,2,Electronic Item 4394,102.69,32,2025-07-05T17:31:53
4395,1,Fashion Item 4395,56.09,464,2025-01-05T05:07:25
4396,4,Misc Item 4396,171.51,123,2025-07-01T18:03:50
4397,4,Misc Item 4397,184.95,222,2025-08-24T02:26:38
4398,1,Fashion Item 4398,398.19,475,2024-12-25T13:18:50
4399,2,Electronic Item 4399,392.25,182,2025-11-23T19:56:42
4400,2,Electronic Item 4400,360.18,150,2025-08-17T04:01:49
4401,4,Misc Item 4401,341.84,286,2025-06-16T01:08:46
4402,2,Electronic Item 4402,115.42,284,2025-05-15T05:14:25
4403,3,Home Decor Item 4403,22.84,294,2025-03-06T12:29:37
4404,4,Misc Item 4404,21.54,190,2025-02-17T23:45:15
4405,1,Fashion Item 4405,421.4,88,2025-11-05T01:02:01
4406,1,Fashion Item 4406,355.54,351,2024-12-14T22:16:52
4407,1,Fashion Item 4407,295.78,94,2025-11-25T22:19:24
4408,2,Electronic Item 4408,472.1,487,2025-10-25T10:32:56
4409,2,Electronic Item 4409,145.25,480,2025-04-10T12:00:01
4410,2,Electronic Item 4410,127.99,451,2025-07-11T02:00:14
4411,1,Fashion Item 4411,351.18,95,2025-06-30T00:08:19
4412,2,Electronic Item 4412,78.71,417,2025-04-29T19:44:50
4413,2,Electronic Item 4413,281.61,392,2024-12-12T00:51:46
4414,2,Electronic Item 4414,223.96,401,2024-12-28T19:00:29
4415,3,Home Decor Item 4415,239.81,422,2025-06-25T20:59:50
4416,2,Electronic Item 4416,333.56,156,2025-07-18T16:56:29
4417,3,Home Decor Item 4417,128.41,414,2025-06-12T18:53:53
4418,1,Fashion Item 4418,143.18,482,2025-09-09T08:06:33
4419,3,Home Decor Item 4419,469.68,412,2025-05-18T21:09:21
4420,2,Electronic Item 4420,498.02,265,2025-10-26T02:29:27
4421,2,Electronic Item 4421,396.38,124,2024-12-21T07:15:36
4422,2,Electronic Item 4422,73.0,462,2025-10-31T22:40:28
4423,2,Electronic Item 4423,281.21,138,2025-10-30T16:50:24
4424,2,Electronic Item 4424,460.36,361,2025-03-05T19:01:32
4425,1,Fashion Item 4425,136.42,168,2025-06-12T09:39:22
4426,3,Home Decor Item 4426,227.43,204,2024-12-28T17:23:06
4427,2,Electronic Item 4427,6.05,453,2025-05-30T18:38:30
4428,4,Misc Item 4428,320.41,245,2024-12-28T15:28:23
4429,4,Misc Item 4429,135.66,495,2025-04-28T22:45:38
4430,1,Fashion Item 4430,208.49,130,2025-04-18T17:59:36
4431,1,Fashion Item 4431,35.42,77,2025-10-13T12:21:03
4432,2,Electronic Item 4432,54.38,188,2025-09-18T05:04:37
4433,2,Electronic Item 4433,50.88,497,2025-03-01T18:16:03
4434,2,Electronic Item 4434,55.13,114,2025-06-17T10:59:44
4435,1,Fashion Item 4435,135.24,96,2025-08-24T00:09:30
4436,4,Misc Item 4436,208.32,104,2025-08-23T13:05:02
4437,1,Fashion Item 4437,106.21,49,2025-11-26T16:16:45
4438,3,Home Decor Item 4438,248.08,19,2025-05-25T01:25:18
4439,1,Fashion Item 4439,450.59,335,2025-06-28T09:47:32
4440,1,Fashion Item 4440,70.69,9,2024-12-02T00:21:46
4441,1,Fashion Item 4441,60.97,148,2025-08-08T19:23:55
4442,1,Fashion Item 4442,471.38,3,2025-01-09T13:18:07
4443,1,Fashion Item 4443,24.87,39,2025-11-21T09:14:51
4444,2,Electronic Item 4444,295.9,147,2025-06-06T23:35:56
4445,4,Misc Item 4445,123.41,427,2025-09-09T05:19:52
4446,1,Fashion Item 4446,67.5,144,2025-07-23T03:45:22
4447,2,Electronic Item 4447,202.08,22,2025-08-29T22:51:10
4448,4,Misc Item 4448,484.17,173,2025-03-11T06:06:58
4449,1,Fashion Item 4449,166.3,173,2025-09-11T15:35:44
4450,3,Home Decor Item 4450,205.57,456,2025-03-30T04:49:54
4451,1,Fashion Item 4451,445.18,182,2024-12-11T15:01:34
4452,2,Electronic Item 4452,6.36,236,2025-10-20T04:20:18
4453,1,Fashion Item 4453,194.62,445,2024-12-09T09:07:14
4454,4,Misc Item 4454,185.66,407,2025-08-22T10:00:42
4455,1,Fashion Item 4455,433.19,139,2025-02-28T20:39:37
4456,4,Misc Item 4456,436.08,214,2025-06-10T13:41:56
4457,2,Electronic Item 4457,98.23,440,2025-10-02T11:41:56
4458,1,Fashion Item 4458,200.99,135,2025-04-29T11:41:15
4459,3,Home Decor Item 4459,288.9,73,2025-11-09T19:50:01
4460,1,Fashion Item 4460,155.87,258,2025-11-10T19:24:57
4461,1,Fashion Item 4461,198.72,186,2025-07-23T22:45:28
4462,1,Fashion Item 4462,243.59,395,2025-05-22T19:54:14
4463,1,Fashion Item 4463,410.72,460,2025-07-06T02:34:18
4464,1,Fashion Item 4464,464.89,16,2025-01-03T07:22:31
4465,1,Fashion Item 4465,483.5,138,2025-04-16T04:41:04
4466,1,Fashion Item 4466,351.54,318,2025-09-01T10:49:58
4467,4,Misc Item 4467,315.66,289,2025-04-01T03:33:15
4468,2,Electronic Item 4468,58.68,193,2025-01-21T14:44:29
4469,2,Electronic Item 4469,249.32,378,2025-07-28T10:25:56
4470,4,Misc Item 4470,344.39,369,2025-05-25T09:27:15
4471,2,Electronic Item 4471,276.36,126,2024-12-29T04:14:32
4472,4,Misc Item 4472,191.02,329,2025-03-17T05:54:23
4473,1,Fashion Item 4473,178.44,367,2025-01-08T20:08:44
4474,4,Misc Item 4474,170.35,103,2025-05-22T13:55:02
4475,4,Misc Item 4475,495.28,442,2025-05-23T06:40:44
4476,1,Fashion Item 4476,11.11,275,2024-12-30T19:15:36
4477,2,Electronic Item 4477,292.58,419,2025-09-06T15:58:16
4478,3,Home Decor Item 4478,394.88,419,2025-10-25T02:30:27
4479,3,Home Decor Item 4479,18.06,310,2025-08-06T15:02:55
4480,2,Electronic Item 4480,422.94,1,2025-02-16T04:28:30
4481,4,Misc Item 4481,497.36,255,2024-12-08T16:08:00
4482,1,Fashion Item 4482,422.78,342,2024-12-20T11:50:57
4483,4,Misc Item 4483,393.52,43,2025-07-07T09:29:25
4484,3,Home Decor Item 4484,255.73,451,2025-10-07T03:05:37
4485,1,Fashion Item 4485,18.94,251,2025-04-10T23:33:30
4486,2,Electronic Item 4486,400.09,351,2025-09-30T09:20:18
4487,2,Electronic Item 4487,408.9,432,2025-09-26T23:28:19
4488,4,Misc Item 4488,366.02,291,2024-12-22T14:11:28
4489,2,Electronic Item 4489,29.11,182,2025-10-03T15:28:14
4490,4,Misc Item 4490,362.63,213,2025-01-03T13:42:22
4491,2,Electronic Item 4491,277.74,374,2025-09-30T13:04:50
4492,2,Electronic Item 4492,490.29,255,2025-04-10T08:48:55
4493,4,Misc Item 4493,335.0,483,2025-06-09T07:05:23
4494,2,Electronic Item 4494,189.56,309,2025-02-03T09:25:58
4495,2,Electronic Item 4495,387.65,431,2025-10-16T08:39:15
4496,4,Misc Item 4496,215.76,295,2025-09-25T01:30:33
4497,1,Fashion Item 4497,49.08,215,2025-01-31T09:58:51
4498,1,Fashion Item 4498,23.6,321,2025-10-18T21:59:29
4499,1,Fashion Item 4499,322.49,271,2025-09-20T12:09:03
4500,1,Fashion Item 4500,422.34,91,2025-04-25T00:40:23
4501,3,Home Decor Item 4501,478.27,129,2025-03-26T12:34:00
4502,2,Electronic Item 4502,427.97,301,2025-08-18T20:21:02
4503,1,Fashion Item 4503,486.91,409,2025-09-23T01:55:08
4504,2,Electronic Item 4504,232.74,220,2025-06-09T06:37:45
4505,1,Fashion Item 4505,362.0,432,2025-04-16T17:19:25
4506,4,Misc Item 4506,347.9,253,2025-03-24T10:26:30
4507,1,Fashion Item 4507,41.71,64,2024-12-19T19:57:16
4508,1,Fashion Item 4508,127.58,473,2024-12-06T04:08:18
4509,2,Electronic Item 4509,20.67,300,2025-09-15T14:11:45
4510,1,Fashion Item 4510,22.15,403,2025-08-22T17:04:06
4511,2,Electronic Item 4511,179.41,213,2025-08-23T08:38:52
4512,2,Electronic Item 4512,206.43,193,2025-04-06T06:44:59
4513,1,Fashion Item 4513,202.87,388,2025-07-10T22:37:41
4514,1,Fashion Item 4514,57.55,402,2025-10-24T06:21:13
4515,3,Home Decor Item 4515,298.54,133,2025-01-12T23:53:53
4516,1,Fashion Item 4516,479.07,54,2025-03-04T04:20:17
4517,2,Electronic Item 4517,469.34,328,2025-09-29T23:07:37
4518,1,Fashion Item 4518,226.91,488,2025-06-15T23:16:20
4519,1,Fashion Item 4519,165.85,255,2025-11-08T00:03:16
4520,2,Electronic Item 4520,323.3,445,2025-04-30T20:29:59
4521,1,Fashion Item 4521,470.7,465,2025-06-14T20:35:21
4522,4,Misc Item 4522,480.95,425,2025-07-31T18:28:58
4523,2,Electronic Item 4523,349.4,73,2024-12-22T21:49:21
4524,3,Home Decor Item 4524,46.26,227,2025-07-23T20:10:44
4525,4,Misc Item 4525,401.71,474,2025-06-05T21:29:11
4526,3,Home Decor Item 4526,30.06,25,2025-07-22T10:08:43
4527,2,Electronic Item 4527,497.63,183,2025-10-02T16:40:50
4528,1,Fashion Item 4528,318.04,377,2025-10-15T00:28:02
4529,1,Fashion Item 4529,57.81,173,2025-05-07T04:28:13
4530,4,Misc Item 4530,172.03,129,2024-12-22T03:47:45
4531,1,Fashion Item 4531,113.07,100,2025-04-18T16:38:55
4532,1,Fashion Item 4532,173.57,481,2025-01-26T04:28:17
4533,2,Electronic Item 4533,222.43,313,2025-10-07T17:20:06
4534,2,Electronic Item 4534,353.43,90,2025-06-24T09:20:44
4535,3,Home Decor Item 4535,432.08,329,2024-12-11T03:11:10
4536,2,Electronic Item 4536,148.65,145,2025-11-24T03:51:42
4537,3,Home Decor Item 4537,201.4,295,2025-02-03T00:01:17
4538,2,Electronic Item 4538,81.15,463,2025-09-27T01:00:52
4539,1,Fashion Item 4539,26.26,26,2025-01-13T12:29:49
4540,2,Electronic Item 4540,489.95,262,2025-03-05T16:41:14
4541,1,Fashion Item 4541,41.68,277,2025-09-12T14:03:11
4542,1,Fashion Item 4542,195.86,454,2024-12-19T19:01:10
4543,1,Fashion Item 4543,140.19,327,2025-02-05T02:25:03
4544,3,Home Decor Item 4544,282.07,13,2025-10-10T03:20:29
4545,1,Fashion Item 4545,182.86,424,2025-02-27T00:42:13
4546,2,Electronic Item 4546,467.37,498,2025-11-21T02:21:29
4547,2,Electronic Item 4547,471.62,244,2025-10-16T07:59:43
4548,4,Misc Item 4548,160.0,479,2025-07-21T01:08:13
4549,2,Electronic Item 4549,24.48,229,2025-03-29T16:54:38
4550,2,Electronic Item 4550,367.21,333,2025-01-06T09:26:25
4551,3,Home Decor Item 4551,450.39,362,2025-05-08T13:49:10
4552,2,Electronic Item 4552,71.38,20,2025-04-11T07:14:49
4553,3,Home Decor Item 4553,30.62,123,2025-08-08T05:37:12
4554,1,Fashion Item 4554,338.24,411,2025-01-24T12:58:19
4555,3,Home Decor Item 4555,73.1,141,2025-08-25T15:11:06
4556,3,Home Decor Item 4556,334.88,272,2025-01-27T23:22:23
4557,3,Home Decor Item 4557,476.98,363,2024-11-26T22:24:21
4558,1,Fashion Item 4558,330.49,412,2025-02-18T00:45:38
4559,4,Misc Item 4559,325.81,496,2024-12-18T08:06:39
4560,2,Electronic Item 4560,216.11,10,2025-03-28T05:28:36
4561,4,Misc Item 4561,179.38,468,2025-04-07T07:14:29
4562,2,Electronic Item 4562,303.03,296,2025-07-30T04:20:47
4563,3,Home Decor Item 4563,298.62,345,2025-10-16T07:13:42
4564,3,Home Decor Item 4564,176.36,417,2025-03-31T07:03:33
4565,3,Home Decor Item 4565,278.03,396,2025-06-27T10:18:12
4566,1,Fashion Item 4566,176.52,193,2025-03-13T15:46:18
4567,1,Fashion Item 4567,467.51,415,2025-06-13T09:50:59
4568,2,Electronic Item 4568,371.22,142,2025-09-01T00:59:34
4569,1,Fashion Item 4569,102.09,433,2025-08-23T05:39:52
4570,2,Electronic Item 4570,52.65,211,2025-08-12T18:01:13
4571,1,Fashion Item 4571,208.31,158,2025-06-05T03:01:05
4572,1,Fashion Item 4572,379.37,375,2025-01-22T06:33:57
4573,1,Fashion Item 4573,248.16,254,2025-09-16T01:48:06
4574,2,Electronic Item 4574,352.52,431,2025-03-14T13:57:08
4575,4,Misc Item 4575,413.9,88,2025-08-08T07:51:55
4576,2,Electronic Item 4576,223.47,454,2025-03-02T08:16:25
4577,3,Home Decor Item 4577,372.15,436,2025-06-17T01:51:41
4578,2,Electronic Item 4578,162.0,297,2025-04-24T22:02:00
4579,1,Fashion Item 4579,305.13,488,2025-08-13T22:14:09
4580,1,Fashion Item 4580,124.17,418,2025-04-19T18:45:02
4581,1,Fashion Item 4581,407.95,272,2025-10-09T12:22:31
4582,1,Fashion Item 4582,476.16,366,2025-10-11T05:33:37
4583,2,Electronic Item 4583,155.75,361,2025-07-21T06:03:32
4584,1,Fashion Item 4584,261.31,497,2025-04-25T04:38:28
4585,2,Electronic Item 4585,322.56,323,2025-08-21T00:14:03
4586,2,Electronic Item 4586,241.73,468,2025-11-21T23:17:28
4587,1,Fashion Item 4587,159.14,253,2025-07-19T23:09:59
4588,1,Fashion Item 4588,26.48,184,2025-10-25T05:17:07
4589,1,Fashion Item 4589,10.93,149,2025-10-01T23:40:04
4590,2,Electronic Item 4590,480.22,233,2025-02-07T19:52:28
4591,3,Home Decor Item 4591,499.26,350,2024-12-14T02:15:59
4592,2,Electronic Item 4592,431.01,354,2025-04-04T02:10:22
4593,3,Home Decor Item 4593,42.99,267,2025-01-23T10:33:35
4594,2,Electronic Item 4594,240.68,224,2025-05-22T04:36:32
4595,2,Electronic Item 4595,42.85,404,2025-08-09T08:50:32
4596,4,Misc Item 4596,115.49,233,2025-01-01T07:46:20
4597,1,Fashion Item 4597,240.89,19,2025-07-09T17:46:14
4598,1,Fashion Item 4598,370.94,209,2025-03-11T03:50:49
4599,1,Fashion Item 4599,271.58,460,2024-12-11T05:48:30
4600,3,Home Decor Item 4600,365.32,20,2025-07-23T08:07:03
4601,3,Home Decor Item 4601,257.45,317,2025-08-20T10:12:59
4602,1,Fashion Item 4602,198.69,71,2025-11-10T17:45:15
4603,2,Electronic Item 4603,384.77,298,2025-08-25T14:36:36
4604,1,Fashion Item 4604,20.39,210,2025-08-02T12:06:57
4605,4,Misc Item 4605,9.17,500,2025-10-30T13:52:28
4606,1,Fashion Item 4606,281.67,142,2025-08-24T04:54:52
4607,3,Home Decor Item 4607,379.1,344,2025-06-16T21:12:10
4608,2,Electronic Item 4608,469.84,264,2024-11-29T09:18:55
4609,3,Home Decor Item 4609,254.15,269,2025-02-24T09:31:17
4610,4,Misc Item 4610,400.53,390,2025-11-11T05:30:51
4611,3,Home Decor Item 4611,9.53,141,2025-11-15T08:24:09
4612,4,Misc Item 4612,392.23,151,2025-05-05T03:04:36
4613,3,Home Decor Item 4613,271.02,7,2025-07-07T03:28:21
4614,2,Electronic Item 4614,207.38,41,2025-03-04T15:41:18
4615,4,Misc Item 4615,67.41,149,2025-06-26T12:48:27
4616,2,Electronic Item 4616,210.14,42,2025-09-30T06:21:09
4617,2,Electronic Item 4617,11.82,124,2025-09-07T19:02:35
4618,3,Home Decor Item 4618,115.94,386,2025-11-12T14:02:41
4619,3,Home Decor Item 4619,387.48,289,2025-01-16T13:20:31
4620,3,Home Decor Item 4620,321.35,29,2025-07-16T22:38:14
4621,2,Electronic Item 4621,299.43,379,2025-03-15T09:26:46
4622,3,Home Decor Item 4622,84.62,239,2025-11-15T20:38:14
4623,1,Fashion Item 4623,258.27,393,2025-07-02T22:00:03
4624,3,Home Decor Item 4624,461.55,352,2025-05-16T17:23:39
4625,2,Electronic Item 4625,299.37,459,2025-03-29T04:51:10
4626,1,Fashion Item 4626,380.67,138,2025-08-18T01:17:45
4627,1,Fashion Item 4627,486.39,406,2024-12-09T18:53:11
4628,1,Fashion Item 4628,438.29,343,2025-09-08T23:26:28
4629,1,Fashion Item 4629,320.31,58,2025-01-28T05:56:22
4630,1,Fashion Item 4630,55.72,377,2025-05-05T07:16:17
4631,3,Home Decor Item 4631,183.44,65,2025-08-29T04:10:42
4632,2,Electronic Item 4632,214.8,474,2025-04-16T07:06:44
4633,3,Home Decor Item 4633,282.47,342,2025-09-18T19:25:10
4634,1,Fashion Item 4634,344.28,342,2025-01-12T10:08:18
4635,3,Home Decor Item 4635,209.48,359,2025-10-14T11:28:59
4636,1,Fashion Item 4636,382.78,449,2025-06-17T11:25:59
4637,3,Home Decor Item 4637,314.31,30,2025-02-27T03:02:49
4638,4,Misc Item 4638,95.57,98,2025-09-19T23:49:44
4639,2,Electronic Item 4639,413.61,261,2025-10-29T23:24:49
4640,2,Electronic Item 4640,19.98,14,2025-03-18T19:24:45
4641,2,Electronic Item 4641,295.03,451,2025-01-08T14:30:02
4642,3,Home Decor Item 4642,412.11,466,2025-09-20T17:53:03
4643,2,Electronic Item 4643,243.8,146,2025-07-09T10:20:03
4644,1,Fashion Item 4644,156.53,144,2025-10-31T05:08:46
4645,2,Electronic Item 4645,437.53,473,2025-09-18T16:43:03
4646,1,Fashion Item 4646,372.15,234,2025-05-24T17:38:01
4647,2,Electronic Item 4647,393.65,417,2025-02-12T18:07:14
4648,1,Fashion Item 4648,54.83,62,2025-11-15T21:40:10
4649,4,Misc Item 4649,130.37,500,2025-05-29T23:42:36
4650,1,Fashion Item 4650,219.9,293,2025-01-16T22:49:13
4651,2,Electronic Item 4651,222.98,73,2025-05-08T01:58:08
4652,3,Home Decor Item 4652,151.84,63,2024-12-10T16:34:09
4653,1,Fashion Item 4653,413.49,383,2024-12-13T09:38:33
4654,4,Misc Item 4654,469.23,235,2025-02-14T10:03:12
4655,3,Home Decor Item 4655,125.18,46,2025-03-16T09:23:10
4656,1,Fashion Item 4656,400.23,309,2024-12-04T18:01:19
4657,3,Home Decor Item 4657,438.54,88,2025-04-11T23:53:41
4658,3,Home Decor Item 4658,432.27,410,2025-09-14T14:55:24
4659,4,Misc Item 4659,466.23,143,2025-11-15T01:02:48
4660,2,Electronic Item 4660,334.5,66,2025-03-28T16:48:58
4661,4,Misc Item 4661,138.96,15,2024-12-20T20:50:46
4662,3,Home Decor Item 4662,197.77,339,2025-05-24T03:18:28
4663,2,Electronic Item 4663,478.72,493,2025-11-18T18:10:20
4664,2,Electronic Item 4664,303.54,19,2025-03-27T07:15:46
4665,1,Fashion Item 4665,181.47,406,2025-03-03T02:00:51
4666,2,Electronic Item 4666,398.32,93,2025-08-13T08:10:10
4667,1,Fashion Item 4667,377.24,419,2025-01-03T14:17:29
4668,3,Home Decor Item 4668,262.41,110,2025-01-19T15:41:45
4669,3,Home Decor Item 4669,175.63,21,2025-11-21T01:54:02
4670,1,Fashion Item 4670,100.89,321,2025-01-10T21:46:14
4671,4,Misc Item 4671,463.59,175,2025-08-08T12:50:18
4672,4,Misc Item 4672,240.82,57,2025-11-13T17:57:29
4673,2,Electronic Item 4673,281.92,33,2025-02-15T14:25:25
4674,3,Home Decor Item 4674,494.13,26,2025-03-28T08:15:05
4675,3,Home Decor Item 4675,452.76,53,2025-09-21T08:37:48
4676,4,Misc Item 4676,372.33,264,2025-06-06T05:02:31
4677,3,Home Decor Item 4677,498.85,310,2025-01-04T05:56:51
4678,1,Fashion Item 4678,34.1,77,2025-08-31T05:55:17
4679,1,Fashion Item 4679,82.53,385,2025-09-25T11:54:05
4680,1,Fashion Item 4680,126.43,329,2024-12-03T19:09:01
4681,1,Fashion Item 4681,108.8,416,2025-06-12T08:19:30
4682,4,Misc Item 4682,61.92,184,2025-04-12T08:18:41
4683,1,Fashion Item 4683,11.81,479,2025-02-17T11:46:49
4684,4,Misc Item 4684,443.56,144,2025-10-23T13:59:54
4685,1,Fashion Item 4685,398.67,143,2025-09-25T22:52:32
4686,2,Electronic Item 4686,275.4,252,2024-12-29T18:11:47
4687,1,Fashion Item 4687,342.97,173,2025-11-24T09:31:32
4688,1,Fashion Item 4688,26.33,316,2025-04-17T00:30:58
4689,2,Electronic Item 4689,340.19,65,2025-04-13T00:26:35
4690,1,Fashion Item 4690,456.08,147,2024-12-09T02:01:56
4691,3,Home Decor Item 4691,138.84,339,2025-06-15T05:14:56
4692,1,Fashion Item 4692,246.06,197,2025-07-16T23:52:57
4693,4,Misc Item 4693,452.6,54,2025-04-23T17:10:23
4694,4,Misc Item 4694,223.6,457,2024-12-14T10:32:37
4695,2,Electronic Item 4695,226.03,317,2025-10-20T03:47:26
4696,3,Home Decor Item 4696,221.19,328,2025-09-10T15:18:41
4697,2,Electronic Item 4697,328.29,230,2025-02-24T08:40:19
4698,2,Electronic Item 4698,40.88,81,2025-07-07T09:59:18
4699,3,Home Decor Item 4699,181.41,343,2025-01-25T11:56:05
4700,4,Misc Item 4700,493.35,224,2025-02-21T06:23:31
4701,1,Fashion Item 4701,24.44,321,2025-01-29T23:36:30
4702,3,Home Decor Item 4702,419.81,191,2025-05-09T09:48:34
4703,3,Home Decor Item 4703,417.67,396,2025-08-07T01:07:58
4704,3,Home Decor Item 4704,63.32,186,2025-05-11T13:18:35
4705,4,Misc Item 4705,7.41,282,2025-06-05T14:15:14
4706,2,Electronic Item 4706,75.22,156,2025-08-26T18:31:44
4707,1,Fashion Item 4707,272.13,370,2025-11-26T18:46:32
4708,2,Electronic Item 4708,304.85,357,2025-08-14T05:48:03
4709,3,Home Decor Item 4709,487.89,420,2025-01-04T16:09:13
4710,2,Electronic Item 4710,468.42,136,2025-01-15T09:00:10
4711,3,Home Decor Item 4711,18.67,255,2025-11-04T15:24:22
4712,1,Fashion Item 4712,142.61,122,2025-07-23T14:42:58
4713,3,Home Decor Item 4713,44.28,444,2024-12-23T13:08:54
4714,1,Fashion Item 4714,282.11,42,2024-12-23T07:44:00
4715,2,Electronic Item 4715,438.12,464,2025-05-27T13:31:10
4716,3,Home Decor Item 4716,131.21,191,2025-03-15T15:00:28
4717,3,Home Decor Item 4717,363.59,157,2025-10-23T20:56:43
4718,2,Electronic Item 4718,129.09,371,2025-01-21T12:36:19
4719,2,Electronic Item 4719,355.86,351,2025-02-08T00:39:36
4720,1,Fashion Item 4720,358.31,295,2025-01-31T11:50:22
4721,2,Electronic Item 4721,16.79,236,2024-12-05T02:26:52
4722,3,Home Decor Item 4722,148.29,139,2025-03-10T21:30:33
4723,4,Misc Item 4723,244.07,186,2024-12-20T21:14:29
4724,2,Electronic Item 4724,193.04,3,2025-06-28T19:25:51
4725,3,Home Decor Item 4725,290.48,456,2025-10-07T16:17:30
4726,2,Electronic Item 4726,203.33,471,2024-12-20T14:32:05
4727,3,Home Decor Item 4727,195.51,440,2025-07-21T13:25:23
4728,1,Fashion Item 4728,252.57,377,2025-06-04T07:35:38
4729,1,Fashion Item 4729,440.83,474,2025-08-25T04:21:09
4730,1,Fashion Item 4730,313.49,265,2025-03-18T11:39:18
4731,4,Misc Item 4731,236.67,153,2025-07-09T01:45:45
4732,2,Electronic Item 4732,345.03,283,2025-05-26T05:26:43
4733,2,Electronic Item 4733,270.42,401,2024-12-14T22:28:14
4734,1,Fashion Item 4734,193.05,245,2025-09-16T19:48:29
4735,1,Fashion Item 4735,23.52,83,2025-10-13T21:34:05
4736,1,Fashion Item 4736,349.67,290,2025-07-27T22:07:08
4737,4,Misc Item 4737,401.48,260,2025-07-16T06:08:32
4738,1,Fashion Item 4738,268.23,175,2025-03-04T12:47:10
4739,3,Home Decor Item 4739,180.96,291,2025-05-10T03:07:27
4740,2,Electronic Item 4740,468.52,177,2025-04-08T11:52:16
4741,4,Misc Item 4741,479.03,450,2025-02-20T23:39:06
4742,3,Home Decor Item 4742,167.45,496,2025-05-07T15:28:41
4743,3,Home Decor Item 4743,105.65,430,2025-02-22T09:58:55
4744,3,Home Decor Item 4744,38.8,334,2025-02-27T01:47:40
4745,3,Home Decor Item 4745,302.0,383,2025-02-02T02:53:15
4746,1,Fashion Item 4746,431.05,478,2025-01-22T19:45:47
4747,2,Electronic Item 4747,199.7,453,2024-12-11T11:23:00
4748,2,Electronic Item 4748,184.13,59,2025-03-23T09:26:50
4749,2,Electronic Item 4749,364.81,310,2025-11-03T03:37:47
4750,4,Misc Item 4750,409.29,253,2025-10-18T08:50:00
4751,4,Misc Item 4751,371.9,442,2025-09-23T06:35:40
4752,1,Fashion Item 4752,457.98,63,2025-05-23T07:43:58
4753,2,Electronic Item 4753,450.02,374,2025-05-16T00:40:42
4754,2,Electronic Item 4754,95.52,18,2025-10-09T16:41:55
4755,1,Fashion Item 4755,397.04,308,2025-08-10T18:04:40
4756,1,Fashion Item 4756,367.24,196,2025-09-22T19:09:43
4757,4,Misc Item 4757,12.17,27,2025-01-01T12:55:06
4758,4,Misc Item 4758,299.67,269,2025-07-05T04:32:12
4759,1,Fashion Item 4759,442.65,270,2025-06-28T00:01:09
4760,1,Fashion Item 4760,12.17,488,2025-01-23T23:11:29
4761,4,Misc Item 4761,321.63,451,2025-02-10T08:46:58
4762,1,Fashion Item 4762,138.57,154,2025-08-16T03:47:26
4763,2,Electronic Item 4763,52.62,285,2025-08-29T22:20:42
4764,4,Misc Item 4764,68.96,445,2025-03-21T13:38:22
4765,2,Electronic Item 4765,174.86,225,2025-05-08T04:33:41
4766,2,Electronic Item 4766,473.77,172,2025-06-15T19:38:13
4767,2,Electronic Item 4767,53.18,465,2025-05-11T16:07:51
4768,4,Misc Item 4768,127.3,111,2025-02-05T02:16:47
4769,2,Electronic Item 4769,30.25,71,2025-10-22T18:20:06
4770,1,Fashion Item 4770,131.07,437,2025-08-05T07:44:45
4771,2,Electronic Item 4771,238.91,437,2025-02-23T08:36:12
4772,4,Misc Item 4772,407.12,242,2025-08-22T23:05:14
4773,2,Electronic Item 4773,303.82,22,2025-08-05T14:32:31
4774,1,Fashion Item 4774,493.27,177,2025-01-24T22:05:49
4775,1,Fashion Item 4775,335.64,44,2025-07-03T00:20:31
4776,2,Electronic Item 4776,338.3,90,2025-11-09T16:39:56
4777,1,Fashion Item 4777,359.99,427,2025-07-22T00:01:14
4778,2,Electronic Item 4778,148.6,107,2025-09-05T10:24:34
4779,1,Fashion Item 4779,82.37,389,2024-11-30T06:39:06
4780,1,Fashion Item 4780,445.15,226,2025-05-07T12:42:38
4781,2,Electronic Item 4781,28.24,321,2025-03-12T14:41:00
4782,2,Electronic Item 4782,32.91,468,2025-08-08T00:03:55
4783,1,Fashion Item 4783,26.58,22,2025-10-27T15:31:21
4784,1,Fashion Item 4784,366.79,217,2024-12-31T13:35:54
4785,2,Electronic Item 4785,278.01,61,2025-03-27T00:53:25
4786,4,Misc Item 4786,328.84,123,2025-07-01T20:56:21
4787,1,Fashion Item 4787,357.31,419,2025-05-17T18:02:42
4788,4,Misc Item 4788,386.76,171,2025-06-28T15:57:57
4789,1,Fashion Item 4789,159.74,104,2025-06-20T04:26:53
4790,3,Home Decor Item 4790,422.35,255,2025-05-08T10:12:39
4791,4,Misc Item 4791,207.15,404,2025-05-01T06:27:51
4792,3,Home Decor Item 4792,226.61,161,2025-09-10T00:17:04
4793,2,Electronic Item 4793,320.53,45,2025-11-22T10:23:25
4794,1,Fashion Item 4794,367.51,173,2025-05-30T13:26:55
4795,3,Home Decor Item 4795,102.99,328,2025-09-21T22:33:16
4796,1,Fashion Item 4796,76.24,219,2025-06-22T23:07:54
4797,1,Fashion Item 4797,43.35,404,2025-03-23T01:16:14
4798,1,Fashion Item 4798,311.87,102,2025-05-25T07:40:51
4799,2,Electronic Item 4799,87.27,326,2025-05-22T05:43:26
4800,3,Home Decor Item 4800,467.97,290,2025-05-10T02:04:40
4801,3,Home Decor Item 4801,335.47,414,2025-06-11T23:42:33
4802,2,Electronic Item 4802,110.15,336,2025-06-29T12:45:41
4803,1,Fashion Item 4803,475.69,224,2025-03-14T01:14:59
4804,2,Electronic Item 4804,199.11,311,2025-06-21T10:27:40
4805,3,Home Decor Item 4805,341.6,289,2025-01-06T19:39:43
4806,4,Misc Item 4806,372.98,463,2025-11-18T11:38:57
4807,2,Electronic Item 4807,170.43,324,2025-04-23T00:54:35
4808,2,Electronic Item 4808,376.64,74,2025-08-12T01:43:33
4809,2,Electronic Item 4809,317.84,155,2025-04-29T11:15:06
4810,3,Home Decor Item 4810,138.89,90,2025-08-20T22:09:00
4811,2,Electronic Item 4811,57.15,180,2025-10-06T20:03:50
4812,1,Fashion Item 4812,192.32,262,2025-05-09T00:46:38
4813,3,Home Decor Item 4813,374.37,356,2025-03-04T13:46:45
4814,1,Fashion Item 4814,129.04,457,2025-07-20T06:13:52
4815,1,Fashion Item 4815,478.75,318,2024-11-29T19:07:35
4816,1,Fashion Item 4816,153.35,24,2025-02-12T11:15:14
4817,4,Misc Item 4817,274.51,278,2025-11-13T02:30:24
4818,1,Fashion Item 4818,213.31,34,2025-09-18T07:25:29
4819,2,Electronic Item 4819,393.6,323,2025-01-18T10:51:38
4820,4,Misc Item 4820,84.17,409,2025-11-13T04:07:40
4821,1,Fashion Item 4821,383.37,92,2025-11-12T06:42:30
4822,2,Electronic Item 4822,112.04,475,2025-08-19T22:05:56
4823,3,Home Decor Item 4823,149.09,2,2025-01-27T10:46:40
4824,1,Fashion Item 4824,65.49,304,2025-04-22T13:18:17
4825,1,Fashion Item 4825,177.1,9,2025-07-25T03:22:00
4826,2,Electronic Item 4826,289.77,352,2025-11-20T06:38:21
4827,3,Home Decor Item 4827,321.23,384,2025-10-17T14:04:08
4828,3,Home Decor Item 4828,91.21,150,2025-06-21T11:38:28
4829,1,Fashion Item 4829,457.01,160,2025-07-04T12:58:50
4830,1,Fashion Item 4830,488.3,29,2024-12-08T10:48:33
4831,2,Electronic Item 4831,268.85,95,2025-11-10T21:39:24
4832,1,Fashion Item 4832,495.68,368,2025-03-06T06:34:16
4833,1,Fashion Item 4833,358.13,328,2025-09-30T00:24:58
4834,2,Electronic Item 4834,342.23,12,2025-05-19T09:04:01
4835,3,Home Decor Item 4835,275.46,71,2024-12-12T18:10:09
4836,2,Electronic Item 4836,329.49,21,2025-09-05T03:42:35
4837,2,Electronic Item 4837,284.18,371,2025-07-02T00:53:35
4838,1,Fashion Item 4838,196.21,347,2025-11-14T03:13:38
4839,2,Electronic Item 4839,60.91,221,2025-04-01T11:22:16
4840,4,Misc Item 4840,8.49,163,2025-10-08T18:47:44
4841,4,Misc Item 4841,378.24,221,2025-04-14T22:24:31
4842,1,Fashion Item 4842,309.32,153,2025-10-15T13:19:33
4843,1,Fashion Item 4843,338.49,184,2025-08-18T04:05:52
4844,3,Home Decor Item 4844,35.02,175,2025-11-12T14:38:07
4845,2,Electronic Item 4845,86.09,149,2025-04-29T13:06:18
4846,3,Home Decor Item 4846,254.58,223,2025-04-09T08:42:53
4847,4,Misc Item 4847,326.95,201,2025-07-10T20:12:53
4848,4,Misc Item 4848,119.98,167,2025-11-24T03:51:26
4849,2,Electronic Item 4849,230.01,304,2025-04-14T22:05:55
4850,2,Electronic Item 4850,63.31,353,2025-02-19T22:19:17
4851,1,Fashion Item 4851,376.95,32,2025-08-20T21:36:59
4852,3,Home Decor Item 4852,269.41,37,2025-01-14T09:12:14
4853,1,Fashion Item 4853,160.83,33,2024-12-16T13:50:42
4854,3,Home Decor Item 4854,360.91,235,2025-11-01T16:37:08
4855,2,Electronic Item 4855,456.62,284,2025-05-03T23:48:53
4856,3,Home Decor Item 4856,226.68,338,2025-01-22T06:00:15
4857,4,Misc Item 4857,273.49,336,2025-03-06T02:32:13
4858,1,Fashion Item 4858,377.77,432,2025-07-09T18:42:59
4859,2,Electronic Item 4859,210.97,36,2025-01-31T18:36:18
4860,2,Electronic Item 4860,19.35,247,2025-11-07T10:14:03
4861,2,Electronic Item 4861,168.9,477,2025-03-24T13:55:52
4862,3,Home Decor Item 4862,279.78,128,2024-12-01T18:10:47
4863,2,Electronic Item 4863,330.27,165,2025-08-22T01:30:24
4864,2,Electronic Item 4864,323.94,93,2025-02-27T21:10:26
4865,2,Electronic Item 4865,121.68,362,2025-03-14T12:45:38
4866,2,Electronic Item 4866,438.82,97,2025-08-08T08:02:09
4867,4,Misc Item 4867,315.37,83,2024-12-03T21:38:29
4868,2,Electronic Item 4868,203.44,216,2025-08-18T08:50:38
4869,1,Fashion Item 4869,146.57,69,2024-12-15T14:21:37
4870,1,Fashion Item 4870,380.6,407,2024-12-15T18:17:47
4871,2,Electronic Item 4871,278.77,283,2025-04-27T14:23:40
4872,2,Electronic Item 4872,170.08,443,2025-08-03T22:22:44
4873,2,Electronic Item 4873,32.98,53,2025-04-30T15:28:52
4874,3,Home Decor Item 4874,62.76,353,2025-09-20T03:34:42
4875,4,Misc Item 4875,492.55,90,2025-04-28T23:12:45
4876,3,Home Decor Item 4876,266.45,214,2025-08-25T23:01:01
4877,1,Fashion Item 4877,185.08,409,2025-09-27T07:10:11
4878,4,Misc Item 4878,467.34,43,2025-10-19T03:05:28
4879,1,Fashion Item 4879,290.05,150,2025-02-09T18:49:09
4880,1,Fashion Item 4880,407.41,323,2025-02-16T11:34:22
4881,2,Electronic Item 4881,255.31,460,2025-05-24T04:12:26
4882,1,Fashion Item 4882,455.38,139,2025-03-20T07:33:37
4883,3,Home Decor Item 4883,147.7,300,2025-01-25T12:40:42
4884,3,Home Decor Item 4884,164.99,333,2025-01-12T08:24:39
4885,2,Electronic Item 4885,427.76,31,2025-04-03T19:24:54
4886,4,Misc Item 4886,327.2,408,2025-03-01T22:54:16
4887,4,Misc Item 4887,92.82,351,2025-07-30T05:08:58
4888,3,Home Decor Item 4888,281.06,133,2025-06-13T23:45:59
4889,1,Fashion Item 4889,205.23,153,2025-07-27T13:30:19
4890,4,Misc Item 4890,157.73,381,2025-11-02T07:46:42
4891,2,Electronic Item 4891,11.56,215,2025-01-28T16:45:03
4892,2,Electronic Item 4892,433.13,320,2025-04-29T22:05:59
4893,1,Fashion Item 4893,406.97,409,2025-10-25T12:01:54
4894,2,Electronic Item 4894,9.43,39,2025-07-13T14:59:04
4895,1,Fashion Item 4895,58.2,84,2025-06-17T06:50:32
4896,1,Fashion Item 4896,26.83,465,2025-07-20T05:00:16
4897,2,Electronic Item 4897,406.62,277,2025-04-28T12:18:08
4898,1,Fashion Item 4898,90.46,283,2025-05-11T04:00:45
4899,1,Fashion Item 4899,23.16,236,2025-01-14T16:32:26
4900,2,Electronic Item 4900,134.33,16,2025-10-26T07:21:16
4901,1,Fashion Item 4901,138.49,131,2025-05-11T06:25:09
4902,1,Fashion Item 4902,354.25,273,2025-04-25T04:27:26
4903,1,Fashion Item 4903,353.79,431,2025-06-15T09:06:55
4904,4,Misc Item 4904,331.55,357,2025-04-17T23:09:21
4905,2,Electronic Item 4905,19.21,160,2025-03-16T13:31:29
4906,2,Electronic Item 4906,425.07,106,2025-05-11T14:46:23
4907,1,Fashion Item 4907,314.74,20,2025-05-22T09:33:53
4908,3,Home Decor Item 4908,270.07,162,2025-11-24T20:42:06
4909,4,Misc Item 4909,173.8,413,2025-04-19T05:59:52
4910,3,Home Decor Item 4910,318.17,316,2025-01-07T16:58:34
4911,1,Fashion Item 4911,157.09,239,2025-05-10T06:18:03
4912,3,Home Decor Item 4912,48.1,45,2025-03-15T20:19:46
4913,2,Electronic Item 4913,420.04,146,2025-10-04T11:45:28
4914,1,Fashion Item 4914,150.23,256,2025-06-01T08:50:23
4915,2,Electronic Item 4915,171.5,410,2025-07-08T07:35:18
4916,3,Home Decor Item 4916,472.88,169,2025-11-07T14:38:20
4917,3,Home Decor Item 4917,164.76,458,2025-08-04T13:14:03
4918,3,Home Decor Item 4918,376.21,169,2025-10-20T00:43:01
4919,2,Electronic Item 4919,397.59,432,2025-01-04T05:03:09
4920,3,Home Decor Item 4920,387.56,436,2025-09-07T13:26:10
4921,2,Electronic Item 4921,283.49,389,2025-04-21T18:59:24
4922,2,Electronic Item 4922,131.12,447,2025-01-31T10:23:53
4923,3,Home Decor Item 4923,334.06,173,2025-07-13T05:32:17
4924,3,Home Decor Item 4924,174.53,365,2025-10-16T02:13:48
4925,2,Electronic Item 4925,163.48,428,2024-12-06T11:08:25
4926,3,Home Decor Item 4926,306.09,246,2025-05-18T21:54:23
4927,1,Fashion Item 4927,69.77,222,2025-09-03T06:07:51
4928,1,Fashion Item 4928,201.95,125,2025-08-14T21:19:51
4929,2,Electronic Item 4929,251.6,253,2025-08-22T14:34:55
4930,3,Home Decor Item 4930,451.46,308,2025-08-22T06:55:46
4931,1,Fashion Item 4931,477.45,33,2025-03-26T03:49:39
4932,1,Fashion Item 4932,414.99,411,2024-12-15T22:29:53
4933,1,Fashion Item 4933,47.98,332,2025-06-25T21:49:42
4934,1,Fashion Item 4934,94.46,8,2025-01-08T08:53:59
4935,2,Electronic Item 4935,278.9,24,2025-09-07T04:29:26
4936,4,Misc Item 4936,245.33,499,2025-04-29T12:46:02
4937,2,Electronic Item 4937,427.39,175,2025-04-07T17:10:47
4938,1,Fashion Item 4938,310.65,29,2025-08-12T21:48:50
4939,3,Home Decor Item 4939,349.43,103,2025-05-28T02:52:49
4940,2,Electronic Item 4940,289.23,190,2025-08-13T22:21:56
4941,3,Home Decor Item 4941,71.97,353,2025-07-23T00:03:24
4942,2,Electronic Item 4942,373.88,35,2025-06-20T07:04:54
4943,3,Home Decor Item 4943,19.1,11,2025-09-14T17:12:53
4944,1,Fashion Item 4944,222.81,367,2025-10-03T19:16:43
4945,1,Fashion Item 4945,255.99,223,2025-09-08T03:00:51
4946,3,Home Decor Item 4946,131.21,69,2025-04-08T09:50:46
4947,1,Fashion Item 4947,285.56,422,2025-03-28T00:46:29
4948,1,Fashion Item 4948,371.56,396,2025-05-26T12:27:18
4949,2,Electronic Item 4949,60.27,191,2025-02-21T00:20:34
4950,4,Misc Item 4950,281.87,457,2025-10-14T09:22:43
4951,4,Misc Item 4951,195.13,371,2025-06-09T08:10:11
4952,1,Fashion Item 4952,409.17,336,2025-06-29T20:03:15
4953,1,Fashion Item 4953,413.21,3,2025-11-11T21:32:10
4954,1,Fashion Item 4954,82.32,448,2025-03-02T17:14:42
4955,1,Fashion Item 4955,249.39,4,2025-10-22T12:38:31
4956,2,Electronic Item 4956,176.59,23,2025-09-24T19:57:17
4957,3,Home Decor Item 4957,309.95,385,2025-08-02T15:30:12
4958,4,Misc Item 4958,372.74,464,2025-03-15T05:54:32
4959,3,Home Decor Item 4959,233.41,460,2024-11-28T05:44:30
4960,3,Home Decor Item 4960,214.56,344,2025-07-23T03:04:10
4961,1,Fashion Item 4961,246.23,316,2025-09-23T03:43:35
4962,2,Electronic Item 4962,422.3,249,2025-06-03T20:24:59
4963,3,Home Decor Item 4963,334.99,103,2025-09-23T10:28:40
4964,4,Misc Item 4964,479.94,348,2025-10-31T15:31:33
4965,1,Fashion Item 4965,372.64,56,2024-12-07T19:05:12
4966,3,Home Decor Item 4966,45.07,215,2025-04-28T10:32:45
4967,2,Electronic Item 4967,213.19,382,2025-07-27T16:47:46
4968,1,Fashion Item 4968,286.49,189,2025-06-20T02:34:31
4969,1,Fashion Item 4969,295.57,212,2025-08-23T00:06:05
4970,4,Misc Item 4970,257.83,191,2025-05-08T08:49:24
4971,2,Electronic Item 4971,45.35,74,2025-01-02T15:16:48
4972,2,Electronic Item 4972,381.11,449,2025-05-12T09:48:57
4973,2,Electronic Item 4973,287.68,423,2025-03-12T08:04:39
4974,1,Fashion Item 4974,215.3,114,2025-10-28T18:16:15
4975,1,Fashion Item 4975,106.41,292,2025-08-26T00:21:14
4976,2,Electronic Item 4976,70.91,2,2025-09-27T02:02:21
4977,2,Electronic Item 4977,360.65,5,2025-10-01T13:09:39
4978,3,Home Decor Item 4978,49.79,422,2025-03-14T15:26:25
4979,3,Home Decor Item 4979,184.6,177,2025-08-03T16:47:07
4980,1,Fashion Item 4980,209.55,178,2025-04-27T13:47:41
4981,2,Electronic Item 4981,189.99,317,2025-07-02T00:52:19
4982,1,Fashion Item 4982,152.49,4,2024-11-29T05:38:12
4983,2,Electronic Item 4983,14.14,385,2025-09-22T19:41:23
4984,1,Fashion Item 4984,348.91,195,2025-08-13T19:05:41
4985,3,Home Decor Item 4985,420.33,41,2025-09-28T10:39:04
4986,4,Misc Item 4986,418.23,276,2025-11-25T15:17:39
4987,4,Misc Item 4987,332.35,287,2025-06-08T23:38:46
4988,1,Fashion Item 4988,465.41,257,2025-10-17T13:56:01
4989,3,Home Decor Item 4989,108.5,200,2025-04-23T16:54:29
4990,2,Electronic Item 4990,256.02,332,2025-07-24T01:09:26
4991,2,Electronic Item 4991,171.46,98,2025-08-16T13:02:03
4992,3,Home Decor Item 4992,302.6,15,2025-08-03T13:03:44
4993,3,Home Decor Item 4993,58.29,102,2025-09-08T21:47:13
4994,4,Misc Item 4994,168.36,231,2025-10-07T09:43:53
4995,3,Home Decor Item 4995,415.02,374,2025-07-23T04:56:18
4996,2,Electronic Item 4996,38.19,358,2025-05-07T18:55:01
4997,1,Fashion Item 4997,273.2,36,2025-03-15T17:58:42
4998,2,Electronic Item 4998,450.23,465,2025-11-25T04:14:06
4999,2,Electronic Item 4999,223.65,211,2025-07-12T10:00:43
5000,3,Home Decor Item 5000,207.06,180,2025-04-15T15:51:09
