session_id,user_id,device_type,start_time
sess_1,1,laptop,2025-06-15T21:13:44
sess_2,1,laptop,2025-08-04T20:31:04
sess_3,1,laptop,2025-09-22T17:47:59
sess_4,2,phone,2025-09-28T14:29:33
sess_5,2,laptop,2025-11-07T03:45:45
sess_6,3,tablet,2025-10-18T17:52:47
sess_7,3,tablet,2025-11-17T02:33:27
sess_8,3,laptop,2025-06-09T02:47:52
sess_9,4,phone,2025-07-10T16:57:21
sess_10,4,tablet,2025-11-11T10:00:18
sess_11,4,tablet,2025-08-30T05:14:24
sess_12,4,tablet,2025-06-21T09:37:16
sess_13,4,laptop,2025-06-10T16:27:17
sess_14,5,laptop,2025-06-07T04:57:35
sess_15,5,tablet,2025-07-11T02:11:35
sess_16,5,phone,2025-09-28T16:15:42
sess_17,5,tablet,2025-09-14T23:31:50
sess_18,6,phone,2025-07-09T00:37:52
sess_19,6,laptop,2025-08-05T13:01:46
sess_20,6,phone,2025-09-03T14:56:26
sess_21,7,laptop,2025-07-04T00:23:07
sess_22,7,tablet,2025-10-16T19:44:58
sess_23,7,phone,2025-10-09T16:06:27
sess_24,8,phone,2025-11-01T11:38:03
sess_25,8,phone,2025-07-14T13:58:25
sess_26,8,tablet,2025-09-06T08:02:23
sess_27,8,laptop,2025-07-10T17:42:58
sess_28,9,tablet,2025-07-28T23:33:52
sess_29,9,laptop,2025-11-17T17:31:51
sess_30,10,tablet,2025-10-13T00:39:33
sess_31,10,laptop,2025-10-26T13:01:45
sess_32,10,laptop,2025-10-18T09:24:54
sess_33,11,laptop,2025-06-15T23:05:16
sess_34,11,tablet,2025-07-12T10:26:38
sess_35,12,phone,2025-07-18T19:00:55
sess_36,12,tablet,2025-08-22T13:42:02
sess_37,12,tablet,2025-11-06T17:59:45
sess_38,13,tablet,2025-09-19T12:54:40
sess_39,13,laptop,2025-11-20T12:10:15
sess_40,13,phone,2025-11-01T19:28:59
sess_41,13,laptop,2025-08-19T00:59:11
sess_42,14,phone,2025-10-05T23:44:36
sess_43,14,tablet,2025-07-02T20:58:14
sess_44,14,tablet,2025-06-07T02:05:59
sess_45,15,tablet,2025-09-11T03:07:27
sess_46,15,laptop,2025-08-17T00:12:01
sess_47,15,laptop,2025-07-26T09:57:53
sess_48,16,tablet,2025-10-25T06:02:31
sess_49,16,tablet,2025-06-06T04:42:51
sess_50,17,tablet,2025-08-21T15:37:30
sess_51,18,laptop,2025-11-18T00:36:37
sess_52,18,laptop,2025-11-17T22:07:14
sess_53,18,laptop,2025-11-07T10:11:54
sess_54,19,phone,2025-06-04T00:14:54
sess_55,19,phone,2025-10-14T09:56:47
sess_56,20,phone,2025-07-01T22:06:52
sess_57,21,tablet,2025-08-13T02:12:04
sess_58,21,tablet,2025-09-20T07:26:13
sess_59,22,phone,2025-08-26T03:30:54
sess_60,22,phone,2025-11-18T07:25:13
sess_61,22,tablet,2025-06-10T17:20:35
sess_62,22,tablet,2025-10-21T15:02:53
sess_63,23,tablet,2025-09-02T23:16:13
sess_64,23,phone,2025-10-30T18:32:31
sess_65,23,phone,2025-08-29T07:17:58
sess_66,23,phone,2025-08-12T18:34:45
sess_67,23,tablet,2025-09-15T09:24:59
sess_68,24,phone,2025-06-24T11:26:17
sess_69,24,phone,2025-08-20T19:05:58
sess_70,25,tablet,2025-10-13T08:36:19
sess_71,25,tablet,2025-07-04T17:54:05
sess_72,25,phone,2025-07-18T17:54:43
sess_73,26,tablet,2025-08-14T08:05:53
sess_74,26,phone,2025-11-02T02:05:54
sess_75,26,phone,2025-10-27T11:34:10
sess_76,26,phone,2025-06-04T10:24:01
sess_77,26,tablet,2025-07-08T10:20:42
sess_78,27,tablet,2025-06-30T11:35:26
sess_79,28,tablet,2025-06-05T11:51:52
sess_80,28,laptop,2025-11-27T02:50:52
sess_81,28,phone,2025-09-21T11:20:15
sess_82,28,laptop,2025-11-25T20:48:24
sess_83,29,tablet,2025-07-22T06:35:30
sess_84,29,tablet,2025-06-30T03:31:06
sess_85,30,tablet,2025-07-29T21:44:53
sess_86,31,laptop,2025-07-14T19:31:49
sess_87,31,phone,2025-09-21T02:27:38
sess_88,31,laptop,2025-05-30T15:28:00
sess_89,31,phone,2025-06-17T21:21:51
sess_90,32,tablet,2025-10-10T19:37:11
sess_91,32,laptop,2025-07-20T16:03:01
sess_92,32,tablet,2025-11-24T05:25:00
sess_93,32,phone,2025-10-27T17:02:01
sess_94,33,tablet,2025-11-01T22:59:02
sess_95,34,laptop,2025-11-22T19:01:20
sess_96,34,tablet,2025-10-09T07:02:43
sess_97,34,tablet,2025-11-17T19:26:57
sess_98,34,tablet,2025-08-10T20:50:23
sess_99,34,tablet,2025-09-02T07:00:05
sess_100,35,phone,2025-07-29T06:16:57
sess_101,36,phone,2025-06-19T22:32:01
sess_102,36,tablet,2025-11-21T10:28:33
sess_103,37,tablet,2025-10-20T00:17:19
sess_104,37,laptop,2025-06-14T10:19:34
sess_105,37,tablet,2025-07-27T06:15:01
sess_106,37,tablet,2025-08-11T10:52:24
sess_107,38,laptop,2025-10-25T01:03:07
sess_108,38,phone,2025-10-24T11:40:07
sess_109,38,laptop,2025-06-22T04:58:20
sess_110,39,phone,2025-06-21T10:53:42
sess_111,39,laptop,2025-08-04T08:59:27
sess_112,39,laptop,2025-11-16T22:30:53
sess_113,40,laptop,2025-06-02T09:17:57
sess_114,40,phone,2025-11-21T13:20:37
sess_115,40,laptop,2025-10-30T01:01:32
sess_116,41,laptop,2025-09-30T12:32:03
sess_117,41,phone,2025-07-17T01:14:03
sess_118,42,laptop,2025-10-28T17:22:22
sess_119,42,tablet,2025-06-20T13:07:14
sess_120,42,laptop,2025-09-22T10:48:14
sess_121,42,laptop,2025-06-18T06:05:46
sess_122,42,tablet,2025-07-15T14:13:59
sess_123,43,laptop,2025-07-26T12:28:59
sess_124,43,laptop,2025-07-27T02:43:45
sess_125,43,laptop,2025-10-26T04:43:36
sess_126,44,tablet,2025-10-25T13:09:47
sess_127,44,tablet,2025-09-20T06:36:29
sess_128,44,tablet,2025-11-09T21:30:46
sess_129,44,tablet,2025-10-18T07:04:50
sess_130,45,tablet,2025-07-01T22:30:57
sess_131,45,laptop,2025-10-18T12:23:25
sess_132,46,phone,2025-11-15T19:21:45
sess_133,47,tablet,2025-10-17T07:03:10
sess_134,47,tablet,2025-07-15T06:16:31
sess_135,47,phone,2025-10-09T03:15:18
sess_136,47,tablet,2025-10-21T14:15:40
sess_137,48,phone,2025-07-16T07:30:31
sess_138,48,tablet,2025-09-10T19:22:43
sess_139,49,laptop,2025-06-08T01:18:05
sess_140,49,laptop,2025-11-07T23:47:08
sess_141,49,tablet,2025-08-21T20:04:04
sess_142,49,tablet,2025-09-17T11:46:19
sess_143,49,tablet,2025-09-02T05:47:09
sess_144,50,laptop,2025-10-13T20:01:27
sess_145,50,tablet,2025-09-23T18:33:44
sess_146,50,tablet,2025-06-28T05:39:47
sess_147,51,phone,2025-08-15T01:15:44
sess_148,51,tablet,2025-10-18T13:07:05
sess_149,51,tablet,2025-09-21T06:23:00
sess_150,51,tablet,2025-08-04T11:54:01
sess_151,52,tablet,2025-06-08T22:31:41
sess_152,52,phone,2025-10-13T05:46:51
sess_153,52,laptop,2025-09-07T02:48:49
sess_154,53,laptop,2025-05-31T08:43:25
sess_155,53,phone,2025-07-05T10:18:17
sess_156,53,phone,2025-08-13T15:43:48
sess_157,53,laptop,2025-10-20T10:54:32
sess_158,53,laptop,2025-07-05T18:58:22
sess_159,54,phone,2025-08-25T10:39:10
sess_160,55,tablet,2025-09-23T04:33:18
sess_161,55,phone,2025-07-29T19:39:38
sess_162,56,tablet,2025-09-11T16:00:55
sess_163,56,laptop,2025-07-22T17:33:06
sess_164,56,phone,2025-10-21T23:40:58
sess_165,57,tablet,2025-08-17T23:43:40
sess_166,58,phone,2025-06-03T12:50:27
sess_167,58,laptop,2025-07-22T19:11:56
sess_168,58,tablet,2025-06-26T06:48:56
sess_169,59,tablet,2025-11-08T01:14:34
sess_170,59,phone,2025-06-10T12:28:44
sess_171,59,laptop,2025-09-05T19:53:46
sess_172,59,tablet,2025-11-09T08:04:23
sess_173,60,laptop,2025-06-29T13:37:29
sess_174,61,phone,2025-08-06T11:51:57
sess_175,61,phone,2025-08-20T05:14:13
sess_176,61,phone,2025-09-19T07:04:35
sess_177,61,laptop,2025-10-21T10:55:40
sess_178,62,laptop,2025-06-30T08:56:18
sess_179,62,phone,2025-10-26T18:50:51
sess_180,63,phone,2025-09-02T20:22:57
sess_181,63,tablet,2025-07-13T04:09:54
sess_182,64,laptop,2025-08-24T10:41:15
sess_183,64,laptop,2025-06-08T16:20:51
sess_184,64,laptop,2025-10-19T06:34:00
sess_185,64,laptop,2025-08-11T17:56:21
sess_186,65,laptop,2025-10-01T07:07:50
sess_187,65,tablet,2025-08-28T19:17:48
sess_188,66,laptop,2025-07-03T10:24:31
sess_189,66,phone,2025-07-18T05:59:13
sess_190,66,laptop,2025-07-31T04:25:10
sess_191,66,phone,2025-09-30T07:56:02
sess_192,66,phone,2025-11-01T10:37:49
sess_193,67,laptop,2025-07-30T18:35:32
sess_194,68,phone,2025-11-16T23:25:03
sess_195,69,tablet,2025-09-09T17:41:43
sess_196,69,phone,2025-08-31T12:26:06
sess_197,69,phone,2025-10-05T15:54:37
sess_198,69,laptop,2025-09-22T00:11:38
sess_199,70,phone,2025-06-19T19:46:34
sess_200,70,tablet,2025-08-22T22:13:07
sess_201,70,phone,2025-09-03T00:23:37
sess_202,71,tablet,2025-06-18T17:41:35
sess_203,72,tablet,2025-11-19T02:52:52
sess_204,72,tablet,2025-06-12T23:55:46
sess_205,72,tablet,2025-09-03T06:38:49
sess_206,72,laptop,2025-07-27T19:29:54
sess_207,72,laptop,2025-07-17T12:50:48
sess_208,73,tablet,2025-08-03T00:40:34
sess_209,73,phone,2025-10-30T02:17:22
sess_210,73,tablet,2025-09-16T23:48:19
sess_211,73,tablet,2025-09-23T20:06:33
sess_212,74,phone,2025-11-10T06:40:20
sess_213,74,laptop,2025-06-07T16:02:47
sess_214,74,phone,2025-10-22T10:25:00
sess_215,74,laptop,2025-10-01T03:03:22
sess_216,74,tablet,2025-08-07T08:00:05
sess_217,75,tablet,2025-10-04T06:29:10
sess_218,75,laptop,2025-10-23T04:50:45
sess_219,75,phone,2025-10-23T06:30:20
sess_220,75,tablet,2025-10-20T04:12:54
sess_221,75,phone,2025-09-12T05:55:48
sess_222,76,tablet,2025-07-16T05:25:20
sess_223,76,laptop,2025-08-30T03:57:57
sess_224,76,phone,2025-11-09T12:06:31
sess_225,76,phone,2025-08-22T08:31:46
sess_226,76,laptop,2025-09-24T06:31:44
sess_227,77,laptop,2025-09-28T17:29:50
sess_228,77,phone,2025-07-17T07:26:14
sess_229,77,laptop,2025-09-17T21:45:38
sess_230,77,phone,2025-10-16T12:42:22
sess_231,78,laptop,2025-06-20T03:52:36
sess_232,78,phone,2025-11-05T16:06:14
sess_233,78,phone,2025-08-14T04:44:08
sess_234,79,laptop,2025-07-27T10:37:25
sess_235,79,phone,2025-10-27T12:59:20
sess_236,79,tablet,2025-07-12T20:05:04
sess_237,79,laptop,2025-09-15T07:45:18
sess_238,80,tablet,2025-08-02T22:06:59
sess_239,80,tablet,2025-06-06T23:37:23
sess_240,81,tablet,2025-09-25T15:42:09
sess_241,81,tablet,2025-08-27T06:03:43
sess_242,81,phone,2025-07-03T14:30:32
sess_243,82,phone,2025-07-13T23:27:57
sess_244,82,tablet,2025-09-09T07:23:52
sess_245,82,tablet,2025-10-14T08:10:08
sess_246,83,phone,2025-07-06T06:12:35
sess_247,83,laptop,2025-10-18T03:08:58
sess_248,83,tablet,2025-08-10T18:35:31
sess_249,83,tablet,2025-11-10T13:19:18
sess_250,83,laptop,2025-11-13T02:54:39
sess_251,84,laptop,2025-06-21T23:06:24
sess_252,85,phone,2025-08-02T03:23:27
sess_253,86,tablet,2025-05-31T03:30:34
sess_254,86,laptop,2025-06-22T17:04:40
sess_255,87,laptop,2025-09-20T08:25:32
sess_256,88,tablet,2025-06-20T19:21:21
sess_257,88,tablet,2025-09-03T01:58:04
sess_258,89,laptop,2025-09-25T01:16:29
sess_259,89,laptop,2025-06-11T18:41:20
sess_260,90,tablet,2025-09-11T08:17:04
sess_261,90,tablet,2025-11-03T11:32:52
sess_262,90,tablet,2025-11-05T06:21:55
sess_263,90,tablet,2025-10-17T21:59:04
sess_264,91,laptop,2025-11-21T04:02:11
sess_265,92,phone,2025-09-20T15:29:08
sess_266,92,laptop,2025-08-23T16:15:31
sess_267,92,tablet,2025-10-17T20:44:21
sess_268,93,laptop,2025-07-02T05:11:40
sess_269,94,phone,2025-09-30T05:25:51
sess_270,94,laptop,2025-06-24T10:28:49
sess_271,94,tablet,2025-09-20T11:05:12
sess_272,95,laptop,2025-10-13T19:03:57
sess_273,95,tablet,2025-07-15T19:07:37
sess_274,96,laptop,2025-06-09T21:19:10
sess_275,96,tablet,2025-11-22T18:46:49
sess_276,96,phone,2025-07-16T08:46:00
sess_277,97,tablet,2025-09-01T03:14:37
sess_278,97,laptop,2025-07-16T22:35:01
sess_279,97,tablet,2025-06-23T11:59:26
sess_280,98,laptop,2025-10-23T17:09:22
sess_281,98,tablet,2025-06-29T00:56:26
sess_282,98,laptop,2025-07-31T23:49:35
sess_283,98,phone,2025-08-31T14:09:15
sess_284,98,tablet,2025-09-03T08:59:17
sess_285,99,phone,2025-07-08T09:06:41
sess_286,100,laptop,2025-09-06T04:11:51
sess_287,100,laptop,2025-09-11T16:16:53
sess_288,100,tablet,2025-11-14T00:23:18
sess_289,101,phone,2025-09-15T15:30:41
sess_290,101,tablet,2025-07-07T09:25:26
sess_291,101,laptop,2025-10-06T04:09:59
sess_292,101,phone,2025-08-08T11:09:33
sess_293,101,laptop,2025-08-08T11:42:50
sess_294,102,laptop,2025-11-19T06:40:23
sess_295,102,laptop,2025-06-19T13:51:19
sess_296,102,tablet,2025-08-24T17:10:33
sess_297,102,phone,2025-10-04T10:37:48
sess_298,103,phone,2025-11-08T04:18:31
sess_299,103,tablet,2025-08-21T14:21:43
sess_300,104,laptop,2025-06-02T01:58:09
sess_301,104,tablet,2025-07-05T22:03:04
sess_302,104,tablet,2025-09-01T14:21:47
sess_303,105,laptop,2025-06-18T12:03:20
sess_304,105,tablet,2025-06-28T23:13:57
sess_305,105,tablet,2025-11-07T22:47:23
sess_306,105,tablet,2025-11-19T15:07:06
sess_307,106,phone,2025-08-30T05:27:25
sess_308,106,laptop,2025-07-06T08:12:50
sess_309,107,phone,2025-09-07T04:32:26
sess_310,107,laptop,2025-06-04T14:16:56
sess_311,107,tablet,2025-06-27T00:47:08
sess_312,107,laptop,2025-06-26T03:36:36
sess_313,108,tablet,2025-06-12T22:28:15
sess_314,109,phone,2025-09-17T19:30:00
sess_315,109,tablet,2025-10-13T09:56:04
sess_316,109,laptop,2025-10-31T05:04:17
sess_317,109,laptop,2025-08-13T10:51:59
sess_318,109,tablet,2025-06-25T20:34:11
sess_319,110,phone,2025-10-03T04:44:52
sess_320,110,phone,2025-11-12T09:33:46
sess_321,110,phone,2025-09-22T02:46:49
sess_322,111,tablet,2025-09-28T01:38:00
sess_323,111,phone,2025-11-01T03:40:49
sess_324,111,laptop,2025-10-11T16:33:14
sess_325,111,tablet,2025-08-22T14:50:44
sess_326,112,laptop,2025-06-04T01:46:55
sess_327,112,laptop,2025-11-17T08:01:44
sess_328,112,laptop,2025-11-23T13:19:33
sess_329,112,phone,2025-11-01T16:49:13
sess_330,113,tablet,2025-10-13T04:40:04
sess_331,114,phone,2025-11-04T23:35:01
sess_332,115,laptop,2025-08-30T00:59:55
sess_333,115,tablet,2025-06-02T08:28:11
sess_334,115,phone,2025-08-09T06:11:51
sess_335,116,tablet,2025-08-15T17:53:52
sess_336,116,tablet,2025-10-04T08:54:08
sess_337,116,tablet,2025-10-07T14:25:21
sess_338,117,laptop,2025-10-13T06:23:28
sess_339,117,laptop,2025-08-12T11:32:03
sess_340,117,phone,2025-08-06T04:28:55
sess_341,117,tablet,2025-09-27T05:08:24
sess_342,117,phone,2025-10-28T18:55:20
sess_343,118,laptop,2025-06-26T23:15:01
sess_344,118,tablet,2025-11-07T08:05:01
sess_345,118,phone,2025-11-26T09:41:02
sess_346,118,tablet,2025-08-15T21:58:48
sess_347,118,tablet,2025-10-14T09:00:01
sess_348,119,laptop,2025-09-21T09:26:18
sess_349,120,phone,2025-07-16T08:11:41
sess_350,120,phone,2025-08-08T05:18:12
sess_351,120,laptop,2025-06-26T11:01:11
sess_352,120,laptop,2025-10-29T16:16:26
sess_353,120,tablet,2025-08-20T17:10:08
sess_354,121,tablet,2025-09-19T00:59:49
sess_355,122,phone,2025-08-28T04:26:40
sess_356,123,laptop,2025-07-16T01:46:38
sess_357,123,tablet,2025-11-13T15:58:17
sess_358,124,phone,2025-07-07T03:26:00
sess_359,124,phone,2025-08-14T01:23:39
sess_360,124,tablet,2025-09-24T10:57:49
sess_361,124,tablet,2025-11-26T11:42:21
sess_362,125,phone,2025-06-15T19:01:00
sess_363,125,tablet,2025-08-17T18:17:48
sess_364,125,laptop,2025-09-16T11:59:42
sess_365,125,tablet,2025-08-03T22:32:07
sess_366,126,laptop,2025-08-18T18:12:03
sess_367,126,tablet,2025-08-12T13:05:52
sess_368,127,phone,2025-07-24T18:04:33
sess_369,128,phone,2025-05-30T08:57:29
sess_370,128,phone,2025-11-15T06:22:26
sess_371,128,phone,2025-09-13T22:48:52
sess_372,129,laptop,2025-08-16T16:31:06
sess_373,129,laptop,2025-06-15T19:11:27
sess_374,129,laptop,2025-06-23T08:07:14
sess_375,129,laptop,2025-10-26T18:52:07
sess_376,129,phone,2025-07-20T23:54:40
sess_377,130,phone,2025-06-18T05:02:16
sess_378,130,phone,2025-08-29T06:36:44
sess_379,131,phone,2025-07-30T12:10:47
sess_380,131,tablet,2025-10-04T15:58:15
sess_381,131,laptop,2025-06-12T23:14:21
sess_382,132,tablet,2025-07-02T20:25:37
sess_383,133,tablet,2025-06-10T22:50:10
sess_384,133,phone,2025-11-17T10:30:17
sess_385,133,tablet,2025-08-21T04:57:00
sess_386,133,laptop,2025-10-27T23:38:03
sess_387,133,tablet,2025-06-03T10:02:08
sess_388,134,laptop,2025-06-19T13:45:10
sess_389,135,tablet,2025-11-15T05:59:49
sess_390,135,laptop,2025-09-30T01:41:11
sess_391,135,laptop,2025-07-22T03:38:11
sess_392,135,laptop,2025-09-12T14:58:53
sess_393,136,tablet,2025-11-25T01:11:04
sess_394,136,laptop,2025-08-19T10:18:01
sess_395,137,tablet,2025-08-13T11:52:16
sess_396,137,phone,2025-10-02T07:12:39
sess_397,137,laptop,2025-09-28T17:35:39
sess_398,137,tablet,2025-09-07T19:21:59
sess_399,138,laptop,2025-10-20T15:19:15
sess_400,139,tablet,2025-11-25T13:10:57
sess_401,139,tablet,2025-09-23T16:37:47
sess_402,140,phone,2025-08-09T19:29:58
sess_403,140,tablet,2025-06-27T14:29:35
sess_404,140,tablet,2025-08-01T16:10:07
sess_405,141,tablet,2025-06-15T15:20:35
sess_406,141,phone,2025-07-01T06:07:00
sess_407,141,laptop,2025-10-14T11:25:13
sess_408,142,phone,2025-08-28T14:00:00
sess_409,142,phone,2025-10-13T18:41:00
sess_410,142,laptop,2025-06-13T16:56:45
sess_411,142,tablet,2025-07-09T21:20:22
sess_412,142,phone,2025-07-06T10:12:52
sess_413,143,tablet,2025-09-28T03:54:56
sess_414,143,laptop,2025-07-24T10:17:04
sess_415,143,laptop,2025-09-15T00:25:42
sess_416,143,laptop,2025-06-09T19:37:54
sess_417,144,tablet,2025-11-09T14:42:21
sess_418,144,laptop,2025-07-03T09:20:00
sess_419,144,laptop,2025-06-16T02:41:14
sess_420,145,tablet,2025-11-02T18:41:27
sess_421,145,phone,2025-07-05T03:12:08
sess_422,145,tablet,2025-08-06T03:04:01
sess_423,145,phone,2025-10-08T00:09:23
sess_424,146,tablet,2025-06-26T16:31:38
sess_425,146,laptop,2025-09-06T05:26:23
sess_426,146,tablet,2025-09-04T21:15:20
sess_427,147,phone,2025-09-12T07:22:29
sess_428,148,phone,2025-08-20T13:19:30
sess_429,148,laptop,2025-08-17T09:05:21
sess_430,148,phone,2025-06-29T11:20:17
sess_431,148,phone,2025-07-20T06:43:53
sess_432,148,phone,2025-08-25T16:52:16
sess_433,149,phone,2025-08-13T11:09:11
sess_434,149,tablet,2025-08-22T08:42:02
sess_435,149,tablet,2025-11-06T04:59:36
sess_436,149,tablet,2025-08-13T08:15:26
sess_437,150,tablet,2025-07-19T19:03:22
sess_438,150,laptop,2025-08-16T15:32:41
sess_439,150,laptop,2025-06-14T15:43:36
sess_440,151,tablet,2025-06-29T14:46:22
sess_441,151,laptop,2025-10-13T03:51:14
sess_442,151,phone,2025-11-10T10:03:36
sess_443,151,tablet,2025-11-25T17:39:52
sess_444,151,tablet,2025-11-07T06:08:34
sess_445,152,phone,2025-08-27T06:29:54
sess_446,152,laptop,2025-10-28T22:31:47
sess_447,152,laptop,2025-10-15T20:08:03
sess_448,153,laptop,2025-09-01T06:10:56
sess_449,153,phone,2025-10-18T14:52:08
sess_450,154,tablet,2025-07-18T19:13:33
sess_451,154,laptop,2025-10-03T04:40:32
sess_452,154,laptop,2025-08-04T05:54:35
sess_453,154,tablet,2025-09-20T21:30:53
sess_454,155,laptop,2025-09-29T15:04:08
sess_455,156,phone,2025-11-24T12:04:47
sess_456,156,phone,2025-10-04T00:36:06
sess_457,156,laptop,2025-07-21T07:38:22
sess_458,157,phone,2025-07-02T16:01:11
sess_459,157,phone,2025-09-01T16:04:51
sess_460,158,tablet,2025-06-16T04:06:05
sess_461,158,laptop,2025-09-01T15:40:19
sess_462,158,laptop,2025-07-30T15:58:48
sess_463,159,phone,2025-10-24T16:09:41
sess_464,159,phone,2025-11-21T06:42:34
sess_465,159,phone,2025-10-26T07:48:13
sess_466,159,laptop,2025-09-03T20:36:52
sess_467,159,laptop,2025-06-02T04:24:39
sess_468,160,laptop,2025-07-18T04:07:19
sess_469,161,phone,2025-07-29T01:00:10
sess_470,161,laptop,2025-10-26T19:09:08
sess_471,161,tablet,2025-06-23T05:46:59
sess_472,161,phone,2025-08-11T13:30:52
sess_473,161,tablet,2025-10-29T06:42:32
sess_474,162,phone,2025-10-10T21:28:20
sess_475,162,phone,2025-09-03T14:10:32
sess_476,162,tablet,2025-09-01T15:37:57
sess_477,162,phone,2025-10-09T15:17:00
sess_478,162,phone,2025-11-04T20:00:16
sess_479,163,phone,2025-07-16T10:58:27
sess_480,163,phone,2025-08-10T18:37:24
sess_481,163,tablet,2025-08-24T05:24:59
sess_482,163,laptop,2025-11-01T05:12:09
sess_483,163,tablet,2025-09-11T21:45:15
sess_484,164,laptop,2025-06-06T19:43:13
sess_485,164,tablet,2025-08-28T17:55:50
sess_486,164,laptop,2025-10-22T02:17:14
sess_487,164,laptop,2025-09-18T10:08:09
sess_488,164,tablet,2025-10-09T20:21:49
sess_489,165,laptop,2025-09-20T18:19:15
sess_490,165,laptop,2025-10-19T03:00:09
sess_491,165,tablet,2025-07-07T10:16:37
sess_492,166,phone,2025-06-17T14:25:15
sess_493,166,laptop,2025-10-19T20:55:29
sess_494,166,tablet,2025-10-13T01:14:10
sess_495,166,phone,2025-07-16T17:13:22
sess_496,166,tablet,2025-08-12T09:11:06
sess_497,167,laptop,2025-10-25T12:50:33
sess_498,168,phone,2025-09-02T13:09:30
sess_499,168,tablet,2025-11-27T04:51:25
sess_500,169,tablet,2025-08-25T13:52:31
sess_501,169,phone,2025-08-06T02:26:54
sess_502,170,tablet,2025-09-05T07:55:26
sess_503,170,laptop,2025-09-06T13:41:03
sess_504,171,phone,2025-10-21T13:55:48
sess_505,171,phone,2025-10-21T22:09:30
sess_506,172,tablet,2025-09-14T07:57:03
sess_507,172,phone,2025-09-06T11:57:08
sess_508,172,phone,2025-07-13T19:32:41
sess_509,173,phone,2025-09-01T09:07:42
sess_510,173,phone,2025-08-24T07:59:33
sess_511,173,tablet,2025-08-19T15:18:25
sess_512,174,laptop,2025-11-09T06:05:54
sess_513,175,laptop,2025-08-22T00:07:20
sess_514,175,tablet,2025-11-06T21:07:15
sess_515,175,phone,2025-10-13T15:45:21
sess_516,175,laptop,2025-07-07T09:47:13
sess_517,176,laptop,2025-06-10T11:42:24
sess_518,176,laptop,2025-09-19T05:50:17
sess_519,176,tablet,2025-07-07T17:02:56
sess_520,176,laptop,2025-08-16T13:15:15
sess_521,177,laptop,2025-10-04T05:22:34
sess_522,177,laptop,2025-08-26T08:29:42
sess_523,178,tablet,2025-07-04T09:48:11
sess_524,178,tablet,2025-09-17T10:11:12
sess_525,178,tablet,2025-10-23T03:52:00
sess_526,178,phone,2025-07-08T08:26:12
sess_527,178,tablet,2025-10-17T04:23:26
sess_528,179,tablet,2025-11-25T22:25:57
sess_529,179,phone,2025-10-31T12:57:55
sess_530,179,phone,2025-07-02T06:34:45
sess_531,179,tablet,2025-11-20T01:45:57
sess_532,179,phone,2025-06-16T02:48:02
sess_533,180,tablet,2025-09-20T21:48:07
sess_534,180,phone,2025-10-30T10:41:43
sess_535,180,laptop,2025-07-08T19:54:53
sess_536,180,phone,2025-10-05T11:37:51
sess_537,181,phone,2025-08-26T03:07:51
sess_538,181,tablet,2025-09-08T02:22:12
sess_539,181,tablet,2025-10-22T17:24:30
sess_540,181,tablet,2025-11-06T08:21:23
sess_541,182,tablet,2025-11-20T12:46:33
sess_542,182,tablet,2025-11-23T01:32:10
sess_543,183,phone,2025-06-08T18:57:09
sess_544,183,phone,2025-11-26T08:53:13
sess_545,184,laptop,2025-09-21T21:34:35
sess_546,185,laptop,2025-07-19T02:41:52
sess_547,185,tablet,2025-08-08T00:03:34
sess_548,186,tablet,2025-11-10T11:28:33
sess_549,186,laptop,2025-06-15T03:08:54
sess_550,186,laptop,2025-06-23T08:20:37
sess_551,186,tablet,2025-07-11T19:28:14
sess_552,187,tablet,2025-11-06T04:55:01
sess_553,187,laptop,2025-11-10T16:51:59
sess_554,188,tablet,2025-06-20T08:50:15
sess_555,188,phone,2025-09-18T20:06:27
sess_556,188,phone,2025-06-24T18:11:09
sess_557,188,phone,2025-07-13T05:19:20
sess_558,189,phone,2025-10-30T23:49:38
sess_559,189,laptop,2025-09-18T12:34:55
sess_560,189,phone,2025-10-13T15:00:52
sess_561,190,tablet,2025-11-09T09:38:23
sess_562,190,tablet,2025-08-27T16:05:38
sess_563,190,laptop,2025-10-08T08:53:05
sess_564,191,phone,2025-08-05T05:28:35
sess_565,191,laptop,2025-09-26T11:30:48
sess_566,192,tablet,2025-09-08T14:34:53
sess_567,193,phone,2025-11-24T00:31:17
sess_568,194,tablet,2025-07-05T03:04:28
sess_569,194,phone,2025-09-19T13:42:48
sess_570,195,tablet,2025-09-24T01:41:11
sess_571,196,phone,2025-11-04T05:54:48
sess_572,196,tablet,2025-09-04T14:26:29
sess_573,196,tablet,2025-06-28T12:32:48
sess_574,197,phone,2025-10-25T19:49:28
sess_575,197,laptop,2025-09-18T00:11:33
sess_576,198,laptop,2025-11-22T02:26:01
sess_577,198,laptop,2025-10-24T20:39:18
sess_578,198,laptop,2025-10-25T09:58:49
sess_579,198,laptop,2025-11-22T00:09:08
sess_580,199,tablet,2025-07-19T09:01:15
sess_581,199,tablet,2025-10-11T14:26:50
sess_582,199,tablet,2025-07-14T00:32:31
sess_583,199,tablet,2025-11-07T16:43:46
sess_584,199,laptop,2025-11-17T20:27:42
sess_585,200,phone,2025-10-21T22:44:00
sess_586,200,laptop,2025-09-18T10:06:00
sess_587,200,laptop,2025-08-13T22:10:11
sess_588,201,laptop,2025-07-13T13:40:54
sess_589,201,tablet,2025-09-06T18:17:03
sess_590,201,tablet,2025-11-23T04:44:22
sess_591,201,tablet,2025-06-19T16:55:49
sess_592,201,tablet,2025-07-04T08:45:00
sess_593,202,tablet,2025-10-11T03:55:42
sess_594,202,laptop,2025-09-19T23:18:42
sess_595,202,tablet,2025-06-13T12:24:09
sess_596,203,phone,2025-09-22T03:26:48
sess_597,203,phone,2025-09-26T23:21:56
sess_598,203,phone,2025-10-01T21:07:48
sess_599,204,phone,2025-08-11T07:15:49
sess_600,205,laptop,2025-08-01T21:25:38
sess_601,205,phone,2025-09-08T21:54:16
sess_602,205,laptop,2025-11-02T01:51:00
sess_603,205,tablet,2025-09-28T20:55:54
sess_604,206,tablet,2025-07-14T07:34:47
sess_605,207,tablet,2025-09-27T08:10:23
sess_606,207,phone,2025-11-25T01:58:37
sess_607,207,laptop,2025-09-20T03:24:08
sess_608,207,tablet,2025-07-10T15:36:01
sess_609,208,phone,2025-07-17T14:02:27
sess_610,209,laptop,2025-10-20T16:52:44
sess_611,209,tablet,2025-09-12T19:07:38
sess_612,209,laptop,2025-09-22T20:56:26
sess_613,209,phone,2025-11-07T13:47:29
sess_614,209,laptop,2025-07-07T11:58:39
sess_615,210,tablet,2025-11-18T19:57:26
sess_616,210,laptop,2025-09-30T19:06:44
sess_617,211,laptop,2025-10-28T06:16:38
sess_618,212,tablet,2025-08-07T10:39:50
sess_619,212,laptop,2025-07-21T15:50:24
sess_620,212,phone,2025-11-21T05:47:44
sess_621,213,laptop,2025-07-26T06:33:33
sess_622,213,tablet,2025-08-17T22:04:58
sess_623,213,phone,2025-08-11T22:35:25
sess_624,213,tablet,2025-09-04T01:50:50
sess_625,213,phone,2025-09-22T06:06:06
sess_626,214,phone,2025-08-05T23:17:34
sess_627,214,tablet,2025-11-11T04:35:35
sess_628,214,tablet,2025-07-25T20:33:37
sess_629,215,tablet,2025-06-13T23:49:44
sess_630,215,laptop,2025-07-14T03:52:42
sess_631,216,tablet,2025-10-21T09:38:48
sess_632,216,laptop,2025-09-16T16:35:20
sess_633,216,tablet,2025-09-19T07:36:50
sess_634,216,phone,2025-09-28T21:17:08
sess_635,216,tablet,2025-06-10T11:25:52
sess_636,217,tablet,2025-06-22T10:46:52
sess_637,217,laptop,2025-09-11T21:47:29
sess_638,217,tablet,2025-11-05T20:38:30
sess_639,217,laptop,2025-07-25T02:42:19
sess_640,217,tablet,2025-07-01T06:17:27
sess_641,218,phone,2025-08-18T17:46:09
sess_642,218,tablet,2025-10-19T22:44:12
sess_643,219,phone,2025-08-07T19:59:18
sess_644,219,laptop,2025-10-19T10:15:46
sess_645,220,laptop,2025-08-02T05:51:37
sess_646,220,tablet,2025-06-05T05:19:06
sess_647,220,phone,2025-11-17T21:50:11
sess_648,221,tablet,2025-11-12T01:54:01
sess_649,221,tablet,2025-11-08T19:16:48
sess_650,221,tablet,2025-10-26T13:22:45
sess_651,221,phone,2025-10-28T18:46:10
sess_652,221,phone,2025-09-27T03:36:39
sess_653,222,laptop,2025-06-10T06:58:30
sess_654,222,laptop,2025-09-10T11:17:01
sess_655,222,tablet,2025-06-04T09:45:57
sess_656,222,phone,2025-10-31T15:54:27
sess_657,223,tablet,2025-09-10T14:43:19
sess_658,224,phone,2025-08-25T18:48:30
sess_659,224,phone,2025-08-06T21:33:49
sess_660,224,phone,2025-09-11T06:33:23
sess_661,225,phone,2025-09-15T18:17:04
sess_662,225,phone,2025-09-16T13:40:04
sess_663,226,tablet,2025-06-01T02:19:33
sess_664,226,laptop,2025-06-02T04:06:02
sess_665,226,phone,2025-07-21T02:59:50
sess_666,227,tablet,2025-08-18T08:24:16
sess_667,227,phone,2025-09-06T12:59:54
sess_668,227,laptop,2025-09-15T03:22:24
sess_669,227,laptop,2025-11-22T18:35:08
sess_670,228,laptop,2025-08-11T18:17:35
sess_671,228,laptop,2025-09-26T06:13:28
sess_672,229,phone,2025-06-20T12:34:51
sess_673,229,laptop,2025-07-03T04:00:35
sess_674,229,laptop,2025-09-24T14:22:42
sess_675,229,tablet,2025-07-16T19:24:05
sess_676,230,tablet,2025-08-31T15:14:22
sess_677,231,tablet,2025-07-01T09:07:25
sess_678,231,phone,2025-08-25T17:49:43
sess_679,232,phone,2025-08-11T17:11:30
sess_680,233,phone,2025-09-04T03:56:30
sess_681,233,phone,2025-11-09T16:50:44
sess_682,233,laptop,2025-06-19T07:56:35
sess_683,233,laptop,2025-06-17T02:31:12
sess_684,234,tablet,2025-11-22T08:48:55
sess_685,234,tablet,2025-06-30T14:36:37
sess_686,234,laptop,2025-08-28T07:46:47
sess_687,235,tablet,2025-11-15T22:13:03
sess_688,235,tablet,2025-07-01T00:49:14
sess_689,236,tablet,2025-11-02T11:49:09
sess_690,236,laptop,2025-10-12T00:57:44
sess_691,237,laptop,2025-11-03T21:54:22
sess_692,237,tablet,2025-10-12T07:49:07
sess_693,238,phone,2025-06-28T21:01:13
sess_694,239,tablet,2025-07-05T12:47:41
sess_695,239,phone,2025-06-29T08:38:27
sess_696,239,tablet,2025-07-17T04:29:10
sess_697,239,phone,2025-09-24T08:03:21
sess_698,240,laptop,2025-07-06T06:39:11
sess_699,240,phone,2025-06-21T05:46:58
sess_700,240,laptop,2025-07-19T20:57:39
sess_701,241,laptop,2025-09-22T18:45:01
sess_702,241,phone,2025-10-11T10:38:27
sess_703,241,laptop,2025-10-30T03:33:33
sess_704,241,laptop,2025-09-23T01:50:29
sess_705,242,tablet,2025-06-27T02:32:13
sess_706,242,phone,2025-10-11T13:37:31
sess_707,242,phone,2025-11-26T02:10:58
sess_708,243,laptop,2025-09-08T16:46:56
sess_709,243,phone,2025-09-26T05:45:47
sess_710,244,tablet,2025-09-13T09:23:32
sess_711,244,phone,2025-09-21T14:47:38
sess_712,244,tablet,2025-10-29T15:17:48
sess_713,244,laptop,2025-09-07T19:35:33
sess_714,245,laptop,2025-09-22T23:05:13
sess_715,245,phone,2025-07-29T03:03:54
sess_716,245,tablet,2025-07-16T12:56:49
sess_717,245,laptop,2025-09-02T06:26:45
sess_718,245,laptop,2025-07-31T00:27:11
sess_719,246,tablet,2025-11-16T05:59:09
sess_720,247,tablet,2025-11-12T17:44:31
sess_721,247,phone,2025-07-01T09:15:56
sess_722,247,laptop,2025-09-29T01:34:09
sess_723,248,phone,2025-10-25T08:39:13
sess_724,248,phone,2025-10-18T13:34:05
sess_725,248,tablet,2025-11-12T18:16:21
sess_726,248,laptop,2025-10-24T06:26:36
sess_727,249,tablet,2025-08-03T05:35:54
sess_728,249,phone,2025-10-12T12:20:08
sess_729,249,tablet,2025-10-14T04:28:42
sess_730,249,phone,2025-11-06T05:27:37
sess_731,250,tablet,2025-07-02T14:53:47
sess_732,250,tablet,2025-11-08T18:24:46
sess_733,250,phone,2025-09-16T23:31:32
sess_734,250,tablet,2025-06-05T07:56:22
sess_735,250,tablet,2025-11-02T17:08:15
sess_736,251,tablet,2025-05-30T08:55:49
sess_737,251,phone,2025-09-25T11:14:09
sess_738,251,tablet,2025-09-24T12:23:27
sess_739,251,laptop,2025-10-17T07:40:18
sess_740,252,laptop,2025-08-19T21:20:34
sess_741,252,laptop,2025-08-12T10:57:20
sess_742,252,phone,2025-11-22T07:01:16
sess_743,252,laptop,2025-08-13T18:12:23
sess_744,253,phone,2025-06-01T00:22:11
sess_745,253,phone,2025-09-30T17:32:46
sess_746,254,laptop,2025-08-17T04:25:53
sess_747,254,tablet,2025-10-17T15:53:52
sess_748,254,laptop,2025-10-14T10:52:46
sess_749,254,phone,2025-09-17T12:07:19
sess_750,255,tablet,2025-08-31T17:46:27
sess_751,255,tablet,2025-09-21T10:02:34
sess_752,256,tablet,2025-08-08T18:28:39
sess_753,256,phone,2025-09-28T13:34:27
sess_754,256,phone,2025-10-17T06:54:47
sess_755,256,tablet,2025-07-18T01:24:45
sess_756,256,tablet,2025-06-16T20:28:29
sess_757,257,tablet,2025-10-03T00:30:46
sess_758,257,phone,2025-08-04T00:29:17
sess_759,257,tablet,2025-06-11T04:31:31
sess_760,257,laptop,2025-09-04T19:44:52
sess_761,258,tablet,2025-10-27T11:28:56
sess_762,258,laptop,2025-08-08T12:50:52
sess_763,258,laptop,2025-07-19T08:04:00
sess_764,259,phone,2025-10-10T01:51:08
sess_765,259,laptop,2025-09-17T14:02:59
sess_766,259,tablet,2025-06-11T19:11:40
sess_767,260,phone,2025-10-05T18:58:53
sess_768,261,tablet,2025-06-20T20:50:06
sess_769,261,phone,2025-09-02T21:23:23
sess_770,262,phone,2025-06-02T23:02:48
sess_771,262,tablet,2025-09-06T15:45:51
sess_772,262,laptop,2025-06-13T16:52:19
sess_773,262,phone,2025-06-10T02:37:00
sess_774,262,laptop,2025-06-22T05:57:00
sess_775,263,phone,2025-07-06T02:58:46
sess_776,263,laptop,2025-10-07T17:52:36
sess_777,263,laptop,2025-09-02T13:24:12
sess_778,263,laptop,2025-09-20T09:29:36
sess_779,263,laptop,2025-09-12T17:46:38
sess_780,264,phone,2025-07-28T23:57:59
sess_781,264,phone,2025-09-02T02:49:23
sess_782,264,laptop,2025-08-13T17:05:32
sess_783,264,tablet,2025-09-15T08:01:16
sess_784,265,laptop,2025-07-29T15:33:20
sess_785,265,tablet,2025-11-15T20:44:31
sess_786,265,phone,2025-06-12T06:50:22
sess_787,265,phone,2025-09-16T10:55:45
sess_788,265,tablet,2025-06-01T13:39:37
sess_789,266,laptop,2025-10-07T13:17:20
sess_790,267,phone,2025-09-16T11:57:57
sess_791,267,laptop,2025-08-23T15:40:17
sess_792,267,phone,2025-06-13T19:19:50
sess_793,268,tablet,2025-10-25T23:04:20
sess_794,268,tablet,2025-06-29T22:55:22
sess_795,269,tablet,2025-06-18T04:27:14
sess_796,270,laptop,2025-10-13T17:46:25
sess_797,270,phone,2025-11-10T10:19:46
sess_798,271,laptop,2025-10-18T16:02:41
sess_799,271,tablet,2025-11-17T07:55:56
sess_800,271,phone,2025-08-22T16:12:35
sess_801,272,laptop,2025-09-11T05:20:49
sess_802,272,tablet,2025-07-02T21:03:12
sess_803,272,phone,2025-08-05T08:46:29
sess_804,272,tablet,2025-10-17T11:14:43
sess_805,272,tablet,2025-07-07T04:40:32
sess_806,273,tablet,2025-08-13T10:27:53
sess_807,273,phone,2025-11-19T04:42:42
sess_808,274,phone,2025-09-01T05:54:39
sess_809,274,tablet,2025-06-12T06:29:22
sess_810,275,tablet,2025-10-01T15:20:09
sess_811,275,phone,2025-06-04T14:39:25
sess_812,275,tablet,2025-09-22T21:57:35
sess_813,276,laptop,2025-06-26T19:05:26
sess_814,276,tablet,2025-11-23T19:17:17
sess_815,276,tablet,2025-07-16T11:07:40
sess_816,277,laptop,2025-09-03T23:07:14
sess_817,277,laptop,2025-08-07T12:37:24
sess_818,277,phone,2025-08-22T06:03:37
sess_819,277,phone,2025-08-22T00:39:25
sess_820,278,tablet,2025-07-25T07:21:20
sess_821,278,laptop,2025-07-24T22:44:28
sess_822,278,phone,2025-06-13T18:42:15
sess_823,279,phone,2025-11-21T12:14:01
sess_824,279,tablet,2025-10-04T20:06:25
sess_825,280,phone,2025-06-27T14:24:03
sess_826,280,tablet,2025-06-11T22:15:47
sess_827,280,phone,2025-07-10T06:01:41
sess_828,280,laptop,2025-10-25T00:02:34
sess_829,280,laptop,2025-09-25T17:29:00
sess_830,281,tablet,2025-07-19T08:12:30
sess_831,281,tablet,2025-07-22T20:04:50
sess_832,282,tablet,2025-06-04T11:10:20
sess_833,282,phone,2025-10-14T11:05:46
sess_834,282,tablet,2025-10-31T09:46:53
sess_835,282,phone,2025-06-19T10:34:27
sess_836,282,laptop,2025-11-15T23:09:32
sess_837,283,tablet,2025-10-01T09:38:35
sess_838,284,laptop,2025-10-30T12:50:06
sess_839,284,phone,2025-07-19T22:14:40
sess_840,284,laptop,2025-07-19T20:47:56
sess_841,285,laptop,2025-09-13T04:53:31
sess_842,285,phone,2025-09-08T04:34:44
sess_843,285,phone,2025-11-03T17:43:53
sess_844,286,laptop,2025-06-18T22:04:49
sess_845,287,phone,2025-06-18T01:59:55
sess_846,287,laptop,2025-06-07T17:17:29
sess_847,287,phone,2025-07-05T03:42:30
sess_848,287,phone,2025-07-26T15:47:09
sess_849,287,tablet,2025-09-12T18:30:42
sess_850,288,tablet,2025-10-28T11:59:40
sess_851,288,phone,2025-10-27T06:20:37
sess_852,288,phone,2025-06-16T10:52:18
sess_853,288,laptop,2025-06-13T06:47:13
sess_854,288,tablet,2025-07-31T23:06:07
sess_855,289,tablet,2025-10-09T15:02:54
sess_856,289,tablet,2025-07-02T01:05:38
sess_857,289,phone,2025-08-08T03:17:16
sess_858,290,laptop,2025-09-11T14:15:27
sess_859,290,tablet,2025-07-31T16:05:32
sess_860,290,phone,2025-09-28T14:04:57
sess_861,290,phone,2025-07-18T14:54:41
sess_862,291,phone,2025-11-04T02:05:42
sess_863,291,tablet,2025-06-26T23:34:21
sess_864,291,laptop,2025-09-03T22:51:40
sess_865,291,phone,2025-08-29T11:43:13
sess_866,291,tablet,2025-11-17T10:19:21
sess_867,292,tablet,2025-07-15T23:29:59
sess_868,292,laptop,2025-06-16T17:54:00
sess_869,292,phone,2025-11-22T02:29:53
sess_870,292,phone,2025-06-06T09:33:45
sess_871,292,laptop,2025-07-27T15:02:44
sess_872,293,laptop,2025-06-07T03:02:08
sess_873,293,phone,2025-07-06T10:51:50
sess_874,293,phone,2025-10-13T09:19:53
sess_875,293,laptop,2025-10-07T21:20:14
sess_876,293,laptop,2025-11-17T11:23:57
sess_877,294,phone,2025-10-11T17:33:43
sess_878,295,tablet,2025-06-27T03:04:02
sess_879,296,phone,2025-09-19T23:26:54
sess_880,296,laptop,2025-06-11T13:18:27
sess_881,296,tablet,2025-08-01T01:48:46
sess_882,296,laptop,2025-11-05T14:46:48
sess_883,296,phone,2025-08-24T04:46:27
sess_884,297,laptop,2025-06-10T23:29:55
sess_885,297,phone,2025-08-13T12:57:17
sess_886,297,laptop,2025-09-17T18:22:55
sess_887,298,laptop,2025-05-30T14:21:27
sess_888,298,tablet,2025-09-06T08:35:28
sess_889,298,phone,2025-11-03T19:24:12
sess_890,298,tablet,2025-07-13T00:04:04
sess_891,299,laptop,2025-06-22T08:16:28
sess_892,299,laptop,2025-07-27T08:40:37
sess_893,300,tablet,2025-10-25T01:19:49
sess_894,300,phone,2025-07-10T16:39:05
sess_895,301,tablet,2025-08-09T06:37:15
sess_896,301,phone,2025-11-26T03:08:55
sess_897,301,phone,2025-07-05T01:15:34
sess_898,302,laptop,2025-07-07T13:22:21
sess_899,302,tablet,2025-11-02T04:56:26
sess_900,303,phone,2025-09-15T00:08:12
sess_901,304,laptop,2025-08-04T08:53:38
sess_902,304,phone,2025-07-09T20:38:38
sess_903,304,tablet,2025-11-21T11:03:33
sess_904,305,phone,2025-08-17T15:24:41
sess_905,305,phone,2025-06-21T17:54:54
sess_906,305,phone,2025-08-03T00:11:58
sess_907,305,laptop,2025-08-28T05:36:52
sess_908,306,laptop,2025-11-12T16:50:06
sess_909,306,laptop,2025-08-01T05:28:39
sess_910,306,laptop,2025-09-25T18:05:14
sess_911,306,laptop,2025-11-15T16:06:01
sess_912,306,laptop,2025-07-31T19:27:11
sess_913,307,phone,2025-08-16T16:25:55
sess_914,307,laptop,2025-11-12T23:24:40
sess_915,307,tablet,2025-07-24T21:35:40
sess_916,307,laptop,2025-08-23T11:55:37
sess_917,308,phone,2025-07-25T04:51:31
sess_918,308,tablet,2025-07-03T00:45:38
sess_919,309,laptop,2025-10-29T21:25:23
sess_920,309,phone,2025-07-15T08:59:02
sess_921,309,tablet,2025-06-25T13:32:25
sess_922,309,phone,2025-08-14T22:51:25
sess_923,309,tablet,2025-10-13T07:23:41
sess_924,310,laptop,2025-09-13T07:46:00
sess_925,310,phone,2025-08-10T06:45:54
sess_926,310,laptop,2025-11-19T10:11:53
sess_927,310,laptop,2025-07-01T00:20:36
sess_928,310,laptop,2025-09-26T19:43:05
sess_929,311,laptop,2025-07-14T22:40:15
sess_930,311,laptop,2025-11-07T12:08:09
sess_931,311,laptop,2025-09-29T02:51:40
sess_932,311,phone,2025-06-24T20:08:56
sess_933,311,laptop,2025-09-10T09:06:48
sess_934,312,tablet,2025-08-02T02:54:05
sess_935,312,phone,2025-07-25T19:46:40
sess_936,312,phone,2025-07-27T09:02:32
sess_937,312,phone,2025-10-28T21:59:50
sess_938,313,laptop,2025-08-10T01:32:40
sess_939,313,tablet,2025-07-19T02:08:00
sess_940,313,laptop,2025-09-29T08:25:41
sess_941,313,tablet,2025-07-08T17:59:27
sess_942,314,laptop,2025-08-11T13:37:56
sess_943,315,tablet,2025-10-30T09:36:34
sess_944,315,phone,2025-11-03T09:01:50
sess_945,316,tablet,2025-07-21T05:13:56
sess_946,317,tablet,2025-09-08T13:24:22
sess_947,317,phone,2025-06-25T02:07:47
sess_948,317,laptop,2025-08-07T16:09:23
sess_949,317,tablet,2025-06-07T06:48:56
sess_950,318,tablet,2025-08-02T04:59:00
sess_951,318,phone,2025-08-31T05:25:24
sess_952,319,phone,2025-08-19T11:39:12
sess_953,319,tablet,2025-07-06T02:11:32
sess_954,319,tablet,2025-06-27T11:54:47
sess_955,319,tablet,2025-09-05T23:31:26
sess_956,319,laptop,2025-05-31T08:52:31
sess_957,320,laptop,2025-09-01T05:12:09
sess_958,321,tablet,2025-09-14T21:06:12
sess_959,321,tablet,2025-06-18T13:16:15
sess_960,322,tablet,2025-11-19T00:25:40
sess_961,322,phone,2025-09-27T15:36:25
sess_962,323,laptop,2025-06-22T06:55:25
sess_963,323,phone,2025-10-07T00:04:36
sess_964,323,laptop,2025-09-10T10:48:04
sess_965,324,laptop,2025-10-03T08:53:48
sess_966,324,laptop,2025-10-30T13:29:13
sess_967,324,laptop,2025-08-30T18:21:07
sess_968,325,phone,2025-07-14T20:39:33
sess_969,325,phone,2025-11-14T02:08:33
sess_970,325,tablet,2025-08-16T16:27:35
sess_971,326,tablet,2025-07-04T01:52:20
sess_972,326,phone,2025-06-12T15:39:50
sess_973,326,laptop,2025-10-23T18:01:06
sess_974,326,tablet,2025-09-15T21:47:48
sess_975,327,tablet,2025-05-30T20:21:25
sess_976,327,laptop,2025-08-18T13:04:44
sess_977,327,laptop,2025-07-27T03:23:17
sess_978,328,laptop,2025-09-20T05:24:08
sess_979,329,laptop,2025-10-20T15:00:46
sess_980,329,tablet,2025-11-24T21:42:33
sess_981,329,phone,2025-09-19T23:14:48
sess_982,329,tablet,2025-11-10T08:37:15
sess_983,330,tablet,2025-11-22T21:05:02
sess_984,331,laptop,2025-10-15T17:49:13
sess_985,332,phone,2025-06-19T10:14:03
sess_986,332,laptop,2025-11-21T20:53:34
sess_987,332,phone,2025-08-24T10:33:08
sess_988,332,phone,2025-10-30T16:41:00
sess_989,332,laptop,2025-09-15T10:19:03
sess_990,333,laptop,2025-08-08T13:26:40
sess_991,333,tablet,2025-06-23T00:44:31
sess_992,333,laptop,2025-06-24T05:26:37
sess_993,333,laptop,2025-09-14T06:14:02
sess_994,333,tablet,2025-07-08T23:27:22
sess_995,334,tablet,2025-08-06T13:29:38
sess_996,334,laptop,2025-10-24T09:30:49
sess_997,334,tablet,2025-08-06T06:11:39
sess_998,334,laptop,2025-08-05T09:57:02
sess_999,334,phone,2025-07-24T15:53:55
sess_1000,335,phone,2025-10-11T04:15:37
sess_1001,335,tablet,2025-10-15T18:25:41
sess_1002,335,phone,2025-10-08T23:41:05
sess_1003,336,tablet,2025-10-27T06:43:22
sess_1004,337,tablet,2025-10-20T20:22:57
sess_1005,337,laptop,2025-10-06T17:44:25
sess_1006,337,laptop,2025-10-19T05:18:04
sess_1007,337,tablet,2025-08-11T18:51:23
sess_1008,337,phone,2025-10-12T06:39:39
sess_1009,338,laptop,2025-08-20T14:37:27
sess_1010,338,laptop,2025-06-07T09:54:24
sess_1011,339,laptop,2025-08-20T23:55:59
sess_1012,339,laptop,2025-11-15T02:45:40
sess_1013,340,tablet,2025-07-11T12:27:05
sess_1014,340,tablet,2025-07-31T08:24:17
sess_1015,340,laptop,2025-11-06T22:56:41
sess_1016,340,phone,2025-10-21T17:51:58
sess_1017,340,tablet,2025-07-21T21:25:12
sess_1018,341,laptop,2025-07-02T10:02:50
sess_1019,342,laptop,2025-08-30T10:24:44
sess_1020,342,tablet,2025-10-18T00:33:25
sess_1021,342,laptop,2025-09-01T01:54:26
sess_1022,343,laptop,2025-07-11T13:16:38
sess_1023,343,phone,2025-06-12T09:21:23
sess_1024,343,phone,2025-11-25T02:54:56
sess_1025,343,laptop,2025-07-06T11:08:04
sess_1026,344,phone,2025-06-06T10:01:46
sess_1027,344,laptop,2025-10-08T00:01:39
sess_1028,344,laptop,2025-09-17T04:58:25
sess_1029,344,tablet,2025-07-23T01:00:32
sess_1030,345,tablet,2025-09-21T04:06:44
sess_1031,345,phone,2025-09-19T01:14:17
sess_1032,345,laptop,2025-06-04T19:36:36
sess_1033,345,laptop,2025-06-08T04:15:52
sess_1034,345,laptop,2025-07-27T07:09:04
sess_1035,346,tablet,2025-11-21T15:31:26
sess_1036,346,tablet,2025-06-30T12:52:12
sess_1037,347,tablet,2025-09-26T15:32:56
sess_1038,347,laptop,2025-06-22T11:36:30
sess_1039,348,tablet,2025-09-30T10:01:18
sess_1040,348,laptop,2025-06-10T07:01:46
sess_1041,348,phone,2025-08-01T19:43:08
sess_1042,348,phone,2025-09-05T02:20:32
sess_1043,349,phone,2025-10-09T00:15:15
sess_1044,349,tablet,2025-06-29T07:17:13
sess_1045,349,tablet,2025-06-18T01:02:01
sess_1046,349,laptop,2025-06-06T21:06:16
sess_1047,349,tablet,2025-06-14T06:22:26
sess_1048,350,phone,2025-11-15T05:09:35
sess_1049,350,phone,2025-11-21T02:59:09
sess_1050,351,phone,2025-09-06T07:29:32
sess_1051,351,laptop,2025-08-01T20:22:36
sess_1052,352,laptop,2025-10-09T06:08:05
sess_1053,352,phone,2025-06-02T23:15:46
sess_1054,352,phone,2025-09-23T16:03:01
sess_1055,352,phone,2025-10-27T07:19:42
sess_1056,352,laptop,2025-10-12T00:19:52
sess_1057,353,laptop,2025-09-17T00:07:35
sess_1058,353,laptop,2025-11-02T04:33:14
sess_1059,353,tablet,2025-08-22T04:13:48
sess_1060,353,laptop,2025-09-23T20:37:47
sess_1061,353,laptop,2025-08-19T23:48:12
sess_1062,354,tablet,2025-07-30T15:45:44
sess_1063,354,laptop,2025-11-22T22:00:43
sess_1064,354,phone,2025-08-03T05:00:57
sess_1065,355,tablet,2025-11-16T11:05:41
sess_1066,356,tablet,2025-10-30T17:06:54
sess_1067,356,phone,2025-08-31T06:14:20
sess_1068,356,laptop,2025-06-21T04:32:45
sess_1069,357,tablet,2025-08-09T23:41:40
sess_1070,358,laptop,2025-11-08T06:04:10
sess_1071,358,phone,2025-09-13T22:57:53
sess_1072,358,phone,2025-08-22T06:43:24
sess_1073,358,tablet,2025-11-18T12:36:49
sess_1074,359,laptop,2025-09-16T11:13:03
sess_1075,359,tablet,2025-08-29T00:06:22
sess_1076,359,tablet,2025-08-16T04:24:21
sess_1077,359,phone,2025-07-10T07:59:36
sess_1078,360,laptop,2025-09-16T15:35:35
sess_1079,360,tablet,2025-10-01T08:08:38
sess_1080,361,tablet,2025-07-10T15:38:29
sess_1081,362,laptop,2025-08-28T01:49:21
sess_1082,362,phone,2025-11-08T16:48:02
sess_1083,363,tablet,2025-10-23T19:59:55
sess_1084,363,tablet,2025-09-14T05:34:13
sess_1085,363,laptop,2025-07-11T20:14:16
sess_1086,363,tablet,2025-09-19T13:18:40
sess_1087,364,laptop,2025-11-15T02:07:22
sess_1088,364,tablet,2025-11-15T16:53:49
sess_1089,364,phone,2025-07-04T21:16:13
sess_1090,364,tablet,2025-07-08T05:51:20
sess_1091,364,tablet,2025-08-04T15:16:55
sess_1092,365,tablet,2025-10-24T12:47:05
sess_1093,365,tablet,2025-06-29T23:40:58
sess_1094,365,laptop,2025-10-17T11:22:37
sess_1095,366,laptop,2025-09-06T10:43:11
sess_1096,366,tablet,2025-09-28T23:53:39
sess_1097,367,tablet,2025-06-29T04:49:37
sess_1098,368,phone,2025-08-13T18:53:11
sess_1099,368,tablet,2025-09-16T21:37:47
sess_1100,369,phone,2025-11-21T01:04:38
sess_1101,369,phone,2025-10-18T21:38:11
sess_1102,369,phone,2025-07-01T22:37:50
sess_1103,369,tablet,2025-06-13T07:51:52
sess_1104,370,laptop,2025-08-23T04:34:15
sess_1105,370,phone,2025-08-19T08:53:36
sess_1106,370,laptop,2025-11-20T01:36:29
sess_1107,371,laptop,2025-08-20T23:07:04
sess_1108,371,tablet,2025-11-17T07:23:27
sess_1109,371,laptop,2025-11-24T22:34:15
sess_1110,372,tablet,2025-10-14T22:18:47
sess_1111,372,tablet,2025-07-08T16:46:21
sess_1112,372,laptop,2025-09-06T06:00:04
sess_1113,372,laptop,2025-11-10T13:58:19
sess_1114,372,laptop,2025-06-06T23:23:37
sess_1115,373,tablet,2025-07-03T09:54:56
sess_1116,373,phone,2025-07-08T06:02:30
sess_1117,373,phone,2025-07-22T15:22:01
sess_1118,374,laptop,2025-11-12T11:22:55
sess_1119,374,tablet,2025-06-01T15:06:50
sess_1120,375,laptop,2025-08-15T12:53:56
sess_1121,376,tablet,2025-07-03T18:16:05
sess_1122,376,laptop,2025-07-19T07:35:44
sess_1123,376,phone,2025-11-08T11:15:54
sess_1124,377,phone,2025-11-04T07:22:16
sess_1125,377,phone,2025-09-16T21:31:12
sess_1126,377,laptop,2025-09-22T12:01:08
sess_1127,377,phone,2025-11-11T12:20:22
sess_1128,378,laptop,2025-11-26T21:22:20
sess_1129,378,laptop,2025-11-20T11:17:45
sess_1130,378,laptop,2025-09-17T20:02:32
sess_1131,379,phone,2025-08-08T14:06:41
sess_1132,379,tablet,2025-08-11T18:13:09
sess_1133,379,tablet,2025-10-16T14:16:36
sess_1134,380,laptop,2025-08-10T21:51:17
sess_1135,380,tablet,2025-06-17T02:16:19
sess_1136,380,laptop,2025-06-17T09:51:20
sess_1137,381,tablet,2025-09-10T15:41:40
sess_1138,381,tablet,2025-10-26T09:33:07
sess_1139,381,tablet,2025-10-20T06:33:13
sess_1140,381,phone,2025-08-19T13:47:24
sess_1141,382,phone,2025-08-25T21:26:34
sess_1142,382,laptop,2025-06-26T02:03:08
sess_1143,382,tablet,2025-07-31T14:42:56
sess_1144,382,laptop,2025-11-19T08:18:25
sess_1145,382,laptop,2025-05-31T16:29:24
sess_1146,383,tablet,2025-09-16T14:05:07
sess_1147,383,laptop,2025-07-22T12:00:51
sess_1148,383,tablet,2025-11-25T18:23:08
sess_1149,384,laptop,2025-09-19T14:07:14
sess_1150,385,tablet,2025-07-05T15:30:30
sess_1151,385,phone,2025-11-13T04:31:36
sess_1152,386,tablet,2025-08-28T10:29:19
sess_1153,386,phone,2025-07-29T18:58:29
sess_1154,386,tablet,2025-09-02T18:03:38
sess_1155,386,phone,2025-08-13T12:19:10
sess_1156,387,laptop,2025-11-19T08:00:47
sess_1157,387,laptop,2025-09-12T21:37:25
sess_1158,388,tablet,2025-07-22T18:08:03
sess_1159,388,phone,2025-11-20T22:37:25
sess_1160,388,phone,2025-07-03T00:17:27
sess_1161,388,phone,2025-10-05T22:31:19
sess_1162,388,laptop,2025-06-29T15:35:26
sess_1163,389,tablet,2025-06-11T16:52:57
sess_1164,389,phone,2025-06-13T02:11:40
sess_1165,389,laptop,2025-09-12T03:40:17
sess_1166,389,laptop,2025-07-23T15:06:00
sess_1167,390,laptop,2025-07-01T04:24:28
sess_1168,390,laptop,2025-09-21T09:31:36
sess_1169,390,tablet,2025-07-23T10:31:04
sess_1170,390,laptop,2025-08-06T03:51:42
sess_1171,390,tablet,2025-09-13T19:29:16
sess_1172,391,phone,2025-09-24T05:26:10
sess_1173,391,laptop,2025-10-27T11:42:44
sess_1174,391,phone,2025-06-01T11:08:56
sess_1175,391,tablet,2025-10-22T22:32:16
sess_1176,391,phone,2025-09-12T06:18:19
sess_1177,392,tablet,2025-10-18T17:37:03
sess_1178,392,phone,2025-10-26T19:41:37
sess_1179,392,phone,2025-08-23T16:57:10
sess_1180,393,phone,2025-07-12T08:49:46
sess_1181,393,laptop,2025-08-12T07:04:24
sess_1182,394,tablet,2025-08-09T13:51:31
sess_1183,394,laptop,2025-06-10T16:42:40
sess_1184,394,phone,2025-10-16T23:20:48
sess_1185,395,phone,2025-09-10T10:32:25
sess_1186,395,tablet,2025-08-15T16:39:30
sess_1187,395,laptop,2025-11-09T07:39:30
sess_1188,395,tablet,2025-09-03T17:12:41
sess_1189,395,laptop,2025-08-04T22:17:30
sess_1190,396,laptop,2025-10-28T21:04:10
sess_1191,396,laptop,2025-11-05T12:09:24
sess_1192,397,phone,2025-08-08T02:19:37
sess_1193,397,phone,2025-10-30T16:46:16
sess_1194,397,tablet,2025-06-10T08:35:44
sess_1195,397,laptop,2025-06-10T01:54:00
sess_1196,398,laptop,2025-09-26T19:05:18
sess_1197,398,tablet,2025-09-24T23:03:59
sess_1198,398,laptop,2025-09-19T07:14:43
sess_1199,398,laptop,2025-06-19T13:33:00
sess_1200,399,laptop,2025-06-04T18:24:34
sess_1201,399,tablet,2025-10-25T22:25:54
sess_1202,400,phone,2025-11-04T15:29:48
sess_1203,400,phone,2025-09-24T02:03:20
sess_1204,401,phone,2025-08-10T23:13:28
sess_1205,401,laptop,2025-09-18T03:43:25
sess_1206,401,phone,2025-07-20T18:23:55
sess_1207,401,tablet,2025-06-08T00:07:12
sess_1208,401,phone,2025-10-24T01:35:16
sess_1209,402,tablet,2025-08-21T15:22:09
sess_1210,402,tablet,2025-09-10T10:39:01
sess_1211,402,tablet,2025-06-19T10:50:54
sess_1212,403,phone,2025-07-13T17:52:42
sess_1213,403,tablet,2025-10-25T21:44:04
sess_1214,403,phone,2025-07-08T00:04:08
sess_1215,404,tablet,2025-10-12T04:14:22
sess_1216,404,laptop,2025-06-06T23:26:52
sess_1217,404,tablet,2025-07-04T19:54:04
sess_1218,404,phone,2025-06-20T17:34:22
sess_1219,404,laptop,2025-07-28T07:03:35
sess_1220,405,laptop,2025-11-21T05:40:46
sess_1221,406,phone,2025-08-19T15:46:24
sess_1222,406,tablet,2025-09-18T07:38:29
sess_1223,406,phone,2025-09-21T01:19:31
sess_1224,406,tablet,2025-10-21T12:07:25
sess_1225,406,laptop,2025-07-02T01:28:21
sess_1226,407,phone,2025-10-18T20:58:04
sess_1227,408,phone,2025-10-06T08:50:57
sess_1228,408,tablet,2025-06-22T13:02:47
sess_1229,409,tablet,2025-08-26T19:52:56
sess_1230,409,phone,2025-10-15T23:55:34
sess_1231,410,phone,2025-06-12T03:05:55
sess_1232,410,tablet,2025-07-19T11:33:42
sess_1233,410,phone,2025-07-24T08:18:52
sess_1234,411,phone,2025-07-18T09:19:41
sess_1235,411,phone,2025-10-19T09:17:41
sess_1236,411,phone,2025-09-28T15:58:16
sess_1237,411,tablet,2025-09-12T22:33:23
sess_1238,411,tablet,2025-07-21T19:21:32
sess_1239,412,phone,2025-09-10T13:51:39
sess_1240,412,tablet,2025-11-21T06:18:53
sess_1241,412,tablet,2025-10-20T06:50:01
sess_1242,412,laptop,2025-06-06T17:45:24
sess_1243,413,tablet,2025-08-09T08:00:21
sess_1244,413,laptop,2025-09-24T13:04:51
sess_1245,413,tablet,2025-10-09T18:37:17
sess_1246,414,phone,2025-11-16T02:57:57
sess_1247,414,laptop,2025-07-07T07:24:20
sess_1248,414,phone,2025-11-19T21:49:14
sess_1249,414,tablet,2025-06-19T15:27:46
sess_1250,415,tablet,2025-07-19T18:22:02
sess_1251,415,tablet,2025-07-30T23:59:36
sess_1252,415,laptop,2025-08-29T00:09:53
sess_1253,416,tablet,2025-11-24T06:54:29
sess_1254,416,laptop,2025-07-09T06:37:47
sess_1255,417,phone,2025-07-19T04:28:34
sess_1256,417,laptop,2025-07-23T11:26:38
sess_1257,417,tablet,2025-08-18T16:16:48
sess_1258,417,tablet,2025-11-11T11:29:23
sess_1259,418,phone,2025-09-26T21:40:22
sess_1260,418,laptop,2025-09-03T08:55:30
sess_1261,418,tablet,2025-10-15T06:32:40
sess_1262,419,laptop,2025-11-15T03:43:41
sess_1263,419,laptop,2025-11-15T09:15:27
sess_1264,420,laptop,2025-08-16T05:09:04
sess_1265,420,tablet,2025-06-01T08:14:14
sess_1266,420,laptop,2025-08-14T02:40:31
sess_1267,421,phone,2025-08-15T04:20:11
sess_1268,421,tablet,2025-08-31T13:47:24
sess_1269,422,phone,2025-10-12T12:21:02
sess_1270,422,laptop,2025-10-10T23:33:06
sess_1271,422,laptop,2025-07-14T12:50:37
sess_1272,422,laptop,2025-07-25T15:51:46
sess_1273,423,laptop,2025-06-19T19:30:10
sess_1274,423,laptop,2025-09-08T01:13:04
sess_1275,423,tablet,2025-09-19T00:11:53
sess_1276,423,laptop,2025-09-06T01:17:06
sess_1277,423,tablet,2025-06-06T20:03:06
sess_1278,424,tablet,2025-06-20T17:35:34
sess_1279,424,laptop,2025-07-09T07:54:19
sess_1280,424,laptop,2025-11-17T06:22:06
sess_1281,424,phone,2025-09-04T19:53:14
sess_1282,424,laptop,2025-10-29T04:13:20
sess_1283,425,phone,2025-08-28T01:13:16
sess_1284,425,tablet,2025-08-27T13:13:41
sess_1285,425,laptop,2025-08-02T00:55:56
sess_1286,425,phone,2025-06-18T23:50:10
sess_1287,425,phone,2025-09-12T17:05:44
sess_1288,426,laptop,2025-08-08T01:05:22
sess_1289,427,tablet,2025-10-28T06:15:32
sess_1290,427,tablet,2025-10-08T11:56:20
sess_1291,427,tablet,2025-06-04T01:16:20
sess_1292,427,phone,2025-07-01T06:48:32
sess_1293,427,laptop,2025-09-26T17:35:20
sess_1294,428,laptop,2025-06-02T23:42:11
sess_1295,428,laptop,2025-09-09T10:20:13
sess_1296,428,tablet,2025-08-09T19:49:13
sess_1297,428,tablet,2025-11-26T01:17:31
sess_1298,429,phone,2025-08-10T12:57:25
sess_1299,429,phone,2025-10-02T13:58:53
sess_1300,429,tablet,2025-09-24T15:10:24
sess_1301,430,laptop,2025-07-24T09:40:13
sess_1302,430,tablet,2025-10-31T11:36:22
sess_1303,430,tablet,2025-06-01T05:21:32
sess_1304,430,phone,2025-10-18T10:36:00
sess_1305,431,tablet,2025-09-22T20:44:23
sess_1306,431,phone,2025-06-09T16:10:14
sess_1307,431,tablet,2025-08-06T02:03:57
sess_1308,431,phone,2025-10-28T21:54:38
sess_1309,432,tablet,2025-06-21T18:38:00
sess_1310,432,phone,2025-06-28T00:29:28
sess_1311,432,phone,2025-10-24T21:26:21
sess_1312,433,phone,2025-10-23T18:49:39
sess_1313,433,laptop,2025-11-12T23:57:39
sess_1314,433,laptop,2025-06-11T22:28:49
sess_1315,433,laptop,2025-08-11T22:20:19
sess_1316,434,laptop,2025-11-14T17:37:27
sess_1317,434,tablet,2025-10-11T09:50:15
sess_1318,434,phone,2025-10-09T09:48:35
sess_1319,435,tablet,2025-10-23T08:36:19
sess_1320,436,tablet,2025-07-08T14:51:45
sess_1321,436,tablet,2025-08-14T09:35:32
sess_1322,436,laptop,2025-08-12T16:47:23
sess_1323,436,laptop,2025-10-23T07:25:02
sess_1324,437,laptop,2025-09-02T12:54:08
sess_1325,437,phone,2025-08-07T16:38:37
sess_1326,438,tablet,2025-07-16T02:30:51
sess_1327,438,tablet,2025-08-13T11:55:01
sess_1328,439,laptop,2025-10-13T14:20:31
sess_1329,440,laptop,2025-09-17T02:43:58
sess_1330,440,phone,2025-09-28T01:11:28
sess_1331,440,laptop,2025-08-10T18:04:13
sess_1332,441,laptop,2025-08-19T13:57:58
sess_1333,441,laptop,2025-11-03T13:06:04
sess_1334,441,laptop,2025-11-02T18:16:01
sess_1335,442,phone,2025-08-26T14:39:00
sess_1336,442,laptop,2025-09-26T05:56:12
sess_1337,442,phone,2025-09-29T06:33:01
sess_1338,443,tablet,2025-06-01T09:06:21
sess_1339,443,phone,2025-09-21T08:23:12
sess_1340,443,tablet,2025-07-10T15:21:55
sess_1341,443,laptop,2025-08-23T22:48:56
sess_1342,443,laptop,2025-08-16T09:08:03
sess_1343,444,laptop,2025-07-05T04:19:57
sess_1344,444,phone,2025-08-29T02:13:09
sess_1345,444,laptop,2025-05-31T15:08:29
sess_1346,444,laptop,2025-06-01T11:01:39
sess_1347,444,phone,2025-10-05T13:04:11
sess_1348,445,tablet,2025-06-29T11:19:22
sess_1349,445,laptop,2025-07-31T13:56:13
sess_1350,445,phone,2025-09-28T18:41:48
sess_1351,445,laptop,2025-08-24T05:42:37
sess_1352,445,laptop,2025-09-05T17:00:38
sess_1353,446,phone,2025-07-29T22:08:07
sess_1354,446,laptop,2025-10-07T08:52:54
sess_1355,447,tablet,2025-06-04T12:09:47
sess_1356,447,laptop,2025-08-24T19:11:04
sess_1357,447,phone,2025-11-24T03:41:41
sess_1358,447,phone,2025-09-16T21:13:00
sess_1359,448,laptop,2025-11-16T18:18:58
sess_1360,448,tablet,2025-07-22T00:55:48
sess_1361,449,tablet,2025-08-12T21:00:40
sess_1362,449,tablet,2025-07-18T10:22:25
sess_1363,449,phone,2025-07-24T07:57:35
sess_1364,450,laptop,2025-09-02T19:13:40
sess_1365,450,tablet,2025-09-14T04:38:25
sess_1366,450,phone,2025-10-09T00:57:13
sess_1367,451,phone,2025-08-22T16:55:47
sess_1368,451,tablet,2025-09-09T20:54:52
sess_1369,451,phone,2025-10-23T03:06:09
sess_1370,451,tablet,2025-08-01T13:10:45
sess_1371,451,laptop,2025-06-20T08:45:23
sess_1372,452,phone,2025-06-21T07:23:20
sess_1373,453,phone,2025-06-03T15:51:58
sess_1374,453,phone,2025-06-08T14:45:13
sess_1375,453,phone,2025-09-24T04:27:36
sess_1376,454,laptop,2025-10-29T21:26:01
sess_1377,454,laptop,2025-05-31T18:46:58
sess_1378,454,phone,2025-08-10T13:55:12
sess_1379,454,tablet,2025-06-19T07:40:28
sess_1380,454,laptop,2025-07-24T00:53:50
sess_1381,455,phone,2025-08-25T14:53:40
sess_1382,455,phone,2025-10-11T21:08:59
sess_1383,456,tablet,2025-08-07T19:14:18
sess_1384,456,laptop,2025-11-11T03:47:00
sess_1385,456,phone,2025-11-04T17:53:09
sess_1386,456,laptop,2025-10-09T08:16:09
sess_1387,456,tablet,2025-06-19T00:29:20
sess_1388,457,laptop,2025-07-14T05:32:07
sess_1389,457,tablet,2025-07-21T19:23:48
sess_1390,457,phone,2025-07-19T00:10:26
sess_1391,458,tablet,2025-08-30T19:16:05
sess_1392,458,phone,2025-08-03T19:19:49
sess_1393,458,phone,2025-09-07T11:46:43
sess_1394,459,tablet,2025-08-14T02:34:42
sess_1395,459,phone,2025-10-25T06:15:00
sess_1396,459,phone,2025-06-29T16:19:22
sess_1397,460,phone,2025-11-06T14:49:50
sess_1398,460,laptop,2025-10-31T21:01:25
sess_1399,461,laptop,2025-11-19T19:47:50
sess_1400,462,tablet,2025-09-29T19:18:03
sess_1401,462,tablet,2025-08-03T10:25:21
sess_1402,462,laptop,2025-11-13T11:25:06
sess_1403,462,tablet,2025-08-23T06:12:49
sess_1404,463,phone,2025-09-20T07:46:05
sess_1405,464,phone,2025-09-13T16:58:12
sess_1406,464,phone,2025-10-21T18:06:22
sess_1407,464,laptop,2025-08-13T20:36:29
sess_1408,464,laptop,2025-07-06T23:04:18
sess_1409,464,phone,2025-07-11T22:55:28
sess_1410,465,laptop,2025-07-01T00:23:53
sess_1411,465,tablet,2025-10-10T18:27:18
sess_1412,466,phone,2025-05-31T15:46:05
sess_1413,466,laptop,2025-06-04T09:27:43
sess_1414,467,phone,2025-09-27T02:41:37
sess_1415,467,tablet,2025-08-07T06:37:03
sess_1416,468,laptop,2025-07-01T05:41:55
sess_1417,468,laptop,2025-07-05T07:13:11
sess_1418,468,tablet,2025-08-01T11:39:39
sess_1419,468,phone,2025-07-23T03:05:36
sess_1420,468,tablet,2025-08-23T16:03:41
sess_1421,469,tablet,2025-09-18T04:09:06
sess_1422,470,tablet,2025-11-02T19:07:43
sess_1423,470,laptop,2025-07-21T18:57:00
sess_1424,470,phone,2025-05-31T14:07:17
sess_1425,470,phone,2025-07-17T19:42:05
sess_1426,471,laptop,2025-08-13T18:04:53
sess_1427,471,laptop,2025-09-03T00:09:28
sess_1428,472,laptop,2025-10-14T06:15:27
sess_1429,472,laptop,2025-06-06T16:30:37
sess_1430,472,laptop,2025-07-30T08:02:57
sess_1431,472,tablet,2025-08-21T14:44:52
sess_1432,472,phone,2025-08-02T23:52:57
sess_1433,473,tablet,2025-11-16T00:15:54
sess_1434,473,tablet,2025-07-13T15:37:14
sess_1435,473,phone,2025-11-22T06:26:49
sess_1436,474,phone,2025-07-06T16:52:49
sess_1437,474,phone,2025-10-01T21:30:58
sess_1438,474,phone,2025-07-19T13:22:23
sess_1439,474,phone,2025-07-11T00:59:20
sess_1440,474,phone,2025-07-25T16:23:58
sess_1441,475,tablet,2025-10-02T01:19:37
sess_1442,475,phone,2025-09-16T20:02:36
sess_1443,475,tablet,2025-08-20T06:31:04
sess_1444,475,tablet,2025-09-12T01:43:10
sess_1445,475,laptop,2025-08-17T10:23:32
sess_1446,476,tablet,2025-09-29T05:38:19
sess_1447,476,laptop,2025-09-01T10:25:21
sess_1448,476,phone,2025-11-11T13:14:09
sess_1449,477,laptop,2025-08-19T11:31:04
sess_1450,477,laptop,2025-11-07T21:42:58
sess_1451,477,phone,2025-08-17T16:16:03
sess_1452,478,laptop,2025-09-28T17:08:14
sess_1453,478,laptop,2025-07-05T14:12:03
sess_1454,478,phone,2025-09-01T21:30:21
sess_1455,479,laptop,2025-07-08T21:31:40
sess_1456,479,tablet,2025-11-12T00:27:12
sess_1457,480,laptop,2025-06-16T18:24:22
sess_1458,480,tablet,2025-11-08T23:11:45
sess_1459,480,laptop,2025-08-13T23:13:17
sess_1460,480,laptop,2025-09-17T08:12:10
sess_1461,481,laptop,2025-08-09T15:11:14
sess_1462,481,phone,2025-09-09T11:52:17
sess_1463,481,phone,2025-07-25T11:45:10
sess_1464,481,tablet,2025-07-08T19:56:45
sess_1465,482,phone,2025-07-23T00:49:42
sess_1466,482,laptop,2025-06-02T19:06:03
sess_1467,483,tablet,2025-07-28T08:00:07
sess_1468,484,phone,2025-11-20T00:02:01
sess_1469,484,laptop,2025-10-26T03:43:07
sess_1470,484,phone,2025-09-08T16:23:07
sess_1471,484,phone,2025-08-05T17:00:47
sess_1472,484,laptop,2025-09-08T06:55:37
sess_1473,485,phone,2025-09-09T07:33:48
sess_1474,486,tablet,2025-08-29T14:30:21
sess_1475,486,phone,2025-11-11T19:06:09
sess_1476,486,tablet,2025-11-05T08:30:42
sess_1477,486,tablet,2025-09-11T07:40:20
sess_1478,487,tablet,2025-07-08T07:06:40
sess_1479,487,tablet,2025-07-05T11:34:16
sess_1480,487,laptop,2025-09-23T20:39:31
sess_1481,487,tablet,2025-11-17T06:47:24
sess_1482,487,laptop,2025-08-15T13:04:11
sess_1483,488,phone,2025-10-03T18:01:37
sess_1484,488,phone,2025-09-02T12:52:20
sess_1485,488,laptop,2025-08-28T09:27:01
sess_1486,488,laptop,2025-11-17T02:07:20
sess_1487,488,laptop,2025-07-10T08:48:00
sess_1488,489,laptop,2025-06-10T05:45:15
sess_1489,489,tablet,2025-07-07T14:11:33
sess_1490,489,tablet,2025-08-07T17:12:22
sess_1491,489,tablet,2025-10-03T22:52:41
sess_1492,490,tablet,2025-07-09T00:01:19
sess_1493,490,phone,2025-07-30T22:53:42
sess_1494,490,phone,2025-11-13T04:42:42
sess_1495,490,phone,2025-06-26T18:45:12
sess_1496,491,tablet,2025-11-14T21:29:14
sess_1497,491,laptop,2025-07-01T23:35:28
sess_1498,491,phone,2025-11-26T03:18:02
sess_1499,491,phone,2025-11-12T09:50:21
sess_1500,492,tablet,2025-07-07T10:38:18
sess_1501,493,tablet,2025-06-11T10:54:22
sess_1502,493,tablet,2025-09-21T04:39:57
sess_1503,493,tablet,2025-06-21T14:23:53
sess_1504,494,tablet,2025-09-12T18:14:22
sess_1505,494,tablet,2025-10-09T14:14:02
sess_1506,494,tablet,2025-08-02T23:46:09
sess_1507,494,laptop,2025-08-26T10:55:47
sess_1508,495,laptop,2025-11-24T07:03:41
sess_1509,495,laptop,2025-09-14T10:01:46
sess_1510,496,laptop,2025-10-13T00:36:35
sess_1511,496,tablet,2025-07-16T16:03:32
sess_1512,496,phone,2025-11-11T03:07:09
sess_1513,496,phone,2025-09-02T10:34:06
sess_1514,496,phone,2025-11-03T20:06:38
sess_1515,497,phone,2025-08-12T10:25:29
sess_1516,497,laptop,2025-10-11T05:46:30
sess_1517,497,laptop,2025-06-06T07:23:10
sess_1518,497,laptop,2025-08-29T11:31:16
sess_1519,498,tablet,2025-08-07T11:36:16
sess_1520,498,phone,2025-07-28T19:45:25
sess_1521,499,tablet,2025-07-23T20:05:43
sess_1522,499,laptop,2025-06-14T13:01:19
sess_1523,499,tablet,2025-06-17T18:40:49
sess_1524,499,phone,2025-11-08T00:52:52
sess_1525,499,laptop,2025-06-30T07:15:22
sess_1526,500,laptop,2025-07-18T02:55:12
sess_1527,501,phone,2025-11-25T12:29:33
sess_1528,502,phone,2025-06-12T19:40:34
sess_1529,502,laptop,2025-10-26T20:46:30
sess_1530,502,phone,2025-06-20T03:49:56
sess_1531,502,tablet,2025-10-02T16:41:40
sess_1532,503,tablet,2025-07-05T23:57:47
sess_1533,504,laptop,2025-10-12T06:25:03
sess_1534,504,tablet,2025-11-22T21:10:26
sess_1535,504,phone,2025-10-22T02:20:48
sess_1536,504,laptop,2025-07-17T01:11:08
sess_1537,504,tablet,2025-10-10T01:16:18
sess_1538,505,laptop,2025-11-16T04:56:11
sess_1539,505,tablet,2025-06-21T07:32:56
sess_1540,505,tablet,2025-08-14T00:27:59
sess_1541,506,phone,2025-06-06T01:54:36
sess_1542,506,laptop,2025-06-06T09:48:18
sess_1543,506,phone,2025-09-12T04:26:49
sess_1544,507,tablet,2025-08-22T01:58:48
sess_1545,507,phone,2025-11-24T17:07:50
sess_1546,507,tablet,2025-08-28T02:58:18
sess_1547,508,laptop,2025-10-24T03:37:24
sess_1548,508,laptop,2025-08-03T00:18:08
sess_1549,508,tablet,2025-06-12T19:45:54
sess_1550,508,tablet,2025-06-13T04:29:52
sess_1551,509,tablet,2025-07-02T01:43:55
sess_1552,509,laptop,2025-08-22T00:29:01
sess_1553,510,phone,2025-10-22T08:32:49
sess_1554,510,laptop,2025-07-28T03:00:00
sess_1555,510,laptop,2025-10-20T23:23:48
sess_1556,510,phone,2025-09-21T16:01:07
sess_1557,510,phone,2025-10-15T10:27:14
sess_1558,511,tablet,2025-07-10T00:14:50
sess_1559,511,laptop,2025-09-30T07:36:20
sess_1560,511,tablet,2025-11-17T06:23:48
sess_1561,511,tablet,2025-09-17T10:47:15
sess_1562,511,tablet,2025-10-28T18:48:46
sess_1563,512,laptop,2025-10-01T12:40:29
sess_1564,513,laptop,2025-09-11T10:26:50
sess_1565,513,phone,2025-09-17T12:23:22
sess_1566,513,phone,2025-09-13T00:51:07
sess_1567,514,laptop,2025-08-14T18:00:49
sess_1568,515,tablet,2025-10-29T23:19:36
sess_1569,516,tablet,2025-10-07T17:29:37
sess_1570,516,tablet,2025-08-16T20:28:51
sess_1571,516,tablet,2025-06-05T17:17:28
sess_1572,517,tablet,2025-10-15T03:57:09
sess_1573,517,laptop,2025-06-16T01:03:04
sess_1574,517,phone,2025-10-08T10:17:55
sess_1575,518,tablet,2025-11-01T03:03:53
sess_1576,518,laptop,2025-06-26T04:56:02
sess_1577,518,laptop,2025-10-04T08:34:10
sess_1578,518,tablet,2025-11-25T08:44:54
sess_1579,518,phone,2025-06-15T06:53:02
sess_1580,519,phone,2025-06-27T12:14:03
sess_1581,519,tablet,2025-10-06T01:34:14
sess_1582,519,phone,2025-08-10T00:27:20
sess_1583,520,laptop,2025-08-08T21:15:20
sess_1584,520,tablet,2025-10-05T04:20:41
sess_1585,520,phone,2025-09-29T19:42:36
sess_1586,520,tablet,2025-09-05T18:06:30
sess_1587,520,tablet,2025-09-20T21:01:51
sess_1588,521,laptop,2025-09-07T04:00:00
sess_1589,521,tablet,2025-10-03T19:09:58
sess_1590,522,phone,2025-11-16T21:42:43
sess_1591,522,laptop,2025-07-11T00:11:38
sess_1592,523,phone,2025-09-05T18:04:31
sess_1593,523,tablet,2025-11-23T08:40:40
sess_1594,523,phone,2025-09-13T13:04:35
sess_1595,523,phone,2025-07-03T18:17:08
sess_1596,523,laptop,2025-08-11T18:49:56
sess_1597,524,phone,2025-10-29T15:31:48
sess_1598,524,tablet,2025-10-03T21:02:02
sess_1599,524,tablet,2025-08-01T03:36:50
sess_1600,524,laptop,2025-07-21T03:54:15
sess_1601,524,tablet,2025-07-26T09:43:00
sess_1602,525,phone,2025-11-05T08:29:00
sess_1603,525,laptop,2025-10-05T18:36:29
sess_1604,526,laptop,2025-11-12T15:48:27
sess_1605,527,tablet,2025-08-18T22:58:34
sess_1606,527,tablet,2025-08-26T01:50:45
sess_1607,527,phone,2025-10-05T10:55:50
sess_1608,528,phone,2025-10-01T05:00:04
sess_1609,528,tablet,2025-08-28T22:32:48
sess_1610,528,laptop,2025-11-02T06:42:16
sess_1611,529,phone,2025-09-20T21:22:06
sess_1612,529,laptop,2025-10-08T04:43:54
sess_1613,530,laptop,2025-10-06T00:12:09
sess_1614,530,laptop,2025-08-15T04:37:59
sess_1615,530,laptop,2025-08-06T07:04:46
sess_1616,530,tablet,2025-06-29T08:12:02
sess_1617,530,laptop,2025-07-30T01:37:38
sess_1618,531,laptop,2025-09-13T22:25:52
sess_1619,532,tablet,2025-09-30T07:30:39
sess_1620,532,laptop,2025-11-12T10:47:18
sess_1621,533,laptop,2025-08-08T16:26:24
sess_1622,533,laptop,2025-08-29T03:05:49
sess_1623,534,tablet,2025-11-15T01:00:34
sess_1624,534,tablet,2025-09-08T12:47:43
sess_1625,535,laptop,2025-11-05T08:13:42
sess_1626,535,laptop,2025-09-27T07:17:36
sess_1627,535,tablet,2025-07-09T13:11:19
sess_1628,535,phone,2025-06-19T11:09:21
sess_1629,536,tablet,2025-07-29T20:13:34
sess_1630,536,phone,2025-06-07T05:14:27
sess_1631,537,tablet,2025-11-09T14:24:31
sess_1632,538,phone,2025-09-01T08:46:38
sess_1633,538,laptop,2025-06-05T01:34:43
sess_1634,538,phone,2025-11-19T13:53:16
sess_1635,539,tablet,2025-09-25T04:44:54
sess_1636,539,tablet,2025-06-06T17:08:32
sess_1637,539,phone,2025-06-28T07:34:09
sess_1638,539,tablet,2025-09-17T20:53:52
sess_1639,540,tablet,2025-06-02T11:55:49
sess_1640,541,laptop,2025-06-24T04:02:05
sess_1641,541,tablet,2025-06-06T23:37:59
sess_1642,542,tablet,2025-10-05T12:46:25
sess_1643,542,phone,2025-06-04T08:25:31
sess_1644,542,laptop,2025-06-08T19:12:25
sess_1645,543,tablet,2025-10-24T07:36:58
sess_1646,543,phone,2025-06-23T15:11:03
sess_1647,543,laptop,2025-11-12T10:07:15
sess_1648,543,tablet,2025-11-11T08:49:26
sess_1649,544,tablet,2025-08-11T05:44:45
sess_1650,544,tablet,2025-11-10T06:25:21
sess_1651,545,tablet,2025-11-24T07:47:46
sess_1652,545,phone,2025-07-17T16:52:23
sess_1653,545,phone,2025-07-09T17:56:45
sess_1654,545,phone,2025-10-26T00:52:25
sess_1655,546,laptop,2025-07-28T02:32:37
sess_1656,546,phone,2025-10-10T21:58:14
sess_1657,546,tablet,2025-07-04T22:17:29
sess_1658,546,laptop,2025-08-17T11:11:49
sess_1659,547,laptop,2025-06-27T10:02:44
sess_1660,547,tablet,2025-10-16T07:10:41
sess_1661,547,laptop,2025-08-26T23:09:07
sess_1662,547,phone,2025-10-06T19:30:21
sess_1663,547,laptop,2025-07-14T13:10:29
sess_1664,548,phone,2025-07-06T05:24:22
sess_1665,548,tablet,2025-11-02T09:17:51
sess_1666,548,laptop,2025-08-10T01:36:22
sess_1667,548,phone,2025-07-02T00:36:02
sess_1668,549,laptop,2025-05-31T06:11:41
sess_1669,550,tablet,2025-11-21T18:33:29
sess_1670,550,phone,2025-11-09T07:11:15
sess_1671,550,laptop,2025-09-26T19:24:21
sess_1672,551,tablet,2025-08-22T03:48:40
sess_1673,551,tablet,2025-08-10T22:53:06
sess_1674,552,laptop,2025-06-13T05:13:49
sess_1675,552,laptop,2025-06-19T10:34:52
sess_1676,552,laptop,2025-10-20T07:29:44
sess_1677,552,tablet,2025-09-02T18:06:39
sess_1678,553,laptop,2025-07-14T06:21:33
sess_1679,553,phone,2025-10-09T08:23:29
sess_1680,554,laptop,2025-09-02T00:53:01
sess_1681,555,laptop,2025-06-06T11:18:03
sess_1682,556,tablet,2025-10-31T21:37:36
sess_1683,556,phone,2025-10-20T15:37:55
sess_1684,556,laptop,2025-10-05T14:38:02
sess_1685,556,phone,2025-10-10T00:59:08
sess_1686,556,tablet,2025-10-23T12:56:36
sess_1687,557,phone,2025-05-31T11:33:39
sess_1688,557,phone,2025-07-18T15:12:52
sess_1689,557,phone,2025-07-06T00:31:47
sess_1690,557,phone,2025-09-20T15:03:07
sess_1691,557,laptop,2025-08-14T05:43:18
sess_1692,558,laptop,2025-10-22T02:18:27
sess_1693,558,laptop,2025-07-19T00:09:24
sess_1694,558,phone,2025-11-06T10:09:24
sess_1695,558,phone,2025-10-16T15:13:27
sess_1696,558,tablet,2025-10-02T21:58:17
sess_1697,559,phone,2025-11-10T11:15:30
sess_1698,560,phone,2025-06-14T09:42:39
sess_1699,560,tablet,2025-06-07T08:49:44
sess_1700,560,laptop,2025-07-07T01:30:29
sess_1701,561,tablet,2025-09-19T21:14:47
sess_1702,562,tablet,2025-10-30T14:06:30
sess_1703,562,laptop,2025-06-11T07:10:54
sess_1704,562,tablet,2025-06-16T12:21:59
sess_1705,562,laptop,2025-07-08T20:23:59
sess_1706,563,tablet,2025-09-16T14:49:32
sess_1707,563,laptop,2025-09-13T13:09:23
sess_1708,564,laptop,2025-09-09T05:19:52
sess_1709,564,phone,2025-11-14T08:49:06
sess_1710,564,laptop,2025-09-19T12:29:59
sess_1711,564,tablet,2025-09-21T16:13:41
sess_1712,565,laptop,2025-11-18T16:46:48
sess_1713,565,tablet,2025-09-09T03:46:15
sess_1714,565,laptop,2025-08-20T15:00:06
sess_1715,565,phone,2025-06-15T22:34:12
sess_1716,565,laptop,2025-07-09T18:54:35
sess_1717,566,phone,2025-07-22T02:00:10
sess_1718,566,phone,2025-10-22T10:41:24
sess_1719,566,phone,2025-07-15T23:24:31
sess_1720,567,phone,2025-08-03T09:43:48
sess_1721,567,laptop,2025-06-05T02:42:38
sess_1722,567,phone,2025-08-17T10:24:20
sess_1723,568,laptop,2025-10-10T10:29:25
sess_1724,568,phone,2025-06-21T20:56:26
sess_1725,569,tablet,2025-06-01T00:37:49
sess_1726,570,tablet,2025-08-27T10:01:47
sess_1727,570,laptop,2025-06-26T05:48:30
sess_1728,570,laptop,2025-07-25T16:18:18
sess_1729,571,tablet,2025-10-25T08:41:50
sess_1730,571,phone,2025-09-09T15:44:54
sess_1731,571,phone,2025-07-16T21:29:10
sess_1732,572,phone,2025-11-10T03:43:48
sess_1733,572,laptop,2025-09-21T02:37:27
sess_1734,572,phone,2025-09-18T19:00:03
sess_1735,572,tablet,2025-07-28T06:29:37
sess_1736,573,laptop,2025-09-05T11:51:22
sess_1737,573,tablet,2025-11-05T17:32:43
sess_1738,573,phone,2025-07-09T06:49:11
sess_1739,574,tablet,2025-11-23T06:08:40
sess_1740,574,laptop,2025-08-14T17:01:13
sess_1741,575,phone,2025-10-02T12:37:19
sess_1742,575,tablet,2025-10-20T08:00:28
sess_1743,575,tablet,2025-11-08T13:58:46
sess_1744,576,phone,2025-07-27T09:41:01
sess_1745,576,laptop,2025-09-13T22:13:27
sess_1746,576,laptop,2025-08-09T19:01:07
sess_1747,576,tablet,2025-10-25T22:15:24
sess_1748,576,laptop,2025-07-02T05:27:39
sess_1749,577,phone,2025-06-04T18:19:14
sess_1750,577,tablet,2025-07-24T18:29:20
sess_1751,577,tablet,2025-07-28T12:21:23
sess_1752,577,phone,2025-07-16T18:02:17
sess_1753,577,tablet,2025-06-09T07:11:32
sess_1754,578,phone,2025-07-25T18:10:57
sess_1755,578,laptop,2025-09-19T03:50:27
sess_1756,578,laptop,2025-08-26T10:20:58
sess_1757,578,tablet,2025-09-26T03:17:52
sess_1758,579,phone,2025-09-13T10:26:35
sess_1759,579,laptop,2025-09-07T10:37:56
sess_1760,579,phone,2025-08-07T07:53:43
sess_1761,579,phone,2025-08-21T11:35:03
sess_1762,579,laptop,2025-09-13T08:12:05
sess_1763,580,laptop,2025-10-09T14:48:57
sess_1764,580,laptop,2025-06-01T11:18:21
sess_1765,580,laptop,2025-06-19T08:15:10
sess_1766,580,tablet,2025-11-14T04:10:04
sess_1767,581,tablet,2025-11-01T21:00:29
sess_1768,581,phone,2025-10-29T05:06:24
sess_1769,581,laptop,2025-08-08T18:21:37
sess_1770,582,laptop,2025-06-07T12:47:13
sess_1771,583,laptop,2025-07-15T22:42:45
sess_1772,583,phone,2025-10-04T13:53:57
sess_1773,583,phone,2025-06-30T22:40:40
sess_1774,583,tablet,2025-06-11T15:02:27
sess_1775,583,tablet,2025-09-02T16:03:57
sess_1776,584,phone,2025-09-12T16:20:03
sess_1777,584,phone,2025-08-31T18:07:08
sess_1778,584,tablet,2025-10-03T13:03:07
sess_1779,584,tablet,2025-07-02T11:53:03
sess_1780,584,phone,2025-08-19T12:34:02
sess_1781,585,phone,2025-07-13T04:58:42
sess_1782,585,laptop,2025-08-03T16:58:40
sess_1783,585,laptop,2025-06-15T19:49:34
sess_1784,586,phone,2025-06-27T13:00:24
sess_1785,587,tablet,2025-08-17T02:06:54
sess_1786,587,phone,2025-06-17T19:20:01
sess_1787,587,phone,2025-11-14T12:36:30
sess_1788,587,tablet,2025-07-13T23:06:32
sess_1789,588,phone,2025-10-06T04:56:02
sess_1790,588,tablet,2025-09-28T00:20:07
sess_1791,588,phone,2025-08-03T03:24:06
sess_1792,588,tablet,2025-06-09T22:22:58
sess_1793,589,phone,2025-08-22T19:42:25
sess_1794,590,phone,2025-10-30T16:18:07
sess_1795,590,tablet,2025-07-25T20:15:54
sess_1796,590,tablet,2025-11-23T11:56:25
sess_1797,590,tablet,2025-06-17T17:28:40
sess_1798,591,tablet,2025-06-24T04:39:58
sess_1799,591,laptop,2025-09-04T13:40:20
sess_1800,591,phone,2025-09-04T22:42:07
sess_1801,591,tablet,2025-11-11T11:03:26
sess_1802,591,phone,2025-06-01T07:14:01
sess_1803,592,laptop,2025-07-18T23:49:41
sess_1804,593,tablet,2025-09-03T18:08:20
sess_1805,593,phone,2025-10-31T01:35:50
sess_1806,593,tablet,2025-11-26T14:28:48
sess_1807,593,phone,2025-07-27T02:30:08
sess_1808,594,tablet,2025-11-02T13:14:22
sess_1809,594,tablet,2025-10-30T02:40:07
sess_1810,594,tablet,2025-11-04T13:24:38
sess_1811,594,phone,2025-06-23T19:34:22
sess_1812,595,tablet,2025-10-21T12:39:12
sess_1813,595,laptop,2025-10-09T20:51:29
sess_1814,595,tablet,2025-11-09T15:27:01
sess_1815,596,laptop,2025-07-28T09:04:54
sess_1816,596,tablet,2025-07-14T14:07:15
sess_1817,596,tablet,2025-10-15T06:10:58
sess_1818,596,laptop,2025-10-04T02:08:36
sess_1819,596,tablet,2025-06-27T06:28:59
sess_1820,597,tablet,2025-06-20T08:04:58
sess_1821,597,phone,2025-07-19T22:32:29
sess_1822,597,laptop,2025-09-13T17:19:23
sess_1823,598,phone,2025-08-23T00:20:31
sess_1824,598,phone,2025-09-17T05:37:53
sess_1825,599,phone,2025-11-11T07:11:47
sess_1826,599,laptop,2025-07-19T12:49:04
sess_1827,599,laptop,2025-11-09T17:34:18
sess_1828,600,tablet,2025-09-02T09:10:40
sess_1829,600,tablet,2025-06-22T03:13:24
sess_1830,601,tablet,2025-07-15T23:07:22
sess_1831,601,tablet,2025-07-13T16:57:52
sess_1832,602,phone,2025-10-04T21:08:06
sess_1833,603,tablet,2025-06-06T01:54:28
sess_1834,603,tablet,2025-08-10T20:30:56
sess_1835,603,tablet,2025-06-29T11:55:29
sess_1836,603,laptop,2025-10-02T16:28:55
sess_1837,603,tablet,2025-09-17T20:48:14
sess_1838,604,phone,2025-10-12T11:57:14
sess_1839,604,phone,2025-07-18T01:48:26
sess_1840,604,laptop,2025-08-31T18:01:02
sess_1841,604,tablet,2025-11-03T14:55:13
sess_1842,604,laptop,2025-07-13T07:21:42
sess_1843,605,laptop,2025-07-20T04:06:16
sess_1844,606,laptop,2025-09-24T08:25:14
sess_1845,606,phone,2025-08-10T13:45:26
sess_1846,606,laptop,2025-07-18T12:03:52
sess_1847,606,phone,2025-09-08T10:25:16
sess_1848,607,laptop,2025-10-02T03:33:43
sess_1849,607,laptop,2025-06-03T09:26:07
sess_1850,608,phone,2025-10-04T23:42:37
sess_1851,608,laptop,2025-06-24T18:15:07
sess_1852,608,laptop,2025-06-25T23:42:07
sess_1853,608,phone,2025-07-24T22:02:59
sess_1854,609,laptop,2025-08-20T08:34:18
sess_1855,609,phone,2025-10-23T14:05:49
sess_1856,609,tablet,2025-09-22T00:19:44
sess_1857,610,phone,2025-11-07T22:45:43
sess_1858,610,laptop,2025-09-13T07:01:28
sess_1859,610,phone,2025-07-27T15:34:45
sess_1860,610,phone,2025-08-18T22:59:22
sess_1861,610,laptop,2025-11-23T19:05:26
sess_1862,611,phone,2025-10-01T18:21:13
sess_1863,612,tablet,2025-10-08T08:08:24
sess_1864,613,tablet,2025-06-27T07:18:49
sess_1865,613,tablet,2025-06-13T14:10:34
sess_1866,613,phone,2025-10-26T23:48:23
sess_1867,613,phone,2025-11-21T15:28:13
sess_1868,614,tablet,2025-09-02T20:29:35
sess_1869,614,tablet,2025-09-30T18:28:49
sess_1870,614,tablet,2025-11-13T11:50:11
sess_1871,615,laptop,2025-09-15T14:25:41
sess_1872,615,laptop,2025-11-10T06:29:21
sess_1873,616,phone,2025-10-19T11:33:02
sess_1874,616,tablet,2025-11-09T00:04:39
sess_1875,616,tablet,2025-09-26T14:55:05
sess_1876,616,phone,2025-10-26T01:01:09
sess_1877,617,tablet,2025-07-24T15:03:10
sess_1878,617,phone,2025-09-29T15:46:54
sess_1879,617,laptop,2025-08-25T17:20:46
sess_1880,617,laptop,2025-07-13T02:48:16
sess_1881,617,laptop,2025-06-25T22:40:06
sess_1882,618,tablet,2025-09-17T23:55:38
sess_1883,619,laptop,2025-10-02T11:01:31
sess_1884,619,tablet,2025-08-04T15:03:07
sess_1885,619,laptop,2025-11-09T18:23:51
sess_1886,620,laptop,2025-10-25T15:42:52
sess_1887,620,tablet,2025-07-31T14:29:45
sess_1888,621,tablet,2025-07-17T13:56:05
sess_1889,621,phone,2025-10-03T19:40:37
sess_1890,622,tablet,2025-11-23T10:29:28
sess_1891,622,tablet,2025-08-12T03:46:06
sess_1892,622,phone,2025-07-06T19:06:36
sess_1893,622,phone,2025-08-25T20:15:44
sess_1894,622,phone,2025-07-04T15:40:56
sess_1895,623,phone,2025-11-21T15:03:34
sess_1896,624,laptop,2025-07-22T00:58:50
sess_1897,624,laptop,2025-08-06T03:39:52
sess_1898,624,laptop,2025-10-05T10:47:37
sess_1899,625,laptop,2025-07-05T03:13:57
sess_1900,625,tablet,2025-10-04T11:18:10
sess_1901,626,laptop,2025-09-30T01:57:15
sess_1902,626,tablet,2025-09-23T19:31:59
sess_1903,627,laptop,2025-10-18T21:00:23
sess_1904,628,tablet,2025-07-17T10:08:46
sess_1905,629,phone,2025-07-23T00:17:08
sess_1906,630,phone,2025-11-15T16:51:58
sess_1907,630,tablet,2025-08-28T13:48:02
sess_1908,630,phone,2025-08-11T01:15:17
sess_1909,630,tablet,2025-11-26T20:07:10
sess_1910,631,laptop,2025-09-07T15:53:40
sess_1911,631,tablet,2025-07-07T07:25:58
sess_1912,631,tablet,2025-08-21T03:01:28
sess_1913,632,tablet,2025-11-07T02:36:05
sess_1914,632,tablet,2025-08-29T20:07:15
sess_1915,632,laptop,2025-11-14T03:57:13
sess_1916,632,laptop,2025-09-04T02:08:52
sess_1917,633,tablet,2025-10-25T15:48:43
sess_1918,633,phone,2025-08-08T14:27:45
sess_1919,633,laptop,2025-09-02T14:17:36
sess_1920,633,phone,2025-11-20T05:09:22
sess_1921,634,laptop,2025-11-09T21:49:07
sess_1922,634,phone,2025-11-16T11:00:25
sess_1923,634,tablet,2025-10-14T02:44:13
sess_1924,634,tablet,2025-09-26T12:17:45
sess_1925,635,tablet,2025-06-21T19:30:29
sess_1926,635,tablet,2025-10-18T13:39:38
sess_1927,635,phone,2025-11-06T05:05:33
sess_1928,635,phone,2025-06-19T07:29:24
sess_1929,635,phone,2025-07-17T22:25:56
sess_1930,636,laptop,2025-08-17T19:05:26
sess_1931,636,tablet,2025-11-15T06:33:46
sess_1932,636,phone,2025-06-16T04:12:58
sess_1933,636,tablet,2025-07-21T12:48:31
sess_1934,636,laptop,2025-10-24T19:32:34
sess_1935,637,phone,2025-08-23T00:33:11
sess_1936,637,tablet,2025-09-29T12:28:54
sess_1937,638,laptop,2025-10-09T10:59:21
sess_1938,638,tablet,2025-08-01T03:46:22
sess_1939,638,tablet,2025-10-21T00:18:44
sess_1940,639,tablet,2025-09-27T15:24:38
sess_1941,639,phone,2025-09-22T07:48:10
sess_1942,639,phone,2025-06-29T11:42:20
sess_1943,639,phone,2025-06-30T22:58:30
sess_1944,639,phone,2025-06-23T05:18:05
sess_1945,640,phone,2025-06-20T05:46:31
sess_1946,640,phone,2025-08-09T16:33:56
sess_1947,640,tablet,2025-07-23T00:02:04
sess_1948,640,phone,2025-10-26T08:21:17
sess_1949,641,phone,2025-11-25T15:33:11
sess_1950,641,tablet,2025-08-10T05:00:25
sess_1951,641,tablet,2025-05-31T14:59:38
sess_1952,641,tablet,2025-09-23T06:57:01
sess_1953,642,phone,2025-06-05T07:19:30
sess_1954,642,laptop,2025-09-28T11:11:03
sess_1955,643,tablet,2025-09-19T02:28:23
sess_1956,643,laptop,2025-11-25T15:08:47
sess_1957,643,phone,2025-10-16T18:21:54
sess_1958,643,tablet,2025-07-09T22:24:30
sess_1959,644,phone,2025-10-03T17:11:48
sess_1960,644,phone,2025-11-16T07:24:53
sess_1961,644,tablet,2025-09-24T12:56:04
sess_1962,645,tablet,2025-09-13T08:14:15
sess_1963,645,phone,2025-07-24T21:35:11
sess_1964,646,phone,2025-11-10T01:41:41
sess_1965,647,phone,2025-06-20T16:11:18
sess_1966,647,laptop,2025-09-12T05:38:50
sess_1967,647,laptop,2025-07-31T06:42:41
sess_1968,648,laptop,2025-10-03T20:48:22
sess_1969,648,tablet,2025-10-09T17:04:19
sess_1970,648,tablet,2025-06-14T04:44:23
sess_1971,648,phone,2025-08-14T16:08:32
sess_1972,648,laptop,2025-08-18T04:40:34
sess_1973,649,phone,2025-07-28T01:29:36
sess_1974,650,phone,2025-10-03T02:51:46
sess_1975,651,tablet,2025-09-26T22:48:16
sess_1976,651,phone,2025-11-01T15:10:31
sess_1977,652,phone,2025-08-15T21:15:42
sess_1978,652,tablet,2025-11-21T20:51:35
sess_1979,653,laptop,2025-11-16T11:54:42
sess_1980,654,tablet,2025-11-24T12:25:11
sess_1981,654,tablet,2025-10-25T09:15:41
sess_1982,654,phone,2025-10-15T21:28:45
sess_1983,654,laptop,2025-08-03T19:51:01
sess_1984,655,laptop,2025-08-01T13:10:30
sess_1985,655,phone,2025-06-01T04:45:39
sess_1986,656,laptop,2025-08-13T16:36:13
sess_1987,657,laptop,2025-09-23T17:43:02
sess_1988,657,phone,2025-08-28T08:53:44
sess_1989,657,tablet,2025-09-11T06:34:19
sess_1990,657,tablet,2025-07-14T06:48:17
sess_1991,657,phone,2025-09-09T08:51:23
sess_1992,658,phone,2025-08-17T14:46:22
sess_1993,658,tablet,2025-08-22T14:02:20
sess_1994,658,laptop,2025-10-28T06:33:12
sess_1995,659,tablet,2025-06-14T09:51:19
sess_1996,660,laptop,2025-11-15T01:11:44
sess_1997,660,laptop,2025-06-28T18:43:41
sess_1998,661,tablet,2025-08-18T07:01:06
sess_1999,662,phone,2025-10-30T15:24:13
sess_2000,662,phone,2025-08-12T23:07:59
sess_2001,662,phone,2025-10-06T18:16:50
sess_2002,663,laptop,2025-08-01T03:38:40
sess_2003,663,tablet,2025-11-18T01:40:15
sess_2004,664,tablet,2025-09-24T07:48:31
sess_2005,664,phone,2025-07-19T14:35:48
sess_2006,664,phone,2025-07-29T13:32:45
sess_2007,665,tablet,2025-10-31T23:48:37
sess_2008,665,laptop,2025-06-04T17:55:38
sess_2009,665,tablet,2025-08-21T12:33:40
sess_2010,665,laptop,2025-07-20T12:50:59
sess_2011,666,laptop,2025-11-23T00:49:49
sess_2012,666,phone,2025-10-26T20:44:31
sess_2013,666,phone,2025-10-26T05:54:29
sess_2014,667,laptop,2025-07-19T05:59:42
sess_2015,667,phone,2025-11-19T10:40:19
sess_2016,667,phone,2025-10-01T09:45:28
sess_2017,668,phone,2025-10-13T23:51:48
sess_2018,668,tablet,2025-09-27T11:40:37
sess_2019,668,phone,2025-09-30T08:42:15
sess_2020,669,laptop,2025-08-06T16:37:14
sess_2021,669,laptop,2025-10-03T07:40:19
sess_2022,669,tablet,2025-07-26T13:23:03
sess_2023,670,laptop,2025-11-18T14:19:34
sess_2024,671,laptop,2025-08-23T22:57:00
sess_2025,671,tablet,2025-11-16T19:41:04
sess_2026,672,laptop,2025-08-23T14:21:19
sess_2027,673,laptop,2025-07-21T05:32:39
sess_2028,673,laptop,2025-06-16T03:38:01
sess_2029,673,laptop,2025-09-15T04:24:25
sess_2030,674,phone,2025-07-12T23:24:17
sess_2031,675,tablet,2025-10-06T03:02:18
sess_2032,675,phone,2025-08-16T09:29:47
sess_2033,675,tablet,2025-09-27T19:17:10
sess_2034,675,tablet,2025-08-21T20:03:16
sess_2035,675,tablet,2025-10-16T01:58:47
sess_2036,676,phone,2025-08-05T16:48:20
sess_2037,676,laptop,2025-07-21T00:50:28
sess_2038,676,laptop,2025-08-02T03:29:41
sess_2039,677,laptop,2025-06-05T19:06:04
sess_2040,677,phone,2025-10-06T10:20:50
sess_2041,678,laptop,2025-06-29T23:34:58
sess_2042,678,laptop,2025-09-20T23:16:55
sess_2043,679,phone,2025-10-01T14:25:58
sess_2044,679,tablet,2025-07-18T11:53:13
sess_2045,680,laptop,2025-07-08T21:54:08
sess_2046,680,tablet,2025-07-06T01:39:30
sess_2047,680,tablet,2025-07-23T23:13:03
sess_2048,681,phone,2025-10-06T21:30:36
sess_2049,681,tablet,2025-09-20T10:03:19
sess_2050,681,tablet,2025-06-20T16:07:45
sess_2051,681,phone,2025-06-30T05:32:43
sess_2052,681,laptop,2025-08-14T00:31:58
sess_2053,682,phone,2025-07-18T04:15:40
sess_2054,682,phone,2025-06-08T09:43:22
sess_2055,682,laptop,2025-06-09T03:15:57
sess_2056,683,laptop,2025-06-21T04:40:38
sess_2057,683,tablet,2025-06-18T14:28:07
sess_2058,683,laptop,2025-09-06T14:39:53
sess_2059,683,laptop,2025-09-15T18:12:33
sess_2060,684,laptop,2025-08-20T00:10:47
sess_2061,684,phone,2025-10-18T15:43:15
sess_2062,684,phone,2025-09-28T18:30:00
sess_2063,684,tablet,2025-07-31T21:57:44
sess_2064,684,laptop,2025-10-30T09:40:25
sess_2065,685,phone,2025-10-28T19:22:19
sess_2066,685,laptop,2025-07-16T22:42:12
sess_2067,685,tablet,2025-08-26T12:13:21
sess_2068,685,tablet,2025-11-24T11:19:51
sess_2069,685,tablet,2025-07-27T03:00:27
sess_2070,686,phone,2025-11-02T20:22:51
sess_2071,686,laptop,2025-09-16T05:13:13
sess_2072,687,tablet,2025-08-03T04:50:19
sess_2073,688,laptop,2025-06-08T16:24:09
sess_2074,689,phone,2025-10-16T22:04:01
sess_2075,689,laptop,2025-10-23T04:20:29
sess_2076,689,laptop,2025-10-12T22:43:43
sess_2077,689,laptop,2025-07-28T19:14:43
sess_2078,689,laptop,2025-07-28T18:23:22
sess_2079,690,phone,2025-10-04T02:25:14
sess_2080,690,phone,2025-09-27T07:27:52
sess_2081,691,tablet,2025-07-25T04:15:15
sess_2082,691,laptop,2025-07-05T05:19:02
sess_2083,691,tablet,2025-06-23T04:10:49
sess_2084,692,phone,2025-09-11T21:07:02
sess_2085,692,laptop,2025-09-15T21:59:08
sess_2086,692,tablet,2025-09-14T04:24:10
sess_2087,692,laptop,2025-07-24T16:57:43
sess_2088,693,tablet,2025-10-26T11:15:34
sess_2089,693,tablet,2025-06-18T03:29:41
sess_2090,693,phone,2025-08-25T14:09:16
sess_2091,694,phone,2025-08-30T12:39:57
sess_2092,695,laptop,2025-06-04T09:56:11
sess_2093,695,phone,2025-06-14T17:19:26
sess_2094,695,laptop,2025-08-04T07:35:25
sess_2095,695,laptop,2025-10-23T02:22:15
sess_2096,695,laptop,2025-11-22T07:44:12
sess_2097,696,laptop,2025-10-03T15:01:23
sess_2098,696,laptop,2025-11-19T04:28:48
sess_2099,696,tablet,2025-08-24T06:22:48
sess_2100,697,tablet,2025-07-04T06:23:09
sess_2101,697,phone,2025-10-03T05:58:35
sess_2102,698,tablet,2025-11-01T14:09:13
sess_2103,699,tablet,2025-07-02T11:52:22
sess_2104,700,phone,2025-10-07T01:37:09
sess_2105,700,laptop,2025-06-27T21:59:05
sess_2106,700,laptop,2025-10-29T12:20:42
sess_2107,700,phone,2025-07-08T09:43:47
sess_2108,701,phone,2025-08-09T23:49:42
sess_2109,701,laptop,2025-10-07T20:00:42
sess_2110,701,phone,2025-07-09T09:38:25
sess_2111,702,tablet,2025-08-06T23:24:10
sess_2112,702,tablet,2025-09-10T17:29:23
sess_2113,703,phone,2025-07-07T04:54:26
sess_2114,703,laptop,2025-09-29T23:15:00
sess_2115,703,phone,2025-08-08T00:46:35
sess_2116,704,laptop,2025-10-22T02:09:34
sess_2117,704,laptop,2025-06-01T07:01:31
sess_2118,704,laptop,2025-08-22T20:29:34
sess_2119,705,phone,2025-07-12T18:36:39
sess_2120,705,laptop,2025-11-15T00:18:01
sess_2121,705,tablet,2025-09-08T04:59:21
sess_2122,706,phone,2025-09-18T17:08:30
sess_2123,706,phone,2025-10-03T03:28:47
sess_2124,706,laptop,2025-07-27T04:03:56
sess_2125,706,tablet,2025-09-05T12:44:12
sess_2126,707,laptop,2025-11-13T06:21:07
sess_2127,707,tablet,2025-06-22T05:44:38
sess_2128,707,phone,2025-08-16T16:17:09
sess_2129,708,tablet,2025-11-13T06:11:32
sess_2130,709,phone,2025-08-12T10:58:37
sess_2131,709,laptop,2025-06-23T16:58:11
sess_2132,709,phone,2025-08-09T00:46:21
sess_2133,709,laptop,2025-09-03T11:54:38
sess_2134,709,laptop,2025-11-25T03:40:25
sess_2135,710,tablet,2025-08-24T13:38:32
sess_2136,710,laptop,2025-11-21T18:28:58
sess_2137,710,tablet,2025-11-04T07:59:03
sess_2138,711,laptop,2025-10-09T20:38:50
sess_2139,711,phone,2025-06-17T12:06:53
sess_2140,711,laptop,2025-07-26T23:39:03
sess_2141,711,tablet,2025-06-23T03:00:20
sess_2142,711,phone,2025-08-21T13:55:05
sess_2143,712,phone,2025-06-21T19:12:37
sess_2144,712,laptop,2025-09-13T05:18:41
sess_2145,712,tablet,2025-11-11T14:16:45
sess_2146,712,phone,2025-08-21T03:07:09
sess_2147,712,phone,2025-10-12T13:55:57
sess_2148,713,phone,2025-07-30T23:52:53
sess_2149,713,tablet,2025-07-16T08:59:11
sess_2150,713,tablet,2025-11-01T12:00:34
sess_2151,713,tablet,2025-07-09T09:13:22
sess_2152,714,phone,2025-10-03T12:18:42
sess_2153,715,laptop,2025-11-19T12:32:52
sess_2154,715,laptop,2025-10-14T09:36:04
sess_2155,715,tablet,2025-08-09T16:07:46
sess_2156,715,laptop,2025-07-26T20:56:00
sess_2157,716,phone,2025-10-05T08:47:33
sess_2158,716,phone,2025-06-18T00:17:02
sess_2159,716,phone,2025-06-12T03:47:42
sess_2160,717,tablet,2025-09-01T12:19:05
sess_2161,718,tablet,2025-07-13T00:57:04
sess_2162,718,phone,2025-11-12T22:22:32
sess_2163,718,laptop,2025-06-27T14:54:31
sess_2164,718,phone,2025-06-26T02:39:20
sess_2165,719,tablet,2025-06-15T11:37:17
sess_2166,719,phone,2025-10-23T14:22:38
sess_2167,720,tablet,2025-10-18T18:14:32
sess_2168,720,laptop,2025-07-22T07:45:21
sess_2169,720,tablet,2025-09-01T05:23:39
sess_2170,720,tablet,2025-09-26T19:05:27
sess_2171,721,tablet,2025-10-30T00:45:24
sess_2172,721,tablet,2025-06-22T11:46:46
sess_2173,722,phone,2025-11-24T11:30:25
sess_2174,722,laptop,2025-10-16T16:24:52
sess_2175,722,tablet,2025-09-06T22:56:42
sess_2176,722,laptop,2025-06-26T09:46:59
sess_2177,722,laptop,2025-08-19T01:06:00
sess_2178,723,laptop,2025-06-26T10:08:38
sess_2179,723,tablet,2025-09-19T21:10:15
sess_2180,723,tablet,2025-09-11T15:13:16
sess_2181,723,tablet,2025-10-18T19:13:58
sess_2182,723,phone,2025-07-29T18:27:50
sess_2183,724,laptop,2025-06-16T20:10:09
sess_2184,724,phone,2025-08-05T23:57:21
sess_2185,724,phone,2025-06-23T14:43:17
sess_2186,724,laptop,2025-09-30T13:43:07
sess_2187,724,phone,2025-05-31T21:53:04
sess_2188,725,phone,2025-09-14T02:38:03
sess_2189,725,phone,2025-07-02T11:33:56
sess_2190,725,tablet,2025-07-25T15:42:40
sess_2191,725,phone,2025-10-03T05:13:58
sess_2192,725,phone,2025-08-10T23:07:10
sess_2193,726,phone,2025-08-14T08:32:39
sess_2194,726,laptop,2025-08-18T02:00:54
sess_2195,726,laptop,2025-11-02T21:47:43
sess_2196,726,phone,2025-09-26T02:31:48
sess_2197,726,tablet,2025-08-09T07:03:32
sess_2198,727,laptop,2025-11-13T02:58:35
sess_2199,727,laptop,2025-08-27T13:33:40
sess_2200,727,laptop,2025-06-06T15:40:49
sess_2201,727,phone,2025-11-27T02:34:51
sess_2202,727,phone,2025-10-20T00:17:44
sess_2203,728,laptop,2025-09-28T19:36:12
sess_2204,728,phone,2025-06-20T18:06:10
sess_2205,728,phone,2025-07-03T04:25:19
sess_2206,728,laptop,2025-08-30T15:15:08
sess_2207,728,laptop,2025-09-18T20:57:02
sess_2208,729,laptop,2025-10-05T03:29:10
sess_2209,729,phone,2025-09-08T00:54:07
sess_2210,729,tablet,2025-09-25T10:24:27
sess_2211,729,tablet,2025-06-05T05:02:48
sess_2212,729,laptop,2025-11-24T03:32:13
sess_2213,730,laptop,2025-08-29T12:03:35
sess_2214,731,tablet,2025-10-07T06:14:00
sess_2215,732,tablet,2025-09-19T20:24:30
sess_2216,732,laptop,2025-10-09T06:45:40
sess_2217,733,phone,2025-07-20T11:01:06
sess_2218,734,phone,2025-09-18T14:57:03
sess_2219,734,tablet,2025-11-21T13:10:29
sess_2220,734,tablet,2025-06-30T11:41:32
sess_2221,735,tablet,2025-10-04T21:55:15
sess_2222,735,tablet,2025-08-02T22:24:32
sess_2223,735,tablet,2025-07-10T19:39:57
sess_2224,736,tablet,2025-07-18T18:35:39
sess_2225,736,tablet,2025-06-30T18:03:56
sess_2226,736,tablet,2025-07-09T14:05:45
sess_2227,736,laptop,2025-06-27T08:12:36
sess_2228,736,phone,2025-08-22T15:20:41
sess_2229,737,tablet,2025-09-03T16:01:02
sess_2230,738,tablet,2025-10-15T13:10:31
sess_2231,738,phone,2025-07-16T08:07:54
sess_2232,738,tablet,2025-11-19T21:08:53
sess_2233,738,laptop,2025-08-30T14:12:01
sess_2234,739,tablet,2025-10-12T14:44:26
sess_2235,739,phone,2025-07-19T22:08:17
sess_2236,740,tablet,2025-06-15T16:08:53
sess_2237,740,tablet,2025-11-11T09:47:49
sess_2238,740,laptop,2025-07-03T16:29:42
sess_2239,740,tablet,2025-08-06T06:45:00
sess_2240,741,laptop,2025-07-29T19:25:12
sess_2241,741,laptop,2025-06-27T07:19:57
sess_2242,742,tablet,2025-06-29T01:11:15
sess_2243,743,tablet,2025-10-13T13:00:22
sess_2244,743,phone,2025-09-22T05:05:03
sess_2245,744,tablet,2025-08-17T12:01:36
sess_2246,744,tablet,2025-07-31T05:42:05
sess_2247,744,laptop,2025-06-13T03:59:05
sess_2248,744,phone,2025-09-06T00:20:24
sess_2249,745,laptop,2025-07-17T17:18:39
sess_2250,745,laptop,2025-11-27T01:40:00
sess_2251,745,phone,2025-11-20T13:56:01
sess_2252,745,tablet,2025-10-12T15:57:10
sess_2253,745,phone,2025-06-02T11:25:20
sess_2254,746,tablet,2025-08-18T20:43:26
sess_2255,746,laptop,2025-06-07T02:31:54
sess_2256,746,tablet,2025-10-02T03:53:01
sess_2257,747,tablet,2025-09-05T08:49:33
sess_2258,747,tablet,2025-10-09T13:49:16
sess_2259,747,phone,2025-10-20T19:13:32
sess_2260,748,laptop,2025-07-30T21:33:19
sess_2261,748,phone,2025-09-25T21:17:34
sess_2262,748,tablet,2025-07-15T06:32:21
sess_2263,748,tablet,2025-09-27T15:29:53
sess_2264,748,tablet,2025-08-25T23:20:07
sess_2265,749,laptop,2025-09-03T17:58:38
sess_2266,749,tablet,2025-09-29T09:30:21
sess_2267,749,tablet,2025-07-04T06:53:39
sess_2268,749,laptop,2025-11-11T14:01:30
sess_2269,749,tablet,2025-07-17T00:48:27
sess_2270,750,phone,2025-06-19T16:48:17
sess_2271,750,phone,2025-11-17T20:54:23
sess_2272,750,laptop,2025-06-20T01:52:03
sess_2273,750,tablet,2025-09-22T21:28:34
sess_2274,750,laptop,2025-06-03T03:31:37
sess_2275,751,laptop,2025-06-11T15:10:36
sess_2276,752,laptop,2025-09-11T18:29:17
sess_2277,752,tablet,2025-11-09T00:19:28
sess_2278,753,phone,2025-09-14T10:02:16
sess_2279,753,tablet,2025-11-07T21:59:58
sess_2280,754,phone,2025-11-05T06:40:59
sess_2281,754,laptop,2025-06-13T14:52:45
sess_2282,754,tablet,2025-11-19T14:34:41
sess_2283,754,tablet,2025-07-14T01:34:57
sess_2284,754,tablet,2025-08-11T09:51:31
sess_2285,755,tablet,2025-08-03T19:34:44
sess_2286,755,phone,2025-08-22T08:14:45
sess_2287,756,laptop,2025-11-04T13:45:15
sess_2288,757,laptop,2025-07-08T19:11:39
sess_2289,757,phone,2025-08-22T15:52:04
sess_2290,757,phone,2025-10-23T17:09:49
sess_2291,758,laptop,2025-10-28T06:54:56
sess_2292,758,phone,2025-11-18T01:54:02
sess_2293,758,tablet,2025-10-06T03:16:42
sess_2294,758,laptop,2025-07-01T15:06:43
sess_2295,759,phone,2025-09-16T10:46:00
sess_2296,759,laptop,2025-11-16T02:31:07
sess_2297,759,tablet,2025-10-15T11:43:55
sess_2298,760,tablet,2025-10-10T20:11:15
sess_2299,760,tablet,2025-06-30T21:56:02
sess_2300,761,laptop,2025-06-20T23:11:39
sess_2301,761,phone,2025-08-22T21:37:46
sess_2302,761,phone,2025-08-24T12:23:30
sess_2303,762,laptop,2025-11-24T17:21:12
sess_2304,762,phone,2025-07-28T02:47:25
sess_2305,762,laptop,2025-09-27T09:27:23
sess_2306,762,tablet,2025-09-18T11:00:14
sess_2307,762,phone,2025-09-01T01:28:05
sess_2308,763,phone,2025-06-17T11:07:26
sess_2309,763,phone,2025-10-17T18:38:59
sess_2310,764,laptop,2025-11-20T23:14:48
sess_2311,764,phone,2025-07-19T01:39:38
sess_2312,764,phone,2025-08-28T05:17:26
sess_2313,765,laptop,2025-06-21T21:40:57
sess_2314,765,phone,2025-06-20T22:28:15
sess_2315,765,tablet,2025-06-19T14:19:18
sess_2316,766,phone,2025-06-15T14:25:23
sess_2317,766,laptop,2025-08-23T04:26:26
sess_2318,766,tablet,2025-11-14T20:07:15
sess_2319,766,phone,2025-06-13T05:40:22
sess_2320,767,laptop,2025-07-14T18:08:48
sess_2321,767,laptop,2025-09-03T00:48:12
sess_2322,767,tablet,2025-06-20T20:21:34
sess_2323,767,tablet,2025-10-11T19:28:30
sess_2324,768,tablet,2025-06-14T23:39:24
sess_2325,768,tablet,2025-09-15T04:56:08
sess_2326,768,phone,2025-09-05T00:14:43
sess_2327,769,tablet,2025-08-19T03:48:03
sess_2328,769,tablet,2025-08-30T00:19:00
sess_2329,769,tablet,2025-07-12T04:26:09
sess_2330,770,tablet,2025-06-04T01:58:02
sess_2331,770,laptop,2025-10-22T15:42:25
sess_2332,770,tablet,2025-07-24T03:45:36
sess_2333,770,phone,2025-06-10T05:37:31
sess_2334,771,tablet,2025-08-14T00:06:18
sess_2335,771,laptop,2025-10-14T21:23:13
sess_2336,772,tablet,2025-08-11T06:40:25
sess_2337,772,tablet,2025-06-20T20:19:34
sess_2338,772,laptop,2025-08-19T04:00:18
sess_2339,772,laptop,2025-10-28T13:51:21
sess_2340,772,phone,2025-09-26T20:56:30
sess_2341,773,laptop,2025-06-08T10:47:03
sess_2342,773,phone,2025-09-21T10:13:14
sess_2343,773,laptop,2025-10-12T06:13:35
sess_2344,773,tablet,2025-07-12T08:16:27
sess_2345,774,phone,2025-08-28T21:31:08
sess_2346,775,phone,2025-07-18T01:13:35
sess_2347,776,phone,2025-11-25T19:08:14
sess_2348,776,tablet,2025-09-02T17:41:59
sess_2349,776,tablet,2025-07-27T16:32:15
sess_2350,776,phone,2025-06-14T04:30:33
sess_2351,777,phone,2025-07-16T01:34:56
sess_2352,777,laptop,2025-11-25T15:39:25
sess_2353,777,laptop,2025-07-31T19:59:38
sess_2354,777,tablet,2025-09-09T18:41:46
sess_2355,777,tablet,2025-07-23T01:13:49
sess_2356,778,laptop,2025-08-21T01:28:32
sess_2357,778,laptop,2025-09-19T04:14:21
sess_2358,778,tablet,2025-07-26T02:23:08
sess_2359,778,tablet,2025-10-25T11:49:48
sess_2360,778,phone,2025-08-05T23:41:14
sess_2361,779,laptop,2025-11-18T19:51:44
sess_2362,779,phone,2025-11-16T01:56:56
sess_2363,779,tablet,2025-08-17T01:05:56
sess_2364,780,tablet,2025-06-25T12:05:44
sess_2365,781,laptop,2025-10-04T09:13:58
sess_2366,781,tablet,2025-06-30T04:07:30
sess_2367,781,laptop,2025-07-18T23:13:37
sess_2368,781,laptop,2025-07-28T02:02:55
sess_2369,781,laptop,2025-09-10T17:38:26
sess_2370,782,tablet,2025-07-22T03:25:40
sess_2371,782,phone,2025-09-21T22:39:18
sess_2372,782,tablet,2025-06-23T11:23:46
sess_2373,782,phone,2025-07-22T22:41:11
sess_2374,782,tablet,2025-10-08T10:59:41
sess_2375,783,tablet,2025-08-17T13:07:12
sess_2376,783,laptop,2025-09-12T14:04:53
sess_2377,784,tablet,2025-10-10T14:05:03
sess_2378,785,laptop,2025-06-11T05:38:14
sess_2379,785,tablet,2025-09-30T23:23:28
sess_2380,785,phone,2025-06-07T14:19:16
sess_2381,785,phone,2025-08-30T09:13:50
sess_2382,785,phone,2025-08-12T17:06:59
sess_2383,786,tablet,2025-06-19T02:59:58
sess_2384,786,phone,2025-10-05T21:21:44
sess_2385,787,phone,2025-08-11T05:29:23
sess_2386,787,tablet,2025-06-28T21:38:43
sess_2387,788,phone,2025-11-25T03:15:14
sess_2388,788,phone,2025-08-09T00:35:57
sess_2389,788,laptop,2025-07-02T01:17:54
sess_2390,788,phone,2025-10-28T21:31:30
sess_2391,789,laptop,2025-07-05T21:33:26
sess_2392,789,laptop,2025-07-06T11:25:41
sess_2393,789,phone,2025-10-31T18:57:28
sess_2394,789,laptop,2025-07-19T12:32:48
sess_2395,789,tablet,2025-09-07T12:58:46
sess_2396,790,phone,2025-11-21T06:49:07
sess_2397,790,phone,2025-11-16T03:21:44
sess_2398,791,tablet,2025-07-16T00:52:56
sess_2399,791,phone,2025-10-26T20:59:24
sess_2400,792,phone,2025-11-20T19:57:55
sess_2401,792,phone,2025-06-05T18:14:08
sess_2402,792,laptop,2025-07-07T15:04:22
sess_2403,792,phone,2025-11-26T01:08:02
sess_2404,793,laptop,2025-09-29T12:56:09
sess_2405,793,laptop,2025-08-07T22:03:58
sess_2406,793,phone,2025-06-04T06:37:00
sess_2407,793,laptop,2025-10-13T19:53:53
sess_2408,793,phone,2025-10-03T06:00:58
sess_2409,794,laptop,2025-09-24T05:14:14
sess_2410,794,laptop,2025-08-27T06:56:54
sess_2411,794,tablet,2025-07-15T23:46:25
sess_2412,794,phone,2025-08-01T03:35:43
sess_2413,795,tablet,2025-07-06T16:37:43
sess_2414,795,laptop,2025-07-07T18:24:36
sess_2415,796,tablet,2025-08-10T16:18:21
sess_2416,796,tablet,2025-09-04T14:32:28
sess_2417,796,tablet,2025-10-01T06:15:45
sess_2418,797,phone,2025-06-29T19:58:33
sess_2419,797,tablet,2025-08-25T04:37:35
sess_2420,797,laptop,2025-06-06T07:06:16
sess_2421,798,tablet,2025-10-15T18:04:30
sess_2422,798,phone,2025-09-01T21:54:04
sess_2423,798,tablet,2025-10-07T03:46:58
sess_2424,798,phone,2025-06-10T16:11:49
sess_2425,798,laptop,2025-08-04T00:58:25
sess_2426,799,tablet,2025-08-09T19:43:51
sess_2427,800,tablet,2025-09-09T05:59:02
sess_2428,800,phone,2025-09-01T12:06:09
sess_2429,801,phone,2025-09-12T14:37:26
sess_2430,801,laptop,2025-06-25T23:02:30
sess_2431,801,laptop,2025-07-26T00:52:24
sess_2432,801,tablet,2025-07-06T14:28:10
sess_2433,801,phone,2025-11-02T21:56:45
sess_2434,802,phone,2025-06-17T01:45:19
sess_2435,802,tablet,2025-10-31T19:23:11
sess_2436,802,phone,2025-07-13T12:04:13
sess_2437,803,phone,2025-07-25T09:51:01
sess_2438,803,tablet,2025-06-16T12:08:29
sess_2439,803,laptop,2025-06-03T11:21:57
sess_2440,804,phone,2025-08-15T01:04:48
sess_2441,804,phone,2025-09-30T19:18:20
sess_2442,805,phone,2025-07-28T03:31:40
sess_2443,806,tablet,2025-09-02T23:57:15
sess_2444,806,phone,2025-10-29T08:33:46
sess_2445,807,tablet,2025-11-17T17:25:47
sess_2446,807,laptop,2025-06-22T00:38:00
sess_2447,808,tablet,2025-09-14T10:39:20
sess_2448,808,phone,2025-08-12T08:37:22
sess_2449,808,phone,2025-08-23T10:25:09
sess_2450,809,tablet,2025-07-19T15:28:14
sess_2451,809,laptop,2025-10-20T23:31:45
sess_2452,809,laptop,2025-09-23T15:18:11
sess_2453,809,phone,2025-07-22T01:25:00
sess_2454,809,laptop,2025-09-11T04:01:10
sess_2455,810,laptop,2025-11-09T14:00:19
sess_2456,810,phone,2025-06-10T22:12:27
sess_2457,810,laptop,2025-10-10T23:28:23
sess_2458,810,phone,2025-06-02T08:57:25
sess_2459,811,laptop,2025-10-31T03:16:33
sess_2460,811,phone,2025-06-10T09:35:24
sess_2461,811,tablet,2025-06-04T21:29:47
sess_2462,811,tablet,2025-11-17T08:40:09
sess_2463,811,laptop,2025-06-11T18:34:45
sess_2464,812,phone,2025-09-04T21:54:02
sess_2465,812,tablet,2025-06-26T06:16:36
sess_2466,813,tablet,2025-07-11T16:00:49
sess_2467,813,phone,2025-09-06T01:20:40
sess_2468,814,phone,2025-06-25T16:49:17
sess_2469,814,phone,2025-09-02T09:53:28
sess_2470,815,tablet,2025-06-07T10:49:29
sess_2471,815,laptop,2025-09-20T05:32:13
sess_2472,815,tablet,2025-08-24T12:21:04
sess_2473,816,tablet,2025-10-18T07:13:53
sess_2474,816,phone,2025-07-05T22:03:37
sess_2475,817,laptop,2025-06-21T15:10:09
sess_2476,817,laptop,2025-10-01T00:37:17
sess_2477,817,laptop,2025-09-07T02:29:45
sess_2478,818,laptop,2025-06-22T01:44:24
sess_2479,818,tablet,2025-10-17T14:00:41
sess_2480,818,tablet,2025-09-26T02:28:07
sess_2481,819,tablet,2025-08-22T06:39:32
sess_2482,819,phone,2025-07-17T11:55:20
sess_2483,819,phone,2025-07-12T20:47:39
sess_2484,819,tablet,2025-07-29T15:38:57
sess_2485,820,phone,2025-06-17T06:13:30
sess_2486,820,phone,2025-07-15T22:16:43
sess_2487,821,phone,2025-09-06T10:39:34
sess_2488,821,tablet,2025-09-01T05:52:44
sess_2489,821,laptop,2025-09-08T13:44:01
sess_2490,821,laptop,2025-07-10T11:18:55
sess_2491,821,laptop,2025-08-25T17:05:14
sess_2492,822,laptop,2025-11-16T20:48:35
sess_2493,823,laptop,2025-08-06T08:24:24
sess_2494,823,tablet,2025-07-25T11:10:47
sess_2495,823,phone,2025-11-19T17:18:29
sess_2496,823,tablet,2025-08-30T01:16:20
sess_2497,824,laptop,2025-10-27T01:07:21
sess_2498,824,phone,2025-08-22T06:44:48
sess_2499,824,laptop,2025-08-12T10:23:44
sess_2500,825,laptop,2025-09-21T06:54:21
sess_2501,825,phone,2025-09-12T18:56:17
sess_2502,825,laptop,2025-08-05T02:46:52
sess_2503,826,phone,2025-09-25T15:24:48
sess_2504,827,phone,2025-11-18T23:27:32
sess_2505,827,phone,2025-09-28T03:06:39
sess_2506,827,tablet,2025-09-01T18:54:12
sess_2507,828,tablet,2025-11-09T21:14:55
sess_2508,828,phone,2025-08-14T23:49:18
sess_2509,828,tablet,2025-08-04T12:41:56
sess_2510,828,tablet,2025-07-11T17:27:25
sess_2511,829,phone,2025-09-25T05:00:07
sess_2512,829,laptop,2025-11-18T15:44:15
sess_2513,829,phone,2025-08-25T10:50:36
sess_2514,829,tablet,2025-07-23T20:10:41
sess_2515,829,laptop,2025-09-27T11:36:18
sess_2516,830,phone,2025-08-15T16:19:38
sess_2517,831,laptop,2025-08-03T09:16:25
sess_2518,831,tablet,2025-11-26T18:07:51
sess_2519,831,laptop,2025-07-22T21:53:13
sess_2520,832,tablet,2025-11-08T12:35:00
sess_2521,832,tablet,2025-09-21T11:03:52
sess_2522,832,tablet,2025-11-12T17:54:00
sess_2523,833,phone,2025-06-17T01:28:15
sess_2524,833,phone,2025-07-18T14:15:55
sess_2525,833,tablet,2025-09-21T01:39:16
sess_2526,834,tablet,2025-11-05T17:29:31
sess_2527,834,tablet,2025-06-30T02:12:20
sess_2528,834,phone,2025-08-03T22:34:43
sess_2529,834,laptop,2025-06-08T01:29:26
sess_2530,834,phone,2025-10-24T02:57:24
sess_2531,835,laptop,2025-08-21T17:48:50
sess_2532,835,laptop,2025-11-23T23:54:13
sess_2533,836,laptop,2025-11-23T12:32:10
sess_2534,836,tablet,2025-09-26T03:26:37
sess_2535,837,tablet,2025-10-04T11:31:06
sess_2536,837,tablet,2025-09-01T11:14:25
sess_2537,837,laptop,2025-07-29T19:39:43
sess_2538,837,phone,2025-09-27T01:28:01
sess_2539,837,phone,2025-08-17T10:13:18
sess_2540,838,phone,2025-09-05T21:50:44
sess_2541,838,phone,2025-09-16T19:07:33
sess_2542,838,phone,2025-07-09T06:03:41
sess_2543,839,laptop,2025-09-15T02:11:37
sess_2544,839,laptop,2025-11-03T07:42:05
sess_2545,840,laptop,2025-07-15T23:21:08
sess_2546,840,phone,2025-08-13T10:59:04
sess_2547,840,phone,2025-09-10T02:16:15
sess_2548,840,laptop,2025-10-29T23:15:10
sess_2549,840,laptop,2025-07-28T22:51:49
sess_2550,841,phone,2025-06-16T07:01:32
sess_2551,841,tablet,2025-07-29T06:09:14
sess_2552,842,tablet,2025-11-14T03:09:23
sess_2553,842,tablet,2025-09-15T19:00:58
sess_2554,842,laptop,2025-09-02T02:05:58
sess_2555,843,laptop,2025-06-04T13:06:22
sess_2556,843,tablet,2025-07-16T05:26:47
sess_2557,843,phone,2025-10-22T18:06:26
sess_2558,843,laptop,2025-08-26T21:39:09
sess_2559,844,phone,2025-07-07T23:41:48
sess_2560,844,tablet,2025-11-21T21:05:29
sess_2561,844,tablet,2025-08-12T21:56:04
sess_2562,844,tablet,2025-08-20T09:06:56
sess_2563,844,phone,2025-09-17T18:54:05
sess_2564,845,phone,2025-08-25T11:23:02
sess_2565,846,phone,2025-08-24T15:55:03
sess_2566,846,tablet,2025-11-08T03:03:59
sess_2567,846,phone,2025-09-30T08:43:39
sess_2568,847,tablet,2025-10-16T00:33:33
sess_2569,847,laptop,2025-07-10T23:44:55
sess_2570,847,phone,2025-10-19T19:31:39
sess_2571,847,phone,2025-06-23T12:43:23
sess_2572,848,tablet,2025-10-19T05:52:57
sess_2573,848,laptop,2025-11-12T05:27:27
sess_2574,849,phone,2025-07-16T21:31:41
sess_2575,850,phone,2025-07-03T19:30:24
sess_2576,850,tablet,2025-07-16T19:44:05
sess_2577,851,laptop,2025-08-12T10:15:05
sess_2578,851,laptop,2025-11-08T21:45:17
sess_2579,851,phone,2025-09-09T20:41:46
sess_2580,851,tablet,2025-11-20T02:47:41
sess_2581,851,tablet,2025-07-11T01:04:50
sess_2582,852,laptop,2025-11-18T14:54:42
sess_2583,852,phone,2025-10-17T05:26:36
sess_2584,852,laptop,2025-09-03T05:14:25
sess_2585,852,phone,2025-09-29T04:14:45
sess_2586,853,laptop,2025-11-25T08:11:03
sess_2587,853,tablet,2025-08-26T09:07:49
sess_2588,853,phone,2025-07-15T10:34:58
sess_2589,853,tablet,2025-10-26T22:26:03
sess_2590,854,phone,2025-10-28T14:36:15
sess_2591,854,phone,2025-08-22T02:49:03
sess_2592,854,phone,2025-11-08T02:51:07
sess_2593,854,phone,2025-09-07T00:48:05
sess_2594,854,laptop,2025-09-09T01:53:25
sess_2595,855,phone,2025-07-31T00:37:50
sess_2596,855,tablet,2025-07-17T13:56:18
sess_2597,855,tablet,2025-09-05T16:09:49
sess_2598,855,phone,2025-07-22T10:05:03
sess_2599,856,phone,2025-11-17T20:59:39
sess_2600,857,tablet,2025-06-26T23:12:40
sess_2601,858,tablet,2025-10-01T00:45:49
sess_2602,858,tablet,2025-10-24T21:53:14
sess_2603,859,phone,2025-11-01T07:27:11
sess_2604,859,tablet,2025-11-25T04:05:54
sess_2605,859,tablet,2025-06-26T23:51:47
sess_2606,859,tablet,2025-11-03T22:11:14
sess_2607,859,phone,2025-07-24T20:12:41
sess_2608,860,phone,2025-06-14T14:30:26
sess_2609,860,phone,2025-09-23T21:38:30
sess_2610,860,tablet,2025-11-26T02:48:41
sess_2611,860,phone,2025-06-05T21:15:45
sess_2612,860,tablet,2025-09-19T11:17:43
sess_2613,861,phone,2025-09-04T14:31:28
sess_2614,861,tablet,2025-06-16T11:59:00
sess_2615,861,phone,2025-08-31T09:47:11
sess_2616,861,laptop,2025-09-17T20:00:27
sess_2617,862,laptop,2025-08-24T03:43:44
sess_2618,863,laptop,2025-10-24T15:41:47
sess_2619,864,phone,2025-10-19T06:00:20
sess_2620,864,tablet,2025-10-22T16:50:42
sess_2621,864,tablet,2025-07-02T08:18:56
sess_2622,865,laptop,2025-07-13T17:38:42
sess_2623,866,laptop,2025-09-06T20:56:00
sess_2624,866,laptop,2025-10-03T23:06:21
sess_2625,866,tablet,2025-08-14T04:32:44
sess_2626,866,laptop,2025-10-10T09:38:55
sess_2627,866,phone,2025-08-29T22:03:28
sess_2628,867,phone,2025-08-20T10:29:25
sess_2629,867,phone,2025-07-23T16:03:39
sess_2630,867,laptop,2025-07-04T08:35:32
sess_2631,868,laptop,2025-11-15T16:06:56
sess_2632,868,tablet,2025-06-03T01:04:18
sess_2633,868,tablet,2025-07-12T23:42:38
sess_2634,868,tablet,2025-10-18T03:23:34
sess_2635,869,tablet,2025-09-15T02:28:57
sess_2636,869,laptop,2025-08-12T21:00:14
sess_2637,869,laptop,2025-10-05T00:01:28
sess_2638,869,tablet,2025-06-17T12:03:25
sess_2639,869,laptop,2025-08-23T01:11:42
sess_2640,870,laptop,2025-08-17T11:44:45
sess_2641,871,tablet,2025-07-15T03:05:25
sess_2642,871,tablet,2025-09-14T06:36:17
sess_2643,872,phone,2025-06-02T07:49:52
sess_2644,872,phone,2025-06-05T03:57:15
sess_2645,873,tablet,2025-07-07T11:55:39
sess_2646,873,phone,2025-06-04T07:40:12
sess_2647,873,tablet,2025-06-20T15:08:01
sess_2648,873,tablet,2025-06-02T17:33:01
sess_2649,874,laptop,2025-09-08T19:26:16
sess_2650,874,phone,2025-07-02T22:07:07
sess_2651,874,tablet,2025-06-05T11:36:48
sess_2652,874,tablet,2025-07-11T12:37:45
sess_2653,875,phone,2025-09-17T23:10:53
sess_2654,875,tablet,2025-08-14T19:11:36
sess_2655,875,tablet,2025-07-21T05:07:22
sess_2656,876,laptop,2025-09-11T01:41:50
sess_2657,876,tablet,2025-09-21T10:39:27
sess_2658,876,tablet,2025-08-11T23:54:09
sess_2659,876,laptop,2025-06-12T06:07:44
sess_2660,877,laptop,2025-06-08T16:03:50
sess_2661,878,tablet,2025-06-12T22:48:39
sess_2662,878,tablet,2025-11-19T07:47:35
sess_2663,878,tablet,2025-11-06T15:24:13
sess_2664,879,laptop,2025-05-31T13:51:23
sess_2665,880,phone,2025-07-18T07:14:41
sess_2666,880,laptop,2025-11-22T15:26:09
sess_2667,880,tablet,2025-11-12T18:20:40
sess_2668,880,laptop,2025-11-02T15:52:44
sess_2669,880,phone,2025-10-13T22:35:44
sess_2670,881,tablet,2025-09-05T18:25:41
sess_2671,881,laptop,2025-10-30T20:35:59
sess_2672,881,phone,2025-06-21T23:39:55
sess_2673,881,phone,2025-08-22T02:22:29
sess_2674,882,laptop,2025-06-02T09:47:56
sess_2675,882,laptop,2025-06-19T23:59:06
sess_2676,883,tablet,2025-09-05T04:24:38
sess_2677,883,tablet,2025-08-24T11:29:29
sess_2678,883,tablet,2025-11-24T07:19:45
sess_2679,884,laptop,2025-10-07T22:30:30
sess_2680,884,laptop,2025-08-28T00:17:03
sess_2681,884,phone,2025-07-29T20:15:33
sess_2682,884,tablet,2025-10-07T22:46:56
sess_2683,885,laptop,2025-10-31T00:11:29
sess_2684,885,tablet,2025-08-11T03:54:07
sess_2685,885,phone,2025-07-13T23:11:35
sess_2686,885,laptop,2025-06-11T17:49:20
sess_2687,886,tablet,2025-10-19T19:26:26
sess_2688,886,laptop,2025-07-26T15:31:05
sess_2689,886,tablet,2025-06-12T15:21:25
sess_2690,886,tablet,2025-10-15T09:26:46
sess_2691,887,phone,2025-06-18T06:50:33
sess_2692,887,tablet,2025-09-20T02:36:06
sess_2693,887,tablet,2025-10-23T18:10:39
sess_2694,888,tablet,2025-11-12T13:59:36
sess_2695,888,tablet,2025-11-26T14:18:04
sess_2696,888,tablet,2025-10-19T02:48:41
sess_2697,888,tablet,2025-08-17T14:43:05
sess_2698,888,laptop,2025-10-04T07:08:12
sess_2699,889,laptop,2025-06-21T05:34:17
sess_2700,889,laptop,2025-10-24T03:31:21
sess_2701,890,tablet,2025-11-07T20:19:55
sess_2702,890,laptop,2025-08-25T02:28:01
sess_2703,890,phone,2025-06-05T17:22:28
sess_2704,891,phone,2025-08-27T03:22:49
sess_2705,891,laptop,2025-07-06T20:03:22
sess_2706,891,phone,2025-08-15T17:32:51
sess_2707,891,tablet,2025-11-12T20:11:47
sess_2708,892,tablet,2025-08-12T01:01:35
sess_2709,892,phone,2025-11-11T21:13:28
sess_2710,892,tablet,2025-11-20T08:07:49
sess_2711,893,laptop,2025-10-31T12:40:29
sess_2712,893,tablet,2025-06-03T10:45:57
sess_2713,893,laptop,2025-08-30T15:43:24
sess_2714,893,phone,2025-06-18T17:06:38
sess_2715,893,laptop,2025-08-26T02:29:48
sess_2716,894,laptop,2025-08-28T08:23:26
sess_2717,894,phone,2025-11-10T18:26:20
sess_2718,894,laptop,2025-08-05T09:39:46
sess_2719,894,laptop,2025-07-13T23:20:24
sess_2720,894,phone,2025-07-22T07:40:10
sess_2721,895,tablet,2025-07-22T22:28:37
sess_2722,896,tablet,2025-09-16T12:56:12
sess_2723,896,laptop,2025-11-11T22:52:02
sess_2724,896,phone,2025-06-03T08:58:21
sess_2725,896,tablet,2025-07-11T10:30:48
sess_2726,897,tablet,2025-11-12T05:51:59
sess_2727,898,laptop,2025-06-23T20:52:47
sess_2728,898,tablet,2025-09-28T20:45:54
sess_2729,898,tablet,2025-10-11T05:31:28
sess_2730,899,laptop,2025-10-11T06:16:26
sess_2731,899,laptop,2025-08-29T01:11:15
sess_2732,899,tablet,2025-09-24T06:04:07
sess_2733,899,phone,2025-10-07T01:01:37
sess_2734,899,laptop,2025-10-22T09:59:51
sess_2735,900,laptop,2025-06-30T21:00:25
sess_2736,900,laptop,2025-10-07T01:06:15
sess_2737,900,laptop,2025-10-03T15:24:59
sess_2738,900,laptop,2025-09-13T15:15:25
sess_2739,901,laptop,2025-11-11T09:33:21
sess_2740,901,tablet,2025-09-24T16:37:43
sess_2741,901,tablet,2025-09-23T20:23:10
sess_2742,902,tablet,2025-08-21T12:53:46
sess_2743,903,tablet,2025-11-03T06:55:56
sess_2744,903,tablet,2025-08-17T14:49:14
sess_2745,904,phone,2025-06-04T20:33:57
sess_2746,904,phone,2025-08-25T13:36:36
sess_2747,904,laptop,2025-10-04T00:03:02
sess_2748,904,laptop,2025-06-19T23:42:56
sess_2749,904,tablet,2025-10-20T20:03:56
sess_2750,905,laptop,2025-11-17T17:58:50
sess_2751,906,phone,2025-11-20T05:49:18
sess_2752,906,phone,2025-07-04T14:36:48
sess_2753,907,laptop,2025-09-04T09:13:22
sess_2754,907,laptop,2025-09-20T17:15:43
sess_2755,907,phone,2025-09-10T15:01:37
sess_2756,907,laptop,2025-08-04T16:52:14
sess_2757,908,tablet,2025-10-03T23:45:20
sess_2758,909,tablet,2025-08-17T17:07:47
sess_2759,909,tablet,2025-09-05T12:02:26
sess_2760,909,laptop,2025-06-25T04:52:19
sess_2761,909,phone,2025-08-05T12:45:58
sess_2762,910,phone,2025-08-22T05:28:57
sess_2763,910,tablet,2025-11-17T05:49:29
sess_2764,910,phone,2025-07-02T13:15:29
sess_2765,910,phone,2025-11-25T20:40:08
sess_2766,911,laptop,2025-10-30T22:47:15
sess_2767,911,tablet,2025-10-09T21:24:19
sess_2768,911,laptop,2025-09-11T09:27:30
sess_2769,911,phone,2025-09-20T22:14:07
sess_2770,912,tablet,2025-11-09T22:30:49
sess_2771,912,tablet,2025-08-25T17:23:38
sess_2772,912,tablet,2025-09-23T16:37:06
sess_2773,912,phone,2025-09-19T19:52:29
sess_2774,913,laptop,2025-06-13T17:22:24
sess_2775,914,phone,2025-07-10T09:59:18
sess_2776,914,phone,2025-07-31T16:03:40
sess_2777,914,phone,2025-08-12T21:56:13
sess_2778,914,phone,2025-06-19T17:47:31
sess_2779,914,tablet,2025-09-23T16:20:23
sess_2780,915,laptop,2025-11-22T14:07:37
sess_2781,916,laptop,2025-10-20T09:15:36
sess_2782,916,laptop,2025-09-29T16:46:55
sess_2783,916,phone,2025-10-31T04:52:39
sess_2784,917,tablet,2025-07-16T00:59:37
sess_2785,917,phone,2025-10-03T16:02:03
sess_2786,918,tablet,2025-09-26T01:57:12
sess_2787,918,phone,2025-10-26T17:09:15
sess_2788,918,laptop,2025-09-11T17:39:25
sess_2789,918,phone,2025-10-11T14:13:35
sess_2790,918,phone,2025-11-12T14:50:05
sess_2791,919,phone,2025-07-17T21:27:25
sess_2792,919,phone,2025-07-29T11:03:57
sess_2793,919,laptop,2025-11-11T20:17:58
sess_2794,919,phone,2025-06-06T07:11:51
sess_2795,919,laptop,2025-08-17T18:27:50
sess_2796,920,phone,2025-08-01T16:04:51
sess_2797,920,laptop,2025-06-21T18:03:05
sess_2798,920,phone,2025-10-19T14:18:29
sess_2799,920,phone,2025-06-02T05:57:31
sess_2800,920,phone,2025-07-25T13:27:46
sess_2801,921,phone,2025-11-24T20:08:00
sess_2802,921,laptop,2025-09-03T23:47:43
sess_2803,921,laptop,2025-06-06T11:00:26
sess_2804,922,tablet,2025-08-06T21:51:47
sess_2805,922,tablet,2025-08-02T08:42:00
sess_2806,922,phone,2025-11-12T15:11:50
sess_2807,922,phone,2025-08-27T16:52:57
sess_2808,922,tablet,2025-09-07T06:17:50
sess_2809,923,laptop,2025-07-25T19:36:24
sess_2810,923,tablet,2025-08-24T04:37:26
sess_2811,923,tablet,2025-11-08T17:28:54
sess_2812,923,laptop,2025-08-03T23:56:46
sess_2813,923,tablet,2025-10-10T03:02:14
sess_2814,924,tablet,2025-07-21T22:20:02
sess_2815,924,tablet,2025-06-01T16:20:15
sess_2816,924,laptop,2025-06-09T08:11:35
sess_2817,925,tablet,2025-09-11T12:56:01
sess_2818,925,tablet,2025-08-05T13:50:53
sess_2819,926,tablet,2025-08-28T08:10:24
sess_2820,926,phone,2025-06-10T07:06:41
sess_2821,926,tablet,2025-08-02T23:53:35
sess_2822,926,laptop,2025-11-22T05:54:00
sess_2823,926,tablet,2025-07-03T01:06:23
sess_2824,927,tablet,2025-06-15T11:16:41
sess_2825,927,laptop,2025-06-30T19:24:35
sess_2826,927,tablet,2025-10-01T09:46:15
sess_2827,927,tablet,2025-07-27T05:36:56
sess_2828,928,laptop,2025-11-13T14:44:27
sess_2829,929,phone,2025-09-04T09:53:36
sess_2830,929,phone,2025-08-11T00:06:22
sess_2831,930,phone,2025-07-16T02:20:01
sess_2832,930,phone,2025-09-02T06:08:07
sess_2833,931,phone,2025-11-15T22:21:33
sess_2834,931,phone,2025-06-22T04:48:25
sess_2835,931,laptop,2025-09-02T15:42:52
sess_2836,931,laptop,2025-11-07T00:02:59
sess_2837,931,phone,2025-08-26T15:14:44
sess_2838,932,phone,2025-07-18T17:36:00
sess_2839,932,phone,2025-09-09T19:50:15
sess_2840,933,phone,2025-10-25T09:42:22
sess_2841,933,laptop,2025-07-22T05:59:19
sess_2842,933,phone,2025-07-19T05:02:17
sess_2843,933,tablet,2025-09-22T05:13:27
sess_2844,933,laptop,2025-09-15T01:39:07
sess_2845,934,laptop,2025-07-21T20:34:54
sess_2846,934,phone,2025-07-08T05:17:31
sess_2847,935,phone,2025-10-01T04:39:52
sess_2848,935,tablet,2025-07-23T10:09:16
sess_2849,935,tablet,2025-11-09T08:37:53
sess_2850,935,phone,2025-11-13T17:09:52
sess_2851,935,phone,2025-07-14T03:55:21
sess_2852,936,phone,2025-09-19T11:50:47
sess_2853,936,phone,2025-07-02T22:30:20
sess_2854,936,phone,2025-10-20T18:05:16
sess_2855,936,phone,2025-08-13T12:54:28
sess_2856,937,phone,2025-09-26T08:32:33
sess_2857,937,phone,2025-09-29T15:59:33
sess_2858,937,phone,2025-08-08T02:23:56
sess_2859,937,laptop,2025-08-29T11:30:11
sess_2860,937,laptop,2025-07-13T10:01:57
sess_2861,938,tablet,2025-06-15T03:48:22
sess_2862,938,phone,2025-11-09T21:40:51
sess_2863,938,laptop,2025-06-06T11:11:55
sess_2864,939,laptop,2025-10-11T02:04:27
sess_2865,940,phone,2025-10-11T11:17:12
sess_2866,940,tablet,2025-07-13T14:42:08
sess_2867,940,tablet,2025-11-14T21:05:30
sess_2868,940,tablet,2025-07-29T20:16:17
sess_2869,941,phone,2025-06-27T15:56:55
sess_2870,941,tablet,2025-07-29T09:05:44
sess_2871,942,laptop,2025-07-25T04:19:34
sess_2872,942,laptop,2025-10-22T13:20:29
sess_2873,942,tablet,2025-06-10T04:47:35
sess_2874,942,phone,2025-11-15T09:18:28
sess_2875,942,tablet,2025-11-11T21:31:52
sess_2876,943,phone,2025-09-22T05:38:38
sess_2877,943,phone,2025-07-15T07:33:02
sess_2878,943,laptop,2025-06-27T14:34:09
sess_2879,944,phone,2025-06-22T23:36:04
sess_2880,944,tablet,2025-10-04T18:59:57
sess_2881,945,laptop,2025-10-31T01:17:03
sess_2882,945,laptop,2025-09-09T09:33:50
sess_2883,946,laptop,2025-11-13T16:40:45
sess_2884,946,tablet,2025-09-24T07:40:01
sess_2885,946,laptop,2025-09-03T17:17:46
sess_2886,947,phone,2025-09-19T18:49:00
sess_2887,947,tablet,2025-09-08T20:44:01
sess_2888,948,laptop,2025-08-29T17:13:15
sess_2889,948,laptop,2025-10-27T04:16:59
sess_2890,948,laptop,2025-11-07T08:47:06
sess_2891,949,laptop,2025-11-14T22:00:18
sess_2892,949,tablet,2025-09-13T20:25:40
sess_2893,949,laptop,2025-06-25T06:05:12
sess_2894,949,phone,2025-10-01T09:20:04
sess_2895,950,laptop,2025-06-20T04:57:00
sess_2896,950,phone,2025-07-18T20:17:18
sess_2897,950,tablet,2025-08-06T00:14:24
sess_2898,950,phone,2025-10-15T14:42:29
sess_2899,951,phone,2025-07-19T16:59:18
sess_2900,951,tablet,2025-07-25T10:14:52
sess_2901,951,tablet,2025-08-29T02:13:44
sess_2902,952,phone,2025-09-10T15:41:02
sess_2903,952,phone,2025-08-31T08:21:39
sess_2904,953,phone,2025-08-22T19:18:25
sess_2905,953,laptop,2025-08-06T18:25:54
sess_2906,954,phone,2025-08-25T11:32:47
sess_2907,954,laptop,2025-11-13T19:06:36
sess_2908,954,laptop,2025-08-02T03:06:56
sess_2909,955,phone,2025-09-30T23:17:12
sess_2910,955,laptop,2025-08-09T03:57:44
sess_2911,956,tablet,2025-08-05T12:48:53
sess_2912,956,tablet,2025-07-28T10:13:39
sess_2913,956,laptop,2025-10-19T22:14:18
sess_2914,956,laptop,2025-07-30T15:13:16
sess_2915,956,tablet,2025-05-31T08:34:25
sess_2916,957,tablet,2025-07-30T10:59:19
sess_2917,957,laptop,2025-11-07T15:34:34
sess_2918,957,laptop,2025-09-29T04:16:13
sess_2919,957,laptop,2025-08-17T16:36:12
sess_2920,957,phone,2025-11-12T15:07:42
sess_2921,958,laptop,2025-07-17T13:20:09
sess_2922,958,laptop,2025-09-04T20:51:37
sess_2923,958,tablet,2025-07-11T00:42:36
sess_2924,959,phone,2025-08-27T09:26:15
sess_2925,959,phone,2025-08-25T14:41:43
sess_2926,959,laptop,2025-07-19T21:08:46
sess_2927,959,phone,2025-10-25T14:05:32
sess_2928,960,laptop,2025-07-21T03:03:33
sess_2929,960,phone,2025-09-18T00:16:35
sess_2930,961,laptop,2025-08-16T21:43:21
sess_2931,961,tablet,2025-08-17T09:07:12
sess_2932,961,tablet,2025-11-23T09:34:54
sess_2933,962,laptop,2025-09-13T14:32:16
sess_2934,962,laptop,2025-09-16T02:45:20
sess_2935,962,tablet,2025-07-26T07:52:18
sess_2936,963,tablet,2025-07-09T00:47:50
sess_2937,963,laptop,2025-07-27T00:14:40
sess_2938,963,phone,2025-06-08T06:54:51
sess_2939,963,tablet,2025-06-07T06:46:53
sess_2940,963,tablet,2025-10-13T06:29:15
sess_2941,964,laptop,2025-07-13T23:47:32
sess_2942,964,tablet,2025-09-28T14:15:21
sess_2943,964,laptop,2025-06-27T17:33:02
sess_2944,965,phone,2025-09-21T19:53:32
sess_2945,965,phone,2025-06-06T11:51:54
sess_2946,966,tablet,2025-06-29T03:58:14
sess_2947,966,phone,2025-06-07T15:02:39
sess_2948,966,laptop,2025-08-06T03:51:17
sess_2949,966,tablet,2025-11-03T03:06:03
sess_2950,966,laptop,2025-09-05T15:32:49
sess_2951,967,laptop,2025-09-03T12:13:24
sess_2952,967,laptop,2025-06-20T20:19:08
sess_2953,967,tablet,2025-07-25T20:22:36
sess_2954,967,tablet,2025-06-26T00:30:31
sess_2955,968,laptop,2025-06-17T08:21:06
sess_2956,968,laptop,2025-10-08T00:32:14
sess_2957,969,phone,2025-06-12T09:22:02
sess_2958,970,tablet,2025-09-17T17:26:18
sess_2959,970,phone,2025-06-30T16:55:39
sess_2960,970,tablet,2025-11-12T17:08:59
sess_2961,970,phone,2025-06-09T00:28:34
sess_2962,971,tablet,2025-06-05T07:33:30
sess_2963,971,laptop,2025-10-28T07:59:21
sess_2964,971,phone,2025-09-21T06:46:54
sess_2965,972,laptop,2025-06-13T05:10:20
sess_2966,972,tablet,2025-09-17T02:09:11
sess_2967,973,phone,2025-11-22T21:20:39
sess_2968,973,phone,2025-06-03T19:32:57
sess_2969,973,phone,2025-11-23T02:31:20
sess_2970,974,laptop,2025-09-03T12:57:33
sess_2971,974,phone,2025-06-11T22:15:52
sess_2972,974,laptop,2025-09-08T04:09:58
sess_2973,974,phone,2025-11-09T01:40:22
sess_2974,974,laptop,2025-09-04T20:59:38
sess_2975,975,phone,2025-08-12T09:14:13
sess_2976,975,laptop,2025-08-27T11:47:10
sess_2977,976,phone,2025-11-23T02:37:47
sess_2978,976,tablet,2025-11-25T04:04:40
sess_2979,976,phone,2025-11-10T03:09:58
sess_2980,976,phone,2025-11-14T22:45:39
sess_2981,977,phone,2025-07-25T18:19:59
sess_2982,977,phone,2025-07-06T09:14:37
sess_2983,977,phone,2025-06-11T15:15:35
sess_2984,977,phone,2025-06-28T08:07:49
sess_2985,978,phone,2025-09-23T14:30:54
sess_2986,978,laptop,2025-10-04T03:40:42
sess_2987,978,tablet,2025-10-13T18:31:51
sess_2988,979,tablet,2025-07-20T08:03:37
sess_2989,979,phone,2025-11-14T13:32:52
sess_2990,980,phone,2025-10-13T20:40:30
sess_2991,980,tablet,2025-07-13T22:47:51
sess_2992,980,phone,2025-06-16T15:50:57
sess_2993,980,tablet,2025-07-18T20:03:05
sess_2994,980,laptop,2025-10-15T10:31:03
sess_2995,981,phone,2025-10-14T20:04:47
sess_2996,981,laptop,2025-10-22T09:01:20
sess_2997,981,laptop,2025-06-15T02:51:53
sess_2998,981,tablet,2025-07-08T11:57:18
sess_2999,982,laptop,2025-07-05T21:02:59
sess_3000,982,tablet,2025-07-04T23:54:54
sess_3001,982,tablet,2025-07-23T07:25:22
sess_3002,983,tablet,2025-08-13T07:08:53
sess_3003,983,tablet,2025-10-06T14:52:47
sess_3004,983,laptop,2025-10-05T17:04:20
sess_3005,983,tablet,2025-06-07T06:37:11
sess_3006,984,tablet,2025-09-05T02:33:08
sess_3007,984,tablet,2025-07-29T02:21:12
sess_3008,984,laptop,2025-11-26T21:23:48
sess_3009,984,laptop,2025-08-14T15:14:59
sess_3010,984,phone,2025-06-05T01:35:26
sess_3011,985,tablet,2025-09-09T02:41:37
sess_3012,985,tablet,2025-09-18T14:59:16
sess_3013,986,tablet,2025-07-30T16:02:12
sess_3014,986,phone,2025-11-06T12:00:17
sess_3015,987,tablet,2025-06-10T20:13:32
sess_3016,987,tablet,2025-08-02T23:16:20
sess_3017,988,phone,2025-08-26T09:05:31
sess_3018,988,phone,2025-07-27T19:44:50
sess_3019,989,phone,2025-09-18T17:40:19
sess_3020,989,phone,2025-09-09T13:45:17
sess_3021,989,phone,2025-06-03T04:02:32
sess_3022,990,phone,2025-09-06T10:07:09
sess_3023,991,laptop,2025-07-01T07:55:17
sess_3024,991,laptop,2025-08-28T15:47:52
sess_3025,991,laptop,2025-05-30T13:26:07
sess_3026,991,laptop,2025-10-17T09:27:20
sess_3027,991,tablet,2025-06-15T04:09:51
sess_3028,992,phone,2025-09-28T00:24:28
sess_3029,992,laptop,2025-09-26T01:51:02
sess_3030,992,tablet,2025-11-20T19:14:17
sess_3031,992,phone,2025-11-18T15:52:49
sess_3032,992,laptop,2025-07-24T01:39:51
sess_3033,993,tablet,2025-07-24T02:21:37
sess_3034,993,phone,2025-06-17T11:03:06
sess_3035,993,laptop,2025-06-23T14:48:58
sess_3036,993,laptop,2025-11-09T01:50:16
sess_3037,994,tablet,2025-08-19T01:05:40
sess_3038,994,laptop,2025-10-26T21:19:28
sess_3039,995,phone,2025-06-20T16:18:16
sess_3040,995,phone,2025-07-15T08:04:40
sess_3041,995,phone,2025-06-11T17:24:33
sess_3042,995,tablet,2025-07-30T16:40:37
sess_3043,995,phone,2025-08-18T19:00:39
sess_3044,996,laptop,2025-08-21T11:35:26
sess_3045,997,phone,2025-11-09T10:58:17
sess_3046,997,laptop,2025-10-08T11:32:44
sess_3047,998,phone,2025-06-24T21:02:14
sess_3048,998,laptop,2025-08-25T18:14:09
sess_3049,998,tablet,2025-08-24T03:54:51
sess_3050,998,phone,2025-09-30T02:42:32
sess_3051,998,phone,2025-11-22T11:24:12
sess_3052,999,laptop,2025-10-31T05:46:21
sess_3053,999,tablet,2025-10-17T03:33:07
sess_3054,1000,tablet,2025-07-01T20:38:29
sess_3055,1000,tablet,2025-05-31T06:57:51
sess_3056,1000,phone,2025-08-09T10:27:33
